order,date_complete,proofreader,ai_type,final_segid,x_vox,y_vox,z_vox
1,2026-04-30,Nseraf,RBC,720575940571565121,42948,42393,1991
2,2026-04-30,Nseraf,RBC,720575940583891246,41063,40266,2004
3,2026-04-30,Andrearwen,t5o,720575940559293845,40441,41125,1977
4,2026-04-30,Nseraf,RBC,720575940562862494,39440,39733,1747
5,2026-04-30,Annkri,RBC,720575940569928225,45193,39020,2038
6,2026-04-30,Nseraf,t6,720575940569648310,42363,41854,2002
7,2026-04-30,Nseraf,t1,720575940569739102,40312,40260,1996
8,2026-04-30,Nseraf,t3a,720575940555981532,42623,42017,2030
9,2026-04-30,Andrearwen,t5t,720575940571362271,42525,41136,2009
10,2026-04-30,Nseraf,t6,720575940564497233,41641,41843,1946
11,2026-04-30,Nseraf,RBC,720575940562266859,41378,41677,2023
12,2026-04-30,Nseraf,t3b,720575940589429396,41878,42457,2013
13,2026-04-30,Nseraf,t4,720575940558440316,42151,42778,1991
14,2026-04-30,Andrearwen,t7,720575940551733143,44014,41438,1965
15,2026-04-30,Nseraf,RBC,720575940578356228,39696,39918,2015
16,2026-04-30,Nseraf,t4,720575940558588514,43605,39761,2017
17,2026-04-30,Annkri,t3a,720575940578356740,42220,39240,2038
18,2026-04-30,Nseraf,RBC,720575940565610141,42949,40014,2034
19,2026-04-30,Nseraf,RBC,720575940578355204,44609,40201,1979
20,2026-04-30,Annkri,RBC,720575940558609800,39344,39207,2031
21,2026-04-30,Annkri,RBC,720575940557057954,41763,39213,2039
22,2026-04-30,Nseraf,t4,720575940585139411,42293,40155,1830
23,2026-04-30,Annkri,t3b,720575940555409918,43018,39155,1165
24,2026-04-30,Annkri,t3b,720575940557144994,42267,39288,2034
25,2026-04-30,Nseraf,RBC,720575940561182236,42661,42046,2028
26,2026-04-30,Nseraf,RBC,720575940567828897,43729,42258,1986
27,2026-04-30,Andrearwen,t2,720575940570898201,40640,41059,1999
28,2026-04-30,Nseraf,RBC,720575940569660342,38139,39706,1997
29,2026-04-30,Nseraf,t5o,720575940569662902,43845,39626,2035
30,2026-04-30,Nseraf,t3a,720575940550572091,41654,40240,1987
31,2026-04-30,Annkri,RBC,720575940569918753,43207,39179,1950
32,2026-04-30,Nseraf,t3b,720575940579222632,42984,42387,1965
33,2026-04-30,Andrearwen,t5o,720575940551270126,54373,26891,2030
34,2026-04-30,Nseraf,t6,720575940562958668,43130,42664,2052
35,2026-04-30,Nseraf,RBC,720575940562269419,40625,40065,2018
36,2026-04-30,Nseraf,t3b,720575940564433207,41353,42166,2059
37,2026-04-30,Nseraf,XBC,720575940564872161,38890,40217,2006
38,2026-04-30,Annkri,t6,720575940577879102,38627,38988,2018
39,2026-04-30,Nseraf,RBC,720575940571363807,38533,40014,2027
40,2026-04-30,Nseraf,t3b,720575940559090648,42102,41977,2015
41,2026-04-30,Annkri,t4,720575940577872190,38974,39353,1998
42,2026-04-30,Nseraf,RBC,720575940558570338,42449,42278,2054
43,2026-04-30,Nseraf,RBC,720575940576611343,41892,42460,1986
44,2026-04-30,Andrearwen,t3b,720575940550893975,40437,41146,2038
45,2026-04-30,Nseraf,t5t,720575940558817112,42402,41691,882
46,2026-04-30,Nseraf,RBC,720575940556094718,43585,39744,2040
47,2026-04-30,Annkri,t3a,720575940561669316,38941,39257,2009
48,2026-04-30,Nseraf,t3a,720575940568325129,44699,40090,2029
49,2026-04-30,Nseraf,t3b,720575940573349279,41229,40100,1196
50,2026-04-30,Annkri,RBC,720575940557058210,41761,39135,2058
51,2026-04-30,Nseraf,RBC,720575940569659830,37984,39726,2023
52,2026-04-30,Annkri,RBC,720575940563330381,43688,38953,1577
53,2026-04-30,Nseraf,RBC,720575940558591330,40306,39612,2028
54,2026-04-30,Nseraf,RBC,720575940558588770,42386,39730,1975
55,2026-04-30,Andrearwen,RBC,720575940567973662,43045,41412,2020
56,2026-04-30,Nseraf,t3b,720575940574568765,43856,40219,2052
57,2026-04-30,Nseraf,t3a,720575940549156040,45124,39921,2062
58,2026-04-30,Nseraf,RBC,720575940569659318,43169,39791,2003
59,2026-04-30,Annkri,RBC,720575940561069489,44733,39075,2033
60,2026-04-30,Nseraf,RBC,720575940570896665,45170,40024,2031
61,2026-04-30,Nseraf,t3a,720575940577886014,38048,39726,2020
62,2026-04-30,Nseraf,t3a,720575940570894361,41050,40328,1980
63,2026-04-30,Nseraf,t1,720575940559974451,42487,42342,2017
64,2026-04-30,Nseraf,t4,720575940554721062,43821,42099,2007
65,2026-04-30,Andrearwen,RBC,720575940555420722,44313,41452,2042
66,2026-04-30,Nseraf,RBC,720575940566501917,42900,43384,2007
67,2026-04-30,Nseraf,t3b,720575940556584419,40645,40061,2016
68,2026-04-30,Annkri,RBC,720575940560119492,37004,38913,2050
69,2026-04-30,Nseraf,t6,720575940583895854,37941,39664,2036
70,2026-04-30,Nseraf,RBC,720575940556967834,42141,39862,1998
71,2026-04-30,Nseraf,t3a,720575940582929863,42585,43100,1981
72,2026-04-30,Nseraf,t3a,720575940550573115,42998,40122,1216
73,2026-04-30,Nseraf,t3b,720575940555462418,42946,40183,2028
74,2026-04-30,Nseraf,RBC,720575940566278510,42946,40208,1970
75,2026-04-30,Nseraf,RBC,720575940583850542,42524,42367,1998
76,2026-04-30,Nseraf,?,720575940583557694,40291,40431,2004
77,2026-04-30,Annkri,RBC,720575940550859927,41695,39259,1981
78,2026-04-30,Andrearwen,RBC,720575940555421234,43860,41314,2044
79,2026-04-30,Nseraf,RBC,720575940580662078,38116,39750,1995
80,2026-04-30,Andrearwen,t3a,720575940549502103,42557,41178,2014
81,2026-04-30,Nseraf,t4,720575940556582883,45050,40472,1990
82,2026-04-30,Annkri,RBC,720575940569912865,42756,39314,2035
83,2026-04-30,Nseraf,RBC,720575940569654454,42441,40445,2049
84,2026-04-30,Nseraf,t2,720575940571363295,38592,40102,2000
85,2026-04-30,Annkri,RBC,720575940561580996,37865,39118,2041
86,2026-04-30,Nseraf,RBC,720575940574569789,44729,40064,2035
87,2026-04-30,Annkri,RBC,720575940577892158,40294,39051,1993
88,2026-04-30,Nseraf,RBC,720575940557638962,43459,42112,1950
89,2026-04-30,Andrearwen,RBC,720575940569927457,45244,38637,1992
90,2026-04-30,Nseraf,t3b,720575940574540223,38700,39765,2037
91,2026-04-30,Nseraf,RBC,720575940570896409,42220,40068,1974
92,2026-04-30,Nseraf,t4,720575940558576994,41719,41881,2015
93,2026-04-30,Nseraf,t7,720575940569642166,43525,42172,1990
94,2026-04-30,Nseraf,t3b,720575940554722854,38923,40164,2021
95,2026-04-30,Nseraf,t1,720575940569649078,42383,41800,2014
96,2026-04-30,Nseraf,RBC,720575940564533408,41922,42414,2056
97,2026-04-30,Nseraf,t4,720575940570894873,40317,40226,2012
98,2026-04-30,Andrearwen,RBC,720575940572762527,40564,41060,1864
99,2026-04-30,Nseraf,RBC,720575940569659062,38946,39815,2040
100,2026-04-30,Nseraf,RBC,720575940550568763,43601,41756,2020
101,2026-04-30,Nseraf,RBC,720575940550576443,41102,39576,2026
102,2026-04-30,Nseraf,t3a,720575940558423780,44500,40156,1695
103,2026-04-30,st0ck53y,t7,720575940574569277,40623,41017,1980
104,2026-04-30,Nseraf,t5o,720575940583884590,41421,41774,1979
105,2026-04-30,Andrearwen,t6,720575940565853961,41369,41498,2054
106,2026-04-30,Nseraf,RBC,720575940555987314,38888,40260,2011
107,2026-04-30,Nseraf,RBC,720575940565609629,43284,40157,1965
108,2026-04-30,Nseraf,t6,720575940583880494,42142,41952,1971
109,2026-04-30,Andrearwen,t3a,720575940583897390,43269,41034,1974
110,2026-04-30,Andrearwen,RBC,720575940568252169,42988,41081,1974
111,2026-04-30,Andrearwen,RBC,720575940571900063,40895,41503,1995
112,2026-04-30,Nseraf,t2,720575940578343172,41857,42501,1991
113,2026-04-30,Nseraf,RBC,720575940574569021,41653,40167,1984
114,2026-04-30,Andrearwen,t3b,720575940565692169,41190,41169,2053
115,2026-04-30,Annkri,t2,720575940577869374,37857,39166,2013
116,2026-04-30,Andrearwen,t1,720575940581320344,43061,41463,2043
117,2026-04-30,Nseraf,t5o,720575940565012838,37911,39644,2056
118,2026-04-30,Nseraf,t7,720575940563795117,42106,42016,2020
119,2026-04-30,Andrearwen,t2,720575940573771679,41797,41355,2034
120,2026-04-30,Nseraf,t7,720575940554540119,41711,41913,1988
121,2026-04-30,Nseraf,t4,720575940564184104,41664,40287,1994
122,2026-04-30,Nseraf,RBC,720575940556456151,45639,39743,1976
123,2026-04-30,Nseraf,t4,720575940551446693,43937,39843,1966
124,2026-04-30,Nseraf,t4,720575940550575931,37990,39661,2003
125,2026-04-30,Andrearwen,RBC,720575940567214622,45783,38674,2015
126,2026-04-30,Nseraf,t5i,720575940569648566,42080,41845,2000
127,2026-04-30,Nseraf,t3b,720575940563512134,44269,40137,1979
128,2026-04-30,Nseraf,t2,720575940554085015,42971,42350,1925
129,2026-04-30,Nseraf,RBC,720575940565011558,40679,40092,2040
130,2026-04-30,Annkri,t5i,720575940561677508,38472,39246,2048
131,2026-04-30,Nseraf,t3b,720575940551542311,42499,42378,2013
132,2026-04-30,Nseraf,t4,720575940577886526,38027,39738,2013
133,2026-04-30,Nseraf,t4,720575940583890990,41041,40371,2051
134,2026-04-30,Nseraf,t8,720575940562266347,43482,41716,2024
135,2026-04-30,Annkri,?,720575940580631870,40649,39297,1994
136,2026-04-30,Andrearwen,RBC,720575940555420466,44340,41039,2009
137,2026-04-30,Nseraf,RBC,720575940570081392,41290,42208,2018
138,2026-04-30,Andrearwen,GluMI,720575940559826854,53439,26894,2028
139,2026-04-30,Nseraf,t3a,720575940583887150,40247,40484,1983
140,2026-04-30,Nseraf,t5i,720575940566502173,43080,42502,2043
141,2026-04-30,Annkri,t4,720575940556968090,44738,39114,2024
142,2026-04-30,Nseraf,t5i,720575940583885102,43647,41761,2006
143,2026-04-30,Nseraf,t5i,720575940570890521,42636,42042,1998
144,2026-04-30,Andrearwen,RBC,720575940567310622,42158,41307,1959
145,2026-04-30,Annkri,t8,720575940564873697,39626,39129,2008
146,2026-04-30,st0ck53y,RBC,720575940573110943,42119,41024,2021
147,2026-04-30,Nseraf,t6,720575940561844158,45122,39894,2059
148,2026-04-30,Andrearwen,t5t,720575940557496623,41182,41170,2003
149,2026-04-30,Nseraf,t3b,720575940574567741,43382,41665,2040
150,2026-04-30,Andrearwen,t3a,720575940565051148,44167,26891,1994
151,2026-04-30,Nseraf,t2,720575940555461906,41018,40301,1990
152,2026-04-30,Nseraf,t3b,720575940570155126,42919,42296,2021
153,2026-04-30,Nseraf,RBC,720575940557507178,42908,42190,1975
154,2026-04-30,Nseraf,t5i,720575940557492015,42671,43065,1964
155,2026-04-30,Annkri,RBC,720575940553648382,46024,39044,2008
156,2026-04-30,Nseraf,RBC,720575940555430194,42069,42043,2044
157,2026-04-30,Andrearwen,RBC,720575940568642313,44031,41301,2062
158,2026-04-30,Andrearwen,t6,720575940574787832,43785,41368,2033
159,2026-04-30,Nseraf,t5o,720575940566987881,42930,42338,2059
160,2026-04-30,Andrearwen,RBC,720575940547317655,40447,41217,2029
161,2026-04-30,Annkri,RBC,720575940555739390,43213,39090,1996
162,2026-04-30,Andrearwen,t4,720575940550886039,40424,41143,2028
163,2026-04-30,Nseraf,RBC,720575940547478533,43844,42016,2009
164,2026-04-30,Nseraf,t7,720575940558308770,42784,42936,2023
165,2026-04-30,Andrearwen,t4,720575940562860702,41143,41098,2011
166,2026-04-30,Annkri,t3b,720575940564535200,42133,38894,2006
167,2026-05-01,Andrearwen,RBC,720575940567213854,46357,38615,2058
168,2026-05-01,Nseraf,RBC,720575940569240973,40543,39420,2039
169,2026-05-01,Nseraf,t7,720575940558772282,37266,37288,1956
170,2026-05-01,Nseraf,t3b,720575940561202204,40409,39488,2019
171,2026-05-01,Nseraf,RBC,720575940573289217,37531,39437,2008
172,2026-05-01,Nseraf,RBC,720575940571379935,43681,40590,2012
173,2026-05-01,Nseraf,t5i,720575940571584436,37536,37634,2012
174,2026-05-01,Annkri,t1,720575940554549847,38539,39077,2031
175,2026-05-01,Annkri,4,720575940578625598,36681,38807,2027
176,2026-05-01,Nseraf,t2,720575940561205276,47112,37644,1959
177,2026-05-01,Andrearwen,RBC,720575940577879358,38010,38570,1987
178,2026-05-01,Nseraf,t2,720575940561430980,37773,37562,2000
179,2026-05-01,Nseraf,t8,720575940556977818,47051,37627,2010
180,2026-05-01,Annkri,t4,720575940556301704,36326,38346,2024
181,2026-05-01,st0ck53y,t2,720575940571256350,42136,40990,2025
182,2026-05-01,Nseraf,RBC,720575940575308361,38324,37370,2041
183,2026-05-01,Nseraf,t3b,720575940558832216,46341,37687,2052
184,2026-05-01,Nseraf,t6,720575940569241997,42887,40815,2040
185,2026-05-01,st0ck53y,RBC,720575940556997335,42179,38204,2019
186,2026-05-01,Annkri,t4,720575940558610056,37987,38860,1973
187,2026-05-01,Nseraf,RBC,720575940574595645,44612,37395,2057
188,2026-05-01,Nseraf,t2,720575940550613307,43028,40692,1994
189,2026-05-01,Andrearwen,t5o,720575940554554967,45287,38636,2000
190,2026-05-01,Nseraf,t3b,720575940556601827,42339,40563,2011
191,2026-05-01,st0ck53y,RBC,720575940550291412,42131,40926,2036
192,2026-05-01,Annkri,t3a,720575940567758298,36932,38887,2059
193,2026-05-01,Nseraf,t3a,720575940574593597,36285,37584,2027
194,2026-05-01,Nseraf,t3a,720575940555473426,47115,37689,2052
195,2026-05-01,Nseraf,t4,720575940564505425,37544,37657,2022
196,2026-05-01,Nseraf,RBC,720575940565039974,39288,40724,2044
197,2026-05-01,Nseraf,RBC,720575940567868513,39415,40820,1925
198,2026-05-01,Nseraf,t2,720575940562891422,39451,40729,2037
199,2026-05-01,Nseraf,RBC,720575940583936302,36262,37509,1960
200,2026-05-01,Nseraf,RBC,720575940581293493,46083,37560,1999
201,2026-05-01,Annkri,t5i,720575940558213768,37759,38253,2040
202,2026-05-01,Nseraf,t3b,720575940561593506,37187,37338,2020
203,2026-05-01,Nseraf,t3b,720575940569860429,43824,37530,2010
204,2026-05-01,Annkri,RBC,720575940578457406,36724,38828,2027
205,2026-05-01,Annkri,t3a,720575940556999586,47433,36861,1996
206,2026-05-01,Nseraf,t4,720575940574592317,43674,40552,2016
207,2026-05-01,Annkri,RBC,720575940556697815,45334,38401,2035
208,2026-05-01,Annkri,RBC,720575940579746110,39076,38340,1970
209,2026-05-01,Nseraf,RBC,720575940558235975,37743,37572,2028
210,2026-05-01,Nseraf,t5o,720575940560562628,37920,38586,2031
211,2026-05-01,Nseraf,t5i,720575940562296555,36292,37594,1991
212,2026-05-01,Andrearwen,t5i,720575940573291265,37467,38634,2039
213,2026-05-01,Nseraf,RBC,720575940541651320,35263,37272,2036
214,2026-05-01,st0ck53y,t5t,720575940556062250,37879,38182,2046
215,2026-05-01,Annkri,RBC,720575940561583044,38577,38303,1992
216,2026-05-01,Nseraf,t5i,720575940558832984,38817,37462,2029
217,2026-05-01,Annkri,t6,720575940558213256,37941,38791,1994
218,2026-05-01,Nseraf,t3a,720575940549175752,39324,40759,2041
219,2026-05-01,st0ck53y,RBC,720575940574810104,43761,40882,2001
220,2026-05-01,Annkri,RBC,720575940557065175,44710,38372,1994
221,2026-05-01,Nseraf,RBC,720575940558452604,40591,37614,1972
222,2026-05-01,Annkri,t5i,720575940555903112,36934,36833,1998
223,2026-05-01,Nseraf,t3b,720575940569703350,36188,37510,2036
224,2026-05-01,Nseraf,GluMI,720575940549176776,42439,37699,2020
225,2026-05-01,Nseraf,t6,720575940556065834,38040,37232,2035
226,2026-05-01,Nseraf,t6,720575940550613819,35524,37736,2022
227,2026-05-01,Nseraf,t3a,720575940547418252,37610,37609,2003
228,2026-05-01,Nseraf,RBC,720575940554555991,38801,37428,2034
229,2026-05-01,Nseraf,t2,720575940583935278,35833,37727,2058
230,2026-05-01,Nseraf,RBC,720575940562297067,37836,37494,1993
231,2026-05-01,Nseraf,t6,720575940578371588,42843,40804,2012
232,2026-05-01,st0ck53y,RBC,720575940568689929,44364,40955,2007
233,2026-05-01,Annkri,RBC,720575940556997591,42203,38850,2042
234,2026-05-01,Nseraf,RBC,720575940560333802,46243,38573,2025
235,2026-05-01,Nseraf,t6,720575940561201948,40381,39541,1943
236,2026-05-01,Nseraf,t3b,720575940556603363,46607,37481,2025
237,2026-05-01,Nseraf,t6,720575940561854142,39291,37581,1975
238,2026-05-01,Nseraf,RBC,720575940558830936,40217,40665,2011
239,2026-05-01,Annkri,t3b,720575940552228146,44873,38404,2028
240,2026-05-01,Annkri,t2,720575940541649016,36160,36849,2014
241,2026-05-01,Annkri,t3b,720575940558826072,36527,38520,2057
242,2026-05-01,Nseraf,RBC,720575940578371332,41720,40785,2044
243,2026-05-01,Nseraf,t3b,720575940561594018,38237,37333,2056
244,2026-05-01,Annkri,RBC,720575940569081121,44544,36990,1981
245,2026-05-01,Annkri,RBC,720575940556932514,45634,38220,2014
246,2026-05-01,Annkri,RBC,720575940556207614,44847,38342,2033
247,2026-05-01,Annkri,t3b,720575940561668804,37954,38763,2030
248,2026-05-01,Nseraf,t4,720575940549177032,35524,37683,2003
249,2026-05-01,Nseraf,RBC,720575940550612539,40403,40521,1967
250,2026-05-01,Annkri,t7,720575940561582532,38759,38321,2034
251,2026-05-01,Nseraf,t3b,720575940550292436,39412,40813,1984
252,2026-05-01,Annkri,RBC,720575940556086782,47498,36900,2025
253,2026-05-01,Annkri,t1,720575940558617698,37518,38734,1993
254,2026-05-01,Nseraf,t5o,720575940555472914,39371,40787,2006
255,2026-05-01,Nseraf,t6,720575940555472402,43944,40592,2029
256,2026-05-01,Nseraf,t3b,720575940554126846,42364,37433,2027
257,2026-05-01,Nseraf,RBC,720575940561205788,36298,37567,2053
258,2026-05-01,Nseraf,t7,720575940569699766,39893,39365,2024
259,2026-05-01,Nseraf,t5i,720575940561852606,39338,40691,2044
260,2026-05-01,st0ck53y,RBC,720575940558215048,37851,38196,2025
261,2026-05-01,Nseraf,t5o,720575940558627426,41680,39378,1980
262,2026-05-01,Nseraf,t5o,720575940568980746,46899,37394,2047
263,2026-05-01,Nseraf,?,720575940561077425,39846,40821,2021
264,2026-05-01,Annkri,t5t,720575940555996274,37870,36988,1922
265,2026-05-01,Annkri,t3b,720575940556302984,36754,38742,1759
266,2026-05-01,Nseraf,t3b,720575940567869537,42791,37419,2018
267,2026-05-01,Annkri,t3a,720575940570299425,43158,38409,2011
268,2026-05-01,Nseraf,RBC,720575940561078449,36242,37520,2039
269,2026-05-01,Nseraf,t4,720575940557105474,44355,39415,1962
270,2026-05-01,st0ck53y,RBC,720575940556123528,36904,38101,2001
271,2026-05-01,st0ck53y,t2,720575940557508143,41321,40980,2009
272,2026-05-01,Annkri,t3a,720575940570355745,41844,38231,1988
273,2026-05-01,Nseraf,RBC,720575940562297323,36946,37480,2048
274,2026-05-01,st0ck53y,t3b,720575940575071647,42176,40953,2024
275,2026-05-01,Annkri,t8,720575940565947215,47519,36876,2016
276,2026-05-01,Andrearwen,t3b,720575940566522141,36572,38548,2027
277,2026-05-01,Nseraf,t6,720575940570923801,39409,40529,2017
278,2026-05-01,Annkri,RBC,720575940556058622,47438,36860,1967
279,2026-05-01,st0ck53y,XBC,720575940558629730,37943,38196,2007
280,2026-05-01,Andrearwen,RBC,720575940577880894,38508,38548,1991
281,2026-05-01,Nseraf,RBC,720575940574592829,41943,40742,1992
282,2026-05-01,Annkri,t1,720575940564882913,44274,38785,2033
283,2026-05-01,st0ck53y,t3a,720575940555999346,36606,38062,2009
284,2026-05-01,Annkri,t3b,720575940558306696,39495,38808,1989
285,2026-05-01,Annkri,t5o,720575940577287742,36317,38375,2018
286,2026-05-01,Annkri,t3b,720575940556820183,42118,38209,2006
287,2026-05-01,Nseraf,RBC,720575940571256862,39483,40631,2041
288,2026-05-01,Nseraf,RBC,720575940555474962,34846,37397,1998
289,2026-05-01,Nseraf,t3b,720575940583933230,45024,40491,1969
290,2026-05-01,Nseraf,RBC,720575940583932974,42321,39362,1994
291,2026-05-01,Nseraf,RBC,720575940558633058,39193,37519,1965
292,2026-05-01,Annkri,RBC,720575940577893438,40687,38798,2013
293,2026-05-01,Nseraf,t3b,720575940561599138,46473,37266,2021
294,2026-05-01,Nseraf,RBC,720575940558234439,35891,37743,1981
295,2026-05-01,st0ck53y,RBC,720575940558210184,39874,40851,2031
296,2026-05-01,Nseraf,t3a,720575940558253289,35298,37357,2005
297,2026-05-01,Nseraf,t3a,720575940556084990,42774,37398,2023
298,2026-05-01,Nseraf,RBC,720575940551088098,37657,37612,1987
299,2026-05-01,Nseraf,t8,720575940569704630,46481,37419,1948
300,2026-05-01,Nseraf,GluMI,720575940575311945,35292,37282,2045
301,2026-05-01,Annkri,t3b,720575940566862814,38587,38365,2042
302,2026-05-02,Annkri,t3a,720575940550926688,37392,36746,2027
303,2026-05-02,Annkri,t7,720575940578364990,34054,36367,2032
304,2026-05-02,Nseraf,t3b,720575940562299371,44484,37083,2030
305,2026-05-02,Nseraf,RBC,720575940562564569,46137,36630,2052
306,2026-05-02,Nseraf,RBC,720575940564364784,36170,36549,2019
307,2026-05-02,Nseraf,t3b,720575940575492603,36971,37870,1933
308,2026-05-02,Nseraf,t3b,720575940556068650,37977,36694,2026
309,2026-05-02,Nseraf,t1,720575940541656696,34611,37020,2046
310,2026-05-02,Nseraf,RBC,720575940552999873,35212,36423,1995
311,2026-05-02,Nseraf,RBC,720575940562592485,43826,36661,2036
312,2026-05-02,Annkri,t2,720575940557177480,34620,36753,2014
313,2026-05-02,Nseraf,RBC,720575940568985098,45097,37850,2034
314,2026-05-02,Annkri,t6,720575940559854276,35363,36810,2007
315,2026-05-02,Annkri,t5o,720575940577730366,35223,36347,2003
316,2026-05-02,Annkri,t6,720575940578266942,34523,36344,1977
317,2026-05-02,Nseraf,t3a,720575940565621661,35638,36522,1953
318,2026-05-02,Nseraf,t3b,720575940558772538,35172,37179,2029
319,2026-05-02,Nseraf,t4,720575940570358561,43583,37951,2040
320,2026-05-02,Nseraf,t4,720575940566523933,36588,37071,2010
321,2026-05-02,Nseraf,RBC,720575940568984842,35916,37846,1996
322,2026-05-02,Nseraf,RBC,720575940566308226,35693,37037,2019
323,2026-05-02,Nseraf,t3a,720575940561098332,45618,37150,1894
324,2026-05-02,Nseraf,t1,720575940574543039,46022,36497,2032
325,2026-05-02,Nseraf,GluMI,720575940550927200,37735,37049,2028
326,2026-05-02,Nseraf,t5t,720575940558238279,36173,36577,1976
327,2026-05-02,Nseraf,?,720575940565948751,43479,37066,1945
328,2026-05-02,Nseraf,t2,720575940574543295,43635,36436,1309
329,2026-05-02,Nseraf,RBC,720575940577699605,35674,36459,1993
330,2026-05-02,Nseraf,t5t,720575940561603490,36166,37002,1976
331,2026-05-02,Annkri,t6,720575940577503550,36963,36787,1987
332,2026-05-02,Nseraf,RBC,720575940581233785,37440,38488,2001
333,2026-05-02,Nseraf,t3b,720575940584635515,36265,36562,2030
334,2026-05-02,Annkri,t3a,720575940557509935,37998,36768,1988
335,2026-05-02,Nseraf,t5i,720575940564539808,36186,36680,2007
336,2026-05-02,Nseraf,RBC,720575940566524701,38915,36546,2025
337,2026-05-02,Nseraf,t2,720575940559437447,34046,36428,1987
338,2026-05-02,Nseraf,t6,720575940569707446,37484,38466,1991
339,2026-05-02,Nseraf,XBC,720575940558256873,34564,36699,1995
340,2026-05-02,Nseraf,RBC,720575940555999858,38586,37832,2030
341,2026-05-02,Annkri,t6,720575940566577328,35197,36371,2008
342,2026-05-02,Nseraf,t6,720575940564437303,38686,36517,2036
343,2026-05-02,Nseraf,t3a,720575940585144531,36218,36639,2022
344,2026-05-02,Annkri,t2,720575940557099144,36965,36766,1971
345,2026-05-02,Nseraf,RBC,720575940566307202,35694,37127,2043
346,2026-05-02,Nseraf,RBC,720575940575313737,41608,38464,2055
347,2026-05-02,Nseraf,t7,720575940541652856,35874,37803,2005
348,2026-05-02,Annkri,t3a,720575940571640763,33479,36352,1985
349,2026-05-02,Nseraf,RBC,720575940561599906,35853,37821,1995
350,2026-05-02,Nseraf,RBC,720575940570085232,38561,36587,2022
351,2026-05-02,Nseraf,t4,720575940564270780,38087,38035,1948
352,2026-05-02,Nseraf,t2,720575940566306434,36627,37195,1995
353,2026-05-02,Nseraf,t4,720575940564281755,45522,37163,2024
354,2026-05-02,Annkri,?,720575940571967692,43146,38396,1900
355,2026-05-02,Annkri,RBC,720575940567178526,45719,36823,2035
356,2026-05-02,Annkri,RBC,720575940556851080,36911,36793,1976
357,2026-05-02,Nseraf,RBC,720575940564539552,45130,37058,2032
358,2026-05-02,Nseraf,t4,720575940558773306,43510,37116,1998
359,2026-05-02,Annkri,t2,720575940577969982,34832,36363,2023
360,2026-05-02,Annkri,RBC,720575940555264983,45634,36729,2028
361,2026-05-02,Annkri,t7,720575940578369086,34860,36321,1976
362,2026-05-02,Annkri,t3a,720575940561690659,35317,36824,2030
363,2026-05-02,Nseraf,RBC,720575940556979354,45146,36435,2014
364,2026-05-02,Annkri,t3b,720575940569247009,43205,36736,2042
365,2026-05-02,Nseraf,RBC,720575940564692281,43751,36410,2025
366,2026-05-02,Nseraf,t3a,720575940562947242,44058,36619,2038
367,2026-05-02,Nseraf,RBC,720575940554776483,43973,38493,2057
368,2026-05-02,Annkri,t8,720575940578831613,33474,36395,2023
369,2026-05-02,Nseraf,t6,720575940581324696,34136,36455,2040
370,2026-05-02,Nseraf,t4,720575940569707702,36150,36621,2034
371,2026-05-02,Nseraf,RBC,720575940556066090,46409,37823,1947
372,2026-05-02,Annkri,RBC,720575940557781384,35333,36811,2006
373,2026-05-02,Nseraf,RBC,720575940558239047,34081,36485,1933
374,2026-05-02,Nseraf,t6,720575940560040085,45101,37786,1998
375,2026-05-02,Nseraf,RBC,720575940563698037,36278,36609,1984
376,2026-05-02,Annkri,t3a,720575940567416326,40852,36721,2022
377,2026-05-02,Annkri,t1,720575940556811170,47291,36747,1963
378,2026-05-02,Nseraf,t5t,720575940562591717,34609,37070,1979
379,2026-05-02,Nseraf,t6,720575940561602466,36217,37027,2016
380,2026-05-02,Nseraf,RBC,720575940541658232,37471,36697,2009
381,2026-05-02,Nseraf,RBC,720575940561603746,37374,36699,2045
382,2026-05-02,Nseraf,t2,720575940569729720,39091,36464,1355
383,2026-05-02,Nseraf,t2,720575940569586510,47574,36500,2015
384,2026-05-02,Nseraf,RBC,720575940559436935,36334,36622,2054
385,2026-05-02,Nseraf,RBC,720575940557301812,47519,36490,1984
386,2026-05-02,Nseraf,t3b,720575940585144019,45632,37124,1954
387,2026-05-02,Nseraf,RBC,720575940575493883,41012,38436,2010
388,2026-05-02,Nseraf,RBC,720575940555999602,46778,37204,1996
389,2026-05-02,Annkri,t5o,720575940556486024,37505,36784,1995
390,2026-05-02,Nseraf,RBC,720575940575312713,37946,37926,2048
391,2026-05-02,Nseraf,t2,720575940558772794,42292,37896,1521
392,2026-05-02,Nseraf,t3b,720575940559336132,35682,37066,2025
393,2026-05-02,Nseraf,t5o,720575940575494651,36135,36683,2032
394,2026-05-02,Annkri,t5i,720575940578680382,34941,36811,2018
395,2026-05-02,Nseraf,RBC,720575940564271804,37991,36659,2024
396,2026-05-02,Nseraf,t5t,720575940559977011,38384,36299,1900
397,2026-05-02,Nseraf,RBC,720575940586112310,35583,36484,2036
398,2026-05-02,Annkri,t7,720575940556621192,36926,36719,2019
399,2026-05-02,Nseraf,t3b,720575940573297409,38548,36710,1981
400,2026-05-02,Nseraf,t3a,720575940541656952,44543,37017,2010
401,2026-05-02,Nseraf,t6,720575940573314663,36246,36628,2016
402,2026-05-02,Nseraf,t2,720575940562591461,36983,37977,1960
403,2026-05-02,Nseraf,t5i,720575940563697269,35710,37080,1984
404,2026-05-02,Annkri,t3b,720575940579860542,36917,36747,2006
405,2026-05-02,Nseraf,t3b,720575940569861197,42152,36548,1994
406,2026-05-02,Nseraf,RBC,720575940562299883,34390,36625,2049
407,2026-05-03,Nseraf,t3a,720575940552314418,46565,36403,2025
408,2026-05-03,Annkri,RBC,720575940577193022,38676,36141,1966
409,2026-05-03,Nseraf,GluMI,720575940541660024,33025,35999,1729
410,2026-05-03,Annkri,t5t,720575940557777032,34793,36312,2013
411,2026-05-03,Nseraf,t6,720575940557994755,35603,35987,2019
412,2026-05-03,Annkri,t5i,720575940578371646,34576,36303,2024
413,2026-05-03,Andrearwen,RBC,720575940569860685,39065,38538,2019
414,2026-05-03,Annkri,t4,720575940575005654,34821,36300,2016
415,2026-05-03,Annkri,RBC,720575940558217352,40852,36194,2037
416,2026-05-03,st0ck53y,RBC,720575940565950031,39507,35822,2034
417,2026-05-03,Annkri,RBC,720575940571385823,44425,36199,1835
418,2026-05-03,Annkri,RBC,720575940569754145,44469,36148,1962
419,2026-05-03,Annkri,RBC,720575940555953662,47722,36081,2025
420,2026-05-03,Annkri,RBC,720575940570335521,46823,36025,1999
421,2026-05-03,Annkri,RBC,720575940550904544,37886,36210,2036
422,2026-05-03,Nseraf,RBC,720575940561102428,36760,35963,2027
423,2026-05-03,Annkri,t3b,720575940570336545,47574,36011,1972
424,2026-05-03,Annkri,t7,720575940567153438,46791,36108,2032
425,2026-05-03,Nseraf,t2,720575940559437703,35635,36003,2033
426,2026-05-03,Nseraf,t1,720575940579112402,35617,36402,2017
427,2026-05-03,Annkri,RBC,720575940578263358,34485,36317,2046
428,2026-05-03,Nseraf,t3b,720575940557995011,44366,35982,2046
429,2026-05-04,Nseraf,t3b,720575940560321123,34910,34728,2013
430,2026-05-04,Nseraf,t2,720575940541699192,33719,34881,1966
431,2026-05-04,Annkri,RBC,720575940561477316,37337,36059,1955
432,2026-05-04,Nseraf,t6,720575940565550045,34582,34734,1990
433,2026-05-04,Annkri,t3b,720575940573837048,33598,36040,2012
434,2026-05-04,Nseraf,t6,720575940555957998,34103,35906,1969
435,2026-05-04,Andrearwen,t5t,720575940564720365,40682,35589,1932
436,2026-05-04,Annkri,t5t,720575940570346785,46898,36060,2029
437,2026-05-04,Andrearwen,XBC,720575940550937952,46776,35621,2043
438,2026-05-04,Nseraf,t2,720575940566708371,35494,35954,2023
439,2026-05-04,Nseraf,t3b,720575940558641506,46052,35949,2009
440,2026-05-04,Nseraf,t6,720575940558316486,47728,34981,2031
441,2026-05-04,Annkri,t3b,720575940571716511,41028,36113,1194
442,2026-05-04,st0ck53y,RBC,720575940577178686,36416,35776,2008
443,2026-05-04,Nseraf,RBC,720575940541696632,32522,34959,2019
444,2026-05-04,Annkri,t4,720575940564718317,37281,36066,2003
445,2026-05-04,Nseraf,RBC,720575940580407952,47544,34682,2047
446,2026-05-04,Nseraf,t1,720575940571400927,35838,34825,2036
447,2026-05-04,Nseraf,t7,720575940569758239,33411,35002,2034
448,2026-05-04,st0ck53y,t3b,720575940569773857,41957,35728,2052
449,2026-05-04,Nseraf,t7,720575940558644578,34849,34780,2006
450,2026-05-04,Annkri,t1,720575940571589044,40665,36031,2034
451,2026-05-04,Nseraf,RBC,720575940561094833,46012,34979,2012
452,2026-05-04,Nseraf,RBC,720575940558644066,40539,34803,2022
453,2026-05-04,Andrearwen,t5i,720575940553001921,48341,35551,1988
454,2026-05-04,Nseraf,t3b,720575940541688952,46786,35918,1960
455,2026-05-04,Nseraf,t4,720575940561138524,33665,34852,1982
456,2026-05-04,st0ck53y,t5o,720575940556102186,38819,35848,2063
457,2026-05-04,Annkri,RBC,720575940577775422,33591,36130,2023
458,2026-05-04,Nseraf,RBC,720575940566729619,48837,34830,2028
459,2026-05-04,Nseraf,RBC,720575940560797064,37733,34740,2024
460,2026-05-04,Nseraf,t1,720575940569734072,33362,34800,2005
461,2026-05-04,Nseraf,XBC,720575940577830047,33987,34801,2011
462,2026-05-04,st0ck53y,RBC,720575940559613124,36062,35791,1974
463,2026-05-04,Nseraf,XBC,720575940558804026,34923,34781,2030
464,2026-05-04,Annkri,t5i,720575940560128708,35623,36051,2029
465,2026-05-04,Nseraf,t4,720575940541698936,45933,34883,1977
466,2026-05-04,st0ck53y,t5i,720575940541699448,33862,35802,2062
467,2026-05-04,Nseraf,t6,720575940561095089,33680,34816,2009
468,2026-05-04,Nseraf,RBC,720575940548650681,44805,35900,1980
469,2026-05-04,Nseraf,RBC,720575940564299931,33472,34862,2059
470,2026-05-04,Nseraf,RBC,720575940565966927,35659,34680,2035
471,2026-05-04,Nseraf,t6,720575940565966159,48784,34821,1987
472,2026-05-04,Annkri,t5t,720575940556035698,37202,36129,2025
473,2026-05-04,Andrearwen,t2,720575940579450942,35296,35619,1996
474,2026-05-04,Nseraf,RBC,720575940575351113,38261,34794,2006
475,2026-05-04,st0ck53y,t5t,720575940573330177,36410,35747,2011
476,2026-05-04,Andrearwen,t2,720575940552560811,36960,35554,2015
477,2026-05-04,st0ck53y,t3b,720575940569734328,36046,35757,1983
478,2026-05-04,Nseraf,RBC,720575940572450580,39810,34733,2025
479,2026-05-04,Nseraf,RBC,720575940573328129,49014,35036,1692
480,2026-05-04,Nseraf,t5o,720575940564578945,36760,35927,2013
481,2026-05-04,Nseraf,t3b,720575940562592729,45502,34802,2037
482,2026-05-04,Nseraf,XBC,720575940564370416,38222,34741,2044
483,2026-05-04,Nseraf,RBC,720575940558802746,45512,34862,2015
484,2026-05-04,Annkri,t3a,720575940557305140,43587,36264,2035
485,2026-05-04,Annkri,t1,720575940556250504,34208,36056,2060
486,2026-05-04,Nseraf,t3b,720575940550629947,47208,34966,1986
487,2026-05-04,Nseraf,RBC,720575940558025987,33091,34693,2045
488,2026-05-04,Annkri,XBC,720575940558252359,45790,36011,2033
489,2026-05-04,Nseraf,t5o,720575940575349577,47673,34900,1999
490,2026-05-04,Nseraf,t1,720575940556103722,32703,34713,1892
491,2026-05-04,Annkri,t4,720575940580406672,37852,36099,2024
492,2026-05-04,Annkri,t4,720575940552313906,47263,36279,1981
493,2026-05-04,Nseraf,RBC,720575940560519057,39117,35931,2051
494,2026-05-04,Nseraf,RBC,720575940564295579,39554,35927,2017
495,2026-05-04,Nseraf,RBC,720575940561095345,34011,34808,1983
496,2026-05-04,Nseraf,RBC,720575940562594009,48257,34738,2031
497,2026-05-04,Annkri,t3b,720575940561547460,38283,36084,2038
498,2026-05-04,Nseraf,t2,720575940556935074,48756,34656,2011
499,2026-05-04,Andrearwen,t3b,720575940559536477,44509,35578,2021
500,2026-05-04,Nseraf,t2,720575940585150675,34898,34771,2034
501,2026-05-04,Nseraf,RBC,720575940569868365,48817,34641,1991
502,2026-05-04,Nseraf,t5t,720575940566314404,34588,34679,1979
503,2026-05-04,Andrearwen,t3a,720575940565553764,38271,35619,1993
504,2026-05-04,Nseraf,t3b,720575940566313636,48780,34773,1995
505,2026-05-04,st0ck53y,t6,720575940580633201,38294,35733,1901
506,2026-05-04,Nseraf,t2,720575940561649314,32791,34774,2030
507,2026-05-04,Nseraf,RBC,720575940575348553,38999,35021,2017
508,2026-05-04,Nseraf,t3a,720575940558273769,45320,35949,2007
509,2026-05-04,Andrearwen,t3a,720575940580646206,40022,35593,2025
510,2026-05-04,Nseraf,t3a,720575940569757983,36409,35013,2023
511,2026-05-04,st0ck53y,RBC,720575940570323745,46357,35767,2008
512,2026-05-04,Andrearwen,t4,720575940569590350,44776,35588,2009
513,2026-05-04,Nseraf,XBC,720575940556034930,37472,34925,2037
514,2026-05-04,Nseraf,t5i,720575940569021194,35838,34799,2031
515,2026-05-04,Nseraf,t3b,720575940550916928,34587,35907,2023
516,2026-05-04,st0ck53y,t3b,720575940556163031,45834,35769,2030
517,2026-05-04,st0ck53y,RBC,720575940558248519,34701,35770,2026
518,2026-05-04,st0ck53y,RBC,720575940570467617,46238,35738,1961
519,2026-05-04,Nseraf,t6,720575940565965647,38935,34997,2025
520,2026-05-04,st0ck53y,XBC,720575940541700216,33690,35766,2028
521,2026-05-04,Annkri,t3a,720575940569751327,34499,36257,2016
522,2026-05-04,st0ck53y,t5i,720575940575010006,36139,35747,2042
523,2026-05-04,Annkri,t6,720575940563677759,39748,36042,2030
524,2026-05-04,Annkri,XBC,720575940551092194,47935,36217,2037
525,2026-05-04,Nseraf,t6,720575940582606206,48910,34655,2047
526,2026-05-04,Annkri,t1,720575940556728200,37254,36119,2014
527,2026-05-04,Nseraf,t3b,720575940569599521,43510,34634,2022
528,2026-05-04,Nseraf,RBC,720575940558280169,40553,34874,2036
529,2026-05-04,Andrearwen,RBC,720575940577300798,38348,35575,2026
530,2026-05-04,Nseraf,RBC,720575940561137244,32802,35014,2015
531,2026-05-04,st0ck53y,RBC,720575940553086847,34880,35716,1100
532,2026-05-04,Nseraf,t7,720575940562601445,37913,34976,2028
533,2026-05-04,Nseraf,t3b,720575940565550813,41127,34634,2001
534,2026-05-04,Nseraf,t2,720575940541692024,47688,35900,1978
535,2026-05-04,Nseraf,t5t,720575940575348297,34057,35872,1987
536,2026-05-04,Nseraf,RBC,720575940564695097,33127,35922,2003
537,2026-05-04,Nseraf,t6,720575940541696120,33066,35882,2015
538,2026-05-04,st0ck53y,t6,720575940575468233,32513,35718,2024
539,2026-05-04,Annkri,t5i,720575940562601701,37825,36179,2008
540,2026-05-05,Annkri,t3b,720575940555664520,35004,35191,2048
541,2026-05-05,Annkri,t6,720575940575381065,34990,35222,2054
542,2026-05-05,Andrearwen,t3b,720575940558232200,40759,35474,2011
543,2026-05-05,Nseraf,t3b,720575940570108016,35602,34355,1875
544,2026-05-05,Annkri,RBC,720575940561186140,35620,35060,2041
545,2026-05-05,Nseraf,t1,720575940557527087,38413,34423,2023
546,2026-05-05,Annkri,t3b,720575940566149025,41665,35235,2016
547,2026-05-05,Nseraf,t3a,720575940573329767,35577,34360,1901
548,2026-05-05,Annkri,RBC,720575940556775048,34333,35106,2047
549,2026-05-05,Nseraf,t5i,720575940561700514,39931,34392,2011
550,2026-05-05,Nseraf,t5i,720575940562610405,37720,34543,2006
551,2026-05-05,Annkri,RBC,720575940567717665,45265,35127,2055
552,2026-05-05,Nseraf,t6,720575940553619139,36120,34550,1974
553,2026-05-05,Nseraf,t4,720575940571259934,37717,34582,1993
554,2026-05-05,Annkri,t3b,720575940578364222,34340,35059,2020
555,2026-05-05,Nseraf,t2,720575940578909737,36089,34609,1948
556,2026-05-05,Nseraf,RBC,720575940552560555,46283,34558,2037
557,2026-05-05,Annkri,RBC,720575940567152414,47688,35269,2012
558,2026-05-05,Nseraf,RBC,720575940561107633,34232,34473,1961
559,2026-05-05,Andrearwen,t3b,720575940554870254,37286,35512,2027
560,2026-05-05,Annkri,RBC,720575940577178174,36031,35185,1990
561,2026-05-05,Nseraf,t4,720575940585161171,44729,34370,2015
562,2026-05-05,Nseraf,RBC,720575940565985103,37191,34318,2018
563,2026-05-05,Annkri,t5i,720575940566366338,47220,35046,2014
564,2026-05-05,Nseraf,RBC,720575940582606718,38840,34556,2029
565,2026-05-05,Andrearwen,RBC,720575940556410760,33445,35488,1997
566,2026-05-05,Nseraf,RBC,720575940576636153,39665,34515,2003
567,2026-05-05,Annkri,t1,720575940562625753,48260,35307,2031
568,2026-05-05,Nseraf,t7,720575940575559931,39622,34483,2014
569,2026-05-05,Nseraf,t3b,720575940580674622,38429,34406,2023
570,2026-05-05,Annkri,RBC,720575940578894142,37373,35096,1993
571,2026-05-05,Nseraf,RBC,720575940564564128,38396,34466,2030
572,2026-05-05,Annkri,t1,720575940580675390,37854,35287,2048
573,2026-05-05,Nseraf,RBC,720575940585160915,37231,34414,2054
574,2026-05-05,Nseraf,RBC,720575940575561467,45419,34303,2021
575,2026-05-05,Nseraf,t5i,720575940556150570,38412,34395,2031
576,2026-05-05,Nseraf,RBC,720575940578909993,32554,34593,1973
577,2026-05-05,Andrearwen,t6,720575940559611076,36992,35523,2011
578,2026-05-05,Nseraf,t6,720575940575395657,34075,34301,1800
579,2026-05-05,Nseraf,t3a,720575940575556603,42443,34485,2057
580,2026-05-05,Nseraf,t3b,720575940575019990,39956,34448,1986
581,2026-05-05,Nseraf,RBC,720575940563666571,31465,34566,1973
582,2026-05-05,Annkri,t4,720575940560983748,36696,35091,1990
583,2026-05-05,Annkri,RBC,720575940569775649,45021,35173,2005
584,2026-05-05,Nseraf,t3b,720575940566746515,41650,34526,2022
585,2026-05-05,Annkri,RBC,720575940562612965,32229,35123,1994
586,2026-05-05,Nseraf,RBC,720575940565575525,37761,34590,1974
587,2026-05-05,Annkri,RBC,720575940577729342,34271,35238,2052
588,2026-05-05,Nseraf,t5o,720575940564517083,37769,34585,1947
589,2026-05-05,Annkri,t3a,720575940556714376,35587,35064,2040
590,2026-05-05,Nseraf,t3b,720575940550950496,41101,34408,2034
591,2026-05-05,Annkri,t5i,720575940561108401,33996,35293,2059
592,2026-05-05,Nseraf,t3a,720575940585161427,44658,34348,1964
593,2026-05-05,Nseraf,RBC,720575940566367362,44730,34388,2047
594,2026-05-05,Annkri,RBC,720575940570467361,47179,35057,2042
595,2026-05-05,Annkri,t7,720575940556062718,48557,35137,2007
596,2026-05-05,Nseraf,t3a,720575940550950240,38432,34453,2000
597,2026-05-05,Annkri,RBC,720575940556662152,35044,35210,1989
598,2026-05-05,Nseraf,t5i,720575940569726134,37238,34348,2016
599,2026-05-05,Nseraf,t4,720575940564324507,44088,34438,2017
600,2026-05-05,Nseraf,t5i,720575940561701282,35114,34342,1997
601,2026-05-05,Annkri,t3b,720575940556870280,35619,35113,2030
602,2026-05-05,Nseraf,t7,720575940558302953,32739,34541,2015
603,2026-05-05,Nseraf,RBC,720575940571232265,48440,34582,2040
604,2026-05-05,Nseraf,t5o,720575940550775959,40340,34329,2055
605,2026-05-05,Nseraf,RBC,720575940569069834,35568,34403,1886
606,2026-05-05,Annkri,t6,720575940558912196,35981,35173,1985
607,2026-05-05,Nseraf,t3b,720575940558258759,36210,34519,2026
608,2026-05-05,Annkri,RBC,720575940555148030,44276,35072,2029
609,2026-05-05,Andrearwen,t5o,720575940560828356,36963,35488,2004
610,2026-05-05,Annkri,t4,720575940578421566,39911,35145,2022
611,2026-05-05,Nseraf,t4,720575940558772932,37185,34372,2004
612,2026-05-05,Nseraf,4,720575940562969770,39284,34414,2007
613,2026-05-05,Annkri,t5o,720575940558399624,39786,35307,2034
614,2026-05-05,Annkri,RBC,720575940577313854,39698,35317,2063
615,2026-05-05,Nseraf,t5i,720575940566749587,42008,34380,2038
616,2026-05-05,Nseraf,t3a,720575940562613477,39255,34378,1944
617,2026-05-05,Nseraf,t5t,720575940541757816,37157,34331,2006
618,2026-05-05,Annkri,t7,720575940558910148,35595,35039,2027
619,2026-05-05,Annkri,RBC,720575940569720758,39195,35143,2014
620,2026-05-05,Nseraf,RBC,720575940564286140,44010,34421,2026
621,2026-05-05,Annkri,RBC,720575940557415048,36452,35043,1999
622,2026-05-05,Nseraf,t5o,720575940541748088,36106,34517,1958
623,2026-05-05,Nseraf,RBC,720575940569009842,36169,34486,2023
624,2026-05-05,Nseraf,t2,720575940579116754,38726,34582,1999
625,2026-05-05,Nseraf,RBC,720575940561188188,36567,34290,2029
626,2026-05-05,Annkri,t7,720575940559682756,36660,35039,2045
627,2026-05-05,Annkri,RBC,720575940558911940,33825,35321,1973
628,2026-05-05,Nseraf,RBC,720575940563666315,42469,34573,2011
629,2026-05-05,Nseraf,t2,720575940550950752,34406,34377,2013
630,2026-05-05,Annkri,t2,720575940556269448,34326,35280,2028
631,2026-05-05,Nseraf,t5i,720575940569775647,39284,34373,2033
632,2026-05-05,Nseraf,t4,720575940556150826,35123,34394,2048
633,2026-05-05,Nseraf,t6,720575940574392556,44199,34573,2020
634,2026-05-06,Nseraf,t6,720575940558344902,34931,33771,1990
635,2026-05-06,Nseraf,RBC,720575940570113904,34177,34060,1969
636,2026-05-06,Nseraf,t1,720575940564571808,35594,34128,2002
637,2026-05-06,Nseraf,RBC,720575940575582715,33309,34033,2061
638,2026-05-06,Nseraf,t3b,720575940564342171,39438,33771,2000
639,2026-05-06,Nseraf,t2,720575940557536303,40004,34104,2052
640,2026-05-06,Nseraf,RBC,720575940553098623,35852,33748,2035
641,2026-05-06,Annkri,t1,720575940557538863,48314,35372,2045
642,2026-05-06,Nseraf,RBC,720575940560650587,43277,33710,2003
643,2026-05-06,Nseraf,t3a,720575940566392962,34518,33787,2058
644,2026-05-06,Nseraf,t8,720575940558851386,49368,34091,2007
645,2026-05-06,Nseraf,RBC,720575940574825976,47081,33719,2032
646,2026-05-06,Annkri,t3a,720575940558656098,48267,35333,2024
647,2026-05-06,Nseraf,t8,720575940556196394,38844,33886,2025
648,2026-05-06,Nseraf,t5t,720575940561752994,31219,34027,1999
649,2026-05-06,Nseraf,RBC,720575940580444304,40018,34183,2015
650,2026-05-06,Nseraf,RBC,720575940564742637,39226,33727,2034
651,2026-05-06,Annkri,RBC,720575940558710408,37897,35384,1976
652,2026-05-06,Nseraf,t3a,720575940567008105,49001,33952,2011
653,2026-05-06,Nseraf,RBC,720575940562626521,34773,34238,2003
654,2026-05-06,Annkri,t2,720575940578977086,37332,35436,2023
655,2026-05-06,Nseraf,RBC,720575940567861304,49117,34059,1991
656,2026-05-06,Nseraf,t4,720575940562643161,47001,34116,2043
657,2026-05-06,Nseraf,t5i,720575940572098593,36105,34053,2036
658,2026-05-06,Nseraf,t3a,720575940558270279,36855,33984,1973
659,2026-05-06,Annkri,RBC,720575940564950425,33012,35355,2039
660,2026-05-06,Nseraf,RBC,720575940559456647,34908,34004,2017
661,2026-05-06,Nseraf,t5i,720575940575396169,30434,34186,2044
662,2026-05-06,Nseraf,t3a,720575940572098849,34872,33959,1974
663,2026-05-06,Nseraf,t3b,720575940580443792,34758,34272,2038
664,2026-05-06,Nseraf,t2,720575940556185386,38028,34151,2010
665,2026-05-06,Nseraf,t3b,720575940561703330,36087,34257,2057
666,2026-05-06,Nseraf,RBC,720575940551106018,44824,33738,1991
667,2026-05-06,Nseraf,RBC,720575940564341915,34869,33782,2013
668,2026-05-06,Nseraf,t5o,720575940564286652,38970,34259,2038
669,2026-05-06,Nseraf,t4,720575940581335960,33901,34234,2004
670,2026-05-06,Nseraf,RBC,720575940556080242,35688,34157,2045
671,2026-05-06,Nseraf,t6,720575940556121202,49729,33703,2022
672,2026-05-06,Nseraf,RBC,720575940574570175,33041,34060,2008
673,2026-05-06,Nseraf,t5i,720575940575020758,36537,34271,2024
674,2026-05-06,Nseraf,RBC,720575940569011634,46718,34210,1979
675,2026-05-06,Annkri,RBC,720575940561227100,46749,35360,2022
676,2026-05-06,Nseraf,RBC,720575940569789215,46139,33780,2018
677,2026-05-06,Nseraf,RBC,720575940558063363,43637,34186,2033
678,2026-05-06,Nseraf,t3b,720575940577851807,32246,34006,1840
679,2026-05-06,Nseraf,RBC,720575940564731629,47547,34232,1938
680,2026-05-06,Nseraf,RBC,720575940575586555,34570,33783,2024
681,2026-05-06,Nseraf,t6,720575940556117618,36819,34015,2021
682,2026-05-06,Nseraf,RBC,720575940575396425,38051,34182,2017
683,2026-05-06,Nseraf,t2,720575940550962016,36688,33770,1999
684,2026-05-06,Nseraf,RBC,720575940578920233,39670,34141,2010
685,2026-05-06,Nseraf,t5t,720575940561225052,35216,33832,1994
686,2026-05-06,Nseraf,t6,720575940550960480,36121,34094,2043
687,2026-05-06,Annkri,RBC,720575940567169054,48360,35403,2044
688,2026-05-06,Nseraf,t3a,720575940564339611,33892,34071,2029
689,2026-05-06,Nseraf,RBC,720575940569255309,40990,33934,2039
690,2026-05-06,Annkri,t6,720575940563671435,35726,33594,2036
691,2026-05-06,Nseraf,RBC,720575940565570916,34044,33957,1981
692,2026-05-06,Nseraf,t5t,720575940558092291,32761,33815,2052
693,2026-05-06,Nseraf,t5i,720575940558272071,36651,33748,1984
694,2026-05-06,Annkri,t6,720575940561758370,37837,35339,1963
695,2026-05-06,Nseraf,t7,720575940571431903,36121,33787,2061
696,2026-05-06,Nseraf,t3a,720575940556200234,47717,33690,1996
697,2026-05-06,Nseraf,t6,720575940572001740,38903,33943,2015
698,2026-05-06,Nseraf,RBC,720575940558092803,44545,33811,2022
699,2026-05-06,Annkri,t5i,720575940561459140,37858,35335,2028
700,2026-05-06,Nseraf,RBC,720575940566339492,48461,33768,1991
701,2026-05-06,Nseraf,t3b,720575940554792867,38444,33705,2029
702,2026-05-06,Nseraf,t2,720575940558341830,36093,34099,2024
703,2026-05-06,Nseraf,RBC,720575940557317940,40720,33997,2023
704,2026-05-06,Nseraf,RBC,720575940572001228,36852,34000,2036
705,2026-05-06,Nseraf,RBC,720575940556121458,38407,33690,2038
706,2026-05-06,Annkri,RBC,720575940556269192,33976,35367,2003
707,2026-05-06,Annkri,t1,720575940564787558,36906,35409,2018
708,2026-05-06,Nseraf,RBC,720575940558091779,40356,33842,2001
709,2026-05-06,Nseraf,t3b,720575940570113648,37689,34061,2028
710,2026-05-06,Nseraf,RBC,720575940580475536,43246,33795,2012
711,2026-05-06,Nseraf,t4,720575940576625167,49609,33738,1985
712,2026-05-06,Nseraf,RBC,720575940556118642,36115,33873,2024
713,2026-05-06,Nseraf,RBC,720575940570114928,43337,33759,2013
714,2026-05-06,Nseraf,RBC,720575940566596272,39460,33753,2027
715,2026-05-06,Nseraf,t5i,720575940569736888,36049,34237,2052
716,2026-05-06,Annkri,?,720575940580568984,47631,35381,2031
717,2026-05-06,Nseraf,GluMI,720575940556197162,33406,33865,1990
718,2026-05-06,Nseraf,RBC,720575940558269511,49375,34054,1969
719,2026-05-06,Annkri,RBC,720575940567144990,47458,35399,1987
720,2026-05-06,Annkri,t7,720575940559946948,37868,35425,2007
721,2026-05-06,Annkri,RBC,720575940552094258,44876,33609,1965
722,2026-05-06,Nseraf,RBC,720575940563722613,47700,34047,2019
723,2026-05-06,Annkri,RBC,720575940555513559,45873,35449,2006
724,2026-05-06,Nseraf,RBC,720575940575585275,38800,33841,2060
725,2026-05-06,Nseraf,t5i,720575940541814392,44481,33705,2042
726,2026-05-06,Nseraf,RBC,720575940565637021,45841,34243,2029
727,2026-05-06,Nseraf,RBC,720575940564449335,46619,34191,2005
728,2026-05-06,Nseraf,RBC,720575940575422281,33902,34117,2043
729,2026-05-06,Nseraf,t5i,720575940572457748,48960,33940,2015
730,2026-05-06,Annkri,t6,720575940558865860,33931,35368,2022
731,2026-05-06,Nseraf,t2,720575940569110794,33790,33811,1978
732,2026-05-06,Nseraf,t7,720575940561864126,34051,33924,2017
733,2026-05-06,Nseraf,RBC,720575940564286908,41847,34345,1261
734,2026-05-06,Annkri,t3b,720575940578265406,35762,33600,2024
735,2026-05-06,Nseraf,t2,720575940558414094,47693,34112,1995
736,2026-05-06,Annkri,RBC,720575940569786913,45021,35400,1972
737,2026-05-06,Nseraf,4,720575940575429705,37255,33869,1990
738,2026-05-06,Nseraf,t5o,720575940569731510,34648,34127,2054
739,2026-05-06,Nseraf,RBC,720575940557475874,36677,33733,2000
740,2026-05-06,Nseraf,t6,720575940565644957,33711,33960,2026
741,2026-05-06,Nseraf,RBC,720575940564739053,37631,34065,1993
742,2026-05-07,Nseraf,t3b,720575940554795171,43707,32234,2016
743,2026-05-07,Nseraf,RBC,720575940566417794,36978,32195,2017
744,2026-05-07,Annkri,XBC,720575940562326763,47765,33584,2008
745,2026-05-07,Nseraf,t3b,720575940560188819,37543,32119,2022
746,2026-05-07,Nseraf,t1,720575940566417282,43100,32247,2014
747,2026-05-07,Nseraf,t6,720575940541855352,45227,32294,2024
748,2026-05-07,Nseraf,RBC,720575940569865668,37492,32171,2038
749,2026-05-07,Nseraf,t5i,720575940566407298,49730,33682,2041
750,2026-05-07,Andrearwen,?,720575940560124612,36471,35457,2029
751,2026-05-07,Nseraf,t2,720575940541855096,50007,32297,1962
752,2026-05-07,Annkri,t3b,720575940569780769,42680,33559,2021
753,2026-05-07,Annkri,t6,720575940579645758,40004,33575,1968
754,2026-05-07,Andrearwen,t4,720575940580682046,39967,33436,1983
755,2026-05-07,Andrearwen,t3b,720575940557739912,37141,33426,2014
756,2026-05-07,Nseraf,t5i,720575940580506768,40882,32162,1990
757,2026-05-07,Andrearwen,t7,720575940561667012,38198,33494,1978
758,2026-05-07,Nseraf,t3a,720575940561798306,42862,32275,1972
759,2026-05-07,Nseraf,t3a,720575940561138097,36936,32183,1949
760,2026-05-07,Nseraf,XBC,720575940558880826,37018,32180,2017
761,2026-05-07,Nseraf,RBC,720575940562676697,39554,32412,2006
762,2026-05-07,Nseraf,XBC,720575940566601904,37910,32330,2007
763,2026-05-07,Nseraf,t1,720575940558355910,45774,32386,2011
764,2026-05-07,Nseraf,t6,720575940566347172,37506,32145,2033
765,2026-05-07,Nseraf,RBC,720575940558879034,41398,32374,1991
766,2026-05-07,Andrearwen,t8,720575940575466313,40613,33384,1972
767,2026-05-07,Nseraf,RBC,720575940560654939,36454,32124,2046
768,2026-05-07,Andrearwen,t1,720575940561139377,43037,33320,1997
769,2026-05-07,Nseraf,t5t,720575940566415234,37509,32401,1998
770,2026-05-07,Nseraf,t3b,720575940556154482,49180,32253,2015
771,2026-05-07,Nseraf,t6,720575940571406133,38286,33685,1962
772,2026-05-07,Andrearwen,RBC,720575940564215629,45480,33406,1450
773,2026-05-07,Nseraf,t3a,720575940556156274,43706,32169,2056
774,2026-05-07,Nseraf,t2,720575940556234794,49991,32273,2058
775,2026-05-07,Nseraf,t1,720575940561257052,37924,32409,2037
776,2026-05-07,Nseraf,RBC,720575940561793442,48341,32347,1995
777,2026-05-07,Nseraf,t1,720575940554795427,44693,32233,2030
778,2026-05-07,Nseraf,RBC,720575940573344615,36287,32345,1995
779,2026-05-07,Nseraf,t6,720575940575037654,38479,32367,2051
780,2026-05-07,Nseraf,t4,720575940575613435,40787,32152,2006
781,2026-05-07,Nseraf,RBC,720575940561802658,43679,32154,2028
782,2026-05-07,Andrearwen,t2,720575940571025561,38014,33340,1927
783,2026-05-07,Andrearwen,t2,720575940558127363,40033,33382,2024
784,2026-05-07,Nseraf,RBC,720575940557519210,49663,33659,2031
785,2026-05-07,Annkri,t6,720575940561577668,40598,33565,1880
786,2026-05-07,Nseraf,?,720575940577717781,28923,32314,1932
787,2026-05-07,Nseraf,t5i,720575940571656123,47873,32129,2033
788,2026-05-07,Nseraf,t3b,720575940570121840,46156,33653,2038
789,2026-05-07,Nseraf,t4,720575940565650589,41397,32343,1970
790,2026-05-07,Nseraf,t8,720575940553438579,35336,32156,2004
791,2026-05-07,Annkri,t5o,720575940586906365,47812,33561,2006
792,2026-05-07,Annkri,t3a,720575940574308255,42100,33573,2002
793,2026-05-07,Andrearwen,t5o,720575940561270108,35967,33331,2018
794,2026-05-07,Andrearwen,t4,720575940575614715,40666,33344,2017
795,2026-05-07,Nseraf,GluMI,720575940564388080,50985,32128,2044
796,2026-05-07,st0ck53y,t5o,720575940569743798,34400,35711,2036
797,2026-05-07,Nseraf,RBC,720575940562975564,34272,32406,2002
798,2026-05-07,Nseraf,?,720575940571449055,46111,32203,1993
799,2026-05-07,Nseraf,t5t,720575940575432521,38240,33690,2025
800,2026-05-07,Nseraf,RBC,720575940571654331,46905,33689,2032
801,2026-05-07,Nseraf,t3b,720575940561793698,51000,32333,2048
802,2026-05-07,Nseraf,t4,720575940567012201,44397,32237,2001
803,2026-05-07,Annkri,t3b,720575940570816573,49187,33590,2018
804,2026-05-07,Annkri,t5o,720575940555246551,42734,33592,2041
805,2026-05-07,Nseraf,RBC,720575940565577949,37595,32129,1978
806,2026-05-07,Annkri,t7,720575940567712573,49159,33570,2022
807,2026-05-07,Annkri,GluMI,720575940584310838,48633,33572,2008
808,2026-05-07,Nseraf,RBC,720575940566417026,35732,32248,1981
809,2026-05-07,Nseraf,RBC,720575940580499088,50458,32436,2029
810,2026-05-07,Annkri,t2,720575940558035336,37130,33592,2020
811,2026-05-07,Nseraf,t7,720575940580962393,49114,32324,1976
812,2026-05-07,Nseraf,RBC,720575940558346729,44037,33670,2001
813,2026-05-07,Andrearwen,XBC,720575940572102689,45529,33389,2056
814,2026-05-07,Nseraf,RBC,720575940575612155,34881,32228,2040
815,2026-05-07,Andrearwen,t3b,720575940579646782,40663,33438,2023
816,2026-05-07,Annkri,RBC,720575940571009625,33096,33560,2037
817,2026-05-07,Nseraf,RBC,720575940569788944,39963,33618,2017
818,2026-05-07,Nseraf,t6,720575940569100399,45747,32421,1972
819,2026-05-07,Annkri,t5i,720575940576201169,35978,36142,1400
820,2026-05-07,Nseraf,t2,720575940550657595,40814,32174,1988
821,2026-05-07,Nseraf,t4,720575940572360345,38767,32124,2016
822,2026-05-07,Nseraf,RBC,720575940556577924,43411,32413,2005
823,2026-05-07,Nseraf,RBC,720575940561138353,43075,32160,2036
824,2026-05-07,Andrearwen,t5i,720575940541869176,35327,33319,2043
825,2026-05-07,Annkri,RBC,720575940561668036,38949,33563,2001
826,2026-05-07,Andrearwen,RBC,720575940561531076,37169,33308,2041
827,2026-05-07,Nseraf,t3a,720575940571439327,49156,33614,1995
828,2026-05-07,Annkri,t7,720575940561801122,47866,33569,2044
829,2026-05-07,Nseraf,4,720575940580506256,36290,32213,2027
830,2026-05-07,Andrearwen,RBC,720575940577727550,35320,33420,2035
831,2026-05-07,Nseraf,RBC,720575940580505744,49183,32249,2044
832,2026-05-07,Nseraf,t3a,720575940558355433,39640,32405,2042
833,2026-05-07,Nseraf,RBC,720575940561267548,44253,32205,1966
834,2026-05-07,Nseraf,t3b,720575940557545007,42084,33658,2023
835,2026-05-07,Nseraf,t2,720575940566419842,47878,32137,1999
836,2026-05-07,Nseraf,t6,720575940566415490,37485,32394,2053
837,2026-05-07,Andrearwen,RBC,720575940569224089,44403,33376,2040
838,2026-05-07,Nseraf,GluMI,720575940394391113,37733,32225,1832
839,2026-05-07,Annkri,RBC,720575940560125124,35783,33567,2021
840,2026-05-07,Nseraf,t6,720575940573409281,46442,32423,2012
841,2026-05-07,Annkri,t4,720575940578684716,48649,33590,2025
842,2026-05-07,Andrearwen,XBC,720575940571262013,48705,33425,2042
843,2026-05-07,Nseraf,RBC,720575940554795683,40788,32117,1997
844,2026-05-07,Annkri,4,720575940558278983,35729,33590,1992
845,2026-05-07,Nseraf,RBC,720575940562323691,30437,33672,1881
846,2026-05-07,Nseraf,t5t,720575940578396164,41100,33640,2037
847,2026-05-07,Andrearwen,t5i,720575940541868920,37540,33319,2028
848,2026-05-07,Nseraf,t3a,720575940558869562,38345,33690,1947
849,2026-05-07,Nseraf,t3a,720575940558878778,40421,32399,1989
850,2026-05-07,Andrearwen,RBC,720575940556468183,41744,33481,1990
851,2026-05-07,Andrearwen,RBC,720575940556657288,37130,33450,2007
852,2026-05-07,Nseraf,t3b,720575940556236586,36967,32219,2047
853,2026-05-07,Nseraf,t3a,720575940569801759,41432,32395,2010
854,2026-05-07,Nseraf,t2,720575940561800610,34448,32224,1826
855,2026-05-07,Annkri,t7,720575940557854344,37095,33561,2027
856,2026-05-07,Andrearwen,t6,720575940566395778,30174,33444,2058
857,2026-05-07,Nseraf,RBC,720575940565651101,45322,32239,2003
858,2026-05-07,Nseraf,t5t,720575940566419586,40588,32146,2036
859,2026-05-07,Nseraf,RBC,720575940569805855,37012,32147,2044
860,2026-05-07,Nseraf,t6,720575940560332131,38770,32119,1974
861,2026-05-07,Nseraf,t6,720575940556154226,40320,32276,2022
862,2026-05-07,Nseraf,RBC,720575940564753133,41932,32365,1972
863,2026-05-07,Nseraf,t7,720575940569804319,37922,32299,2004
864,2026-05-07,Andrearwen,t6,720575940561666500,38056,33354,2015
865,2026-05-07,Nseraf,t5i,720575940574578879,48317,32353,2044
866,2026-05-07,Andrearwen,RBC,720575940559671236,33519,33389,1982
867,2026-05-07,Andrearwen,RBC,720575940555954174,46768,33332,1948
868,2026-05-07,Nseraf,t5i,720575940558125315,44268,32170,2036
869,2026-05-07,Nseraf,t1,720575940584658299,49222,32237,2040
870,2026-05-07,Nseraf,RBC,720575940550970464,47737,32382,2001
871,2026-05-07,Nseraf,RBC,720575940566411138,36666,32443,2003
872,2026-05-07,Nseraf,t6,720575940564753645,34877,32343,1962
873,2026-05-07,Nseraf,RBC,720575940558666338,47402,32131,2029
874,2026-05-07,Nseraf,t2,720575940561798050,44371,32291,2049
875,2026-05-07,Nseraf,t1,720575940555992796,50142,33613,2025
876,2026-05-07,Andrearwen,t5o,720575940571450335,39997,33326,2042
877,2026-05-07,Nseraf,t6,720575940566346148,49865,32372,1969
878,2026-05-07,Andrearwen,t4,720575940557568380,45312,33532,2034
879,2026-05-08,Annkri,RBC,720575940577728830,36000,33173,2052
880,2026-05-08,Nseraf,t7,720575940558905146,47867,32076,2007
881,2026-05-08,Annkri,RBC,720575940578870873,49556,33131,2007
882,2026-05-08,Nseraf,t5o,720575940541908344,37840,32063,2006
883,2026-05-08,Nseraf,RBC,720575940577866399,35154,35708,2023
884,2026-05-08,Nseraf,RBC,720575940575492169,47218,35688,2009
885,2026-05-08,Nseraf,RBC,720575940556159602,37917,32093,2015
886,2026-05-08,Nseraf,t2,720575940580526736,32571,35711,2013
887,2026-05-08,Nseraf,t5i,720575940570130288,34723,35694,2042
888,2026-05-08,Annkri,t5t,720575940582683901,37798,33558,1976
889,2026-05-08,Andrearwen,t5o,720575940586143741,38071,33303,1992
890,2026-05-08,Annkri,RBC,720575940561667780,38663,33130,2027
891,2026-05-08,Annkri,RBC,720575940578013502,34410,33173,2005
892,2026-05-08,Nseraf,GluMI,720575940558901818,36335,35643,2045
893,2026-05-08,Annkri,XBC,720575940556205682,39107,33557,2002
894,2026-05-08,Nseraf,t6,720575940562328970,37680,35668,2020
895,2026-05-08,Nseraf,RBC,720575940569891405,47928,32107,1997
896,2026-05-08,Annkri,t6,720575940554112531,50484,33136,1992
897,2026-05-08,Andrearwen,t7,720575940568438425,38266,33302,2029
898,2026-05-08,Annkri,RBC,720575940587136765,42817,33118,2018
899,2026-05-08,Nseraf,t3a,720575940572106273,37642,35684,2022
900,2026-05-08,Annkri,t3a,720575940582552829,42846,33162,2057
901,2026-05-08,Annkri,t7,720575940576023641,39411,33144,2022
902,2026-05-08,Nseraf,t5t,720575940558146819,36006,35665,2035
903,2026-05-08,Nseraf,t8,720575940556159090,32103,32106,2056
904,2026-05-08,Annkri,RBC,720575940561666756,37752,33545,2017
905,2026-05-08,Nseraf,t2,720575940563814573,37668,35623,2006
906,2026-05-08,Nseraf,t4,720575940561328592,37859,32085,1983
907,2026-05-08,Nseraf,t3b,720575940574304032,31532,32546,1585
908,2026-05-08,Andrearwen,t3b,720575940575505993,44314,33308,1981
909,2026-05-08,Nseraf,t3b,720575940562645733,35331,35654,1962
910,2026-05-08,Andrearwen,t1,720575940577316414,39004,33299,2033
911,2026-05-08,Nseraf,t5i,720575940541865592,38835,32098,2026
912,2026-05-08,Nseraf,RBC,720575940564600224,32685,35660,2043
913,2026-05-08,Nseraf,t7,720575940558150915,36293,32089,2036
914,2026-05-08,Nseraf,RBC,720575940575467849,41120,32096,2035
915,2026-05-08,Nseraf,t3a,720575940572103201,27830,32111,1862
916,2026-05-08,Annkri,t5i,720575940555241820,32381,33165,2055
917,2026-05-08,Nseraf,t3a,720575940565582557,46932,35697,2054
918,2026-05-08,Annkri,t5i,720575940577316670,38983,33540,2026
919,2026-05-08,Nseraf,t1,720575940566356644,42202,32077,1992
920,2026-05-09,Annkri,XBC,720575940561156785,40434,33084,2027
921,2026-05-09,Annkri,RBC,720575940561531332,39356,33018,2014
922,2026-05-09,Annkri,t8,720575940571034475,45735,33133,2034
923,2026-05-09,Nseraf,t5i,720575940566359716,46995,32055,2010
924,2026-05-09,Annkri,t3a,720575940561462468,39351,33049,1999
925,2026-05-09,Nseraf,RBC,720575940569609294,40205,32028,2022
926,2026-05-09,Annkri,t2,720575940569707258,36227,33023,2022
927,2026-05-09,Annkri,t2,720575940557047930,46421,33130,2011
928,2026-05-09,Nseraf,?,720575940564197928,50977,32049,1973
929,2026-05-09,Annkri,t3a,720575940567888225,47451,33048,1999
930,2026-05-09,Annkri,t4,720575940572123545,35875,33015,2047
931,2026-05-09,Nseraf,RBC,720575940573446913,41546,32008,2037
932,2026-05-09,Annkri,t3b,720575940561534148,39375,33043,2024
933,2026-05-09,Annkri,XBC,720575940569822495,37128,33551,2027
934,2026-05-09,Nseraf,RBC,720575940567891553,42133,31987,2024
935,2026-05-09,Annkri,t5i,720575940584119805,37082,33084,2029
936,2026-05-09,Annkri,t5o,720575940574836472,38621,33161,2018
937,2026-05-09,Annkri,t5i,720575940570075801,34591,33020,2040
938,2026-05-09,Annkri,RBC,720575940565799945,41277,33020,2041
939,2026-05-09,Nseraf,RBC,720575940567884897,28373,32044,1827
940,2026-05-09,Annkri,RBC,720575940578653017,34870,33046,2021
941,2026-05-09,Nseraf,RBC,720575940555998684,46133,32018,2060
942,2026-05-09,Nseraf,t1,720575940568976534,48175,32021,2012
943,2026-05-09,Nseraf,t3b,720575940568827404,47032,32021,2021
944,2026-05-09,Nseraf,RBC,720575940577719573,31282,32019,1762
945,2026-05-09,Nseraf,t2,720575940557051770,44624,32022,2003
946,2026-05-09,Nseraf,t6,720575940557054074,32108,32198,1737
947,2026-05-09,Nseraf,GluMI,720575940561157809,41560,31988,2002
948,2026-05-09,Annkri,t3b,720575940549025687,41270,33052,2047
949,2026-05-09,Annkri,t6,720575940570210201,36293,33039,2057
950,2026-05-09,Nseraf,RBC,720575940565848564,46987,31986,2011
951,2026-05-09,Annkri,t5o,720575940578262873,41218,33117,1913
952,2026-05-09,Nseraf,t3b,720575940564603040,45392,32012,1987
953,2026-05-09,Annkri,t5i,720575940564588161,48992,33018,2035
954,2026-05-09,Nseraf,RBC,720575940561856019,27892,32031,1918
955,2026-05-09,Nseraf,RBC,720575940559550813,44260,32039,2007
956,2026-05-09,Annkri,t6,720575940569823519,28968,33034,1907
957,2026-05-09,Nseraf,t3a,720575940569707514,35483,32010,1983
958,2026-05-09,Annkri,RBC,720575940561571780,40406,33047,1971
959,2026-05-09,Annkri,RBC,720575940577731902,36301,33091,2034
960,2026-05-09,Nseraf,t5t,720575940565845492,46569,32009,2000
961,2026-05-09,Annkri,RBC,720575940585187795,30167,33487,1869
962,2026-05-09,Annkri,t5i,720575940580976217,39086,33550,2000
963,2026-05-09,Annkri,RBC,720575940580657982,39435,33105,2037
964,2026-05-09,Nseraf,t6,720575940564516433,41558,32054,2010
965,2026-05-09,Annkri,t7,720575940583382269,37078,33032,2018
966,2026-05-09,Nseraf,RBC,720575940558949413,47882,32010,2029
967,2026-05-09,Nseraf,RBC,720575940569527924,44656,31992,2040
968,2026-05-09,Nseraf,t3a,720575940557049466,47885,32038,2007
969,2026-05-09,Annkri,t3a,720575940561851923,41242,33091,2022
970,2026-05-09,Nseraf,t5i,720575940561308508,41507,31997,1978
971,2026-05-10,Annkri,t5i,720575940578254169,40382,32951,2024
972,2026-05-10,Annkri,RBC,720575940547526405,29239,32891,2001
973,2026-05-10,Annkri,t3b,720575940571167641,44875,32985,2034
974,2026-05-10,Annkri,t5o,720575940557054330,47410,32987,2011
975,2026-05-10,Annkri,t2,720575940584312317,49270,32922,1961
976,2026-05-10,Annkri,RBC,720575940571245833,33546,32934,2036
977,2026-05-10,Annkri,?,720575940585188051,41109,32954,2032
978,2026-05-10,Annkri,t1,720575940581348760,48171,32985,2053
979,2026-05-10,Annkri,RBC,720575940571345049,44917,32994,2015
980,2026-05-10,Annkri,t6,720575940562872734,47486,32926,2048
981,2026-05-10,Annkri,t4,720575940572649369,49282,32979,2032
982,2026-05-10,Annkri,RBC,720575940578914649,40425,32946,1980
983,2026-05-10,Annkri,RBC,720575940569763737,35125,32937,2009
984,2026-05-10,Annkri,RBC,720575940569151897,49242,32914,2025
985,2026-05-10,Annkri,RBC,720575940567144222,47530,32993,2013
986,2026-05-10,Annkri,t2,720575940561694288,35527,32908,1996
987,2026-05-10,Annkri,t6,720575940569048473,49253,32965,2028
988,2026-05-10,Annkri,RBC,720575940579468121,42863,32908,1998
989,2026-05-10,Annkri,t3b,720575940586450173,47500,32958,2029
990,2026-05-10,Annkri,t3a,720575940568326041,35552,32926,2041
991,2026-05-10,Annkri,RBC,720575940577727806,35561,32994,2031
992,2026-05-10,Annkri,t3b,720575940565848820,32556,32957,1881
993,2026-05-10,Annkri,t3b,720575940571587225,36288,32979,1987
994,2026-05-10,Annkri,GluMI,720575940573469340,49208,32972,1967
995,2026-05-10,Annkri,t3b,720575940582949319,41688,32901,1985
996,2026-05-10,Annkri,GluMI,720575940568082182,43280,32893,2023
997,2026-05-10,Annkri,RBC,720575940575775321,47568,32965,2021
998,2026-05-10,Annkri,t3b,720575940585389053,48992,32991,2022
999,2026-05-11,Andrearwen,t6,720575940569661010,34852,33289,2015
1000,2026-05-11,Annkri,t4,720575940569242265,38727,32818,2006
1001,2026-05-11,Annkri,RBC,720575940586502909,41966,32793,2028
1002,2026-05-11,Annkri,RBC,720575940578928729,41190,32817,2011
1003,2026-05-11,Annkri,t2,720575940572191641,36676,32848,2009
1004,2026-05-11,Annkri,RBC,720575940584086013,37157,32833,1979
1005,2026-05-11,Annkri,t1,720575940568241305,45266,32867,2006
1006,2026-05-11,Annkri,RBC,720575940578834521,49971,32831,1992
1007,2026-05-11,Annkri,t6,720575940567476121,34254,32872,2045
1008,2026-05-11,Annkri,RBC,720575940573476609,34862,32819,2012
1009,2026-05-11,Annkri,RBC,720575940583378685,36651,32839,2024
1010,2026-05-11,Annkri,RBC,720575940571795097,42581,32822,2020
1011,2026-05-11,Annkri,RBC,720575940584172285,37771,32852,2022
1012,2026-05-11,Annkri,t4,720575940578300761,40719,32814,2001
1013,2026-05-11,Annkri,RBC,720575940585398269,34239,32875,2017
1014,2026-05-11,Annkri,RBC,720575940582895357,36343,32838,2063
1015,2026-05-11,Annkri,t7,720575940568923320,35160,32880,2005
1016,2026-05-11,Annkri,t3b,720575940586082813,42533,32806,2051
1017,2026-05-11,Andrearwen,?,720575940582949319,41680,32864,2040
1018,2026-05-11,Andrearwen,4,720575940557352028,33319,33290,2047
1019,2026-05-11,Annkri,RBC,720575940566618677,38686,32797,2015
1020,2026-05-11,Annkri,?,720575940551643478,29853,32830,2055
1021,2026-05-11,Annkri,t3b,720575940560560273,45179,32816,2015
1022,2026-05-12,Nseraf,RBC,720575940563381167,46581,31952,2014
1023,2026-05-12,Andrearwen,t3b,720575940577296729,37534,33246,2034
1024,2026-05-12,Andrearwen,t6,720575940578874969,49520,33240,1986
1025,2026-05-12,Nseraf,RBC,720575940558512868,51228,31783,2054
1026,2026-05-12,Nseraf,RBC,720575940569685074,35073,31786,2053
1027,2026-05-12,Andrearwen,RBC,720575940585192659,43515,33191,2037
1028,2026-05-12,Nseraf,t6,720575940561695824,35682,31948,1992
1029,2026-05-12,Annkri,t2,720575940584018685,39560,32705,2007
1030,2026-05-12,Andrearwen,t5i,720575940568445081,38109,33258,2012
1031,2026-05-12,Annkri,t5o,720575940551661398,45154,32674,2040
1032,2026-05-12,Andrearwen,t1,720575940568859911,37967,33208,2026
1033,2026-05-12,Nseraf,RBC,720575940556663428,39534,31815,2002
1034,2026-05-12,Annkri,t3b,720575940569244313,37800,32793,1993
1035,2026-05-12,Nseraf,t7,720575940581969773,40453,31966,2061
1036,2026-05-12,Nseraf,t2,720575940581058137,45756,31809,2056
1037,2026-05-12,Nseraf,t3b,720575940564998547,42746,31740,2021
1038,2026-05-12,Andrearwen,RBC,720575940578069593,43615,33259,2007
1039,2026-05-12,Andrearwen,GluMI,720575940569335961,38606,33214,2020
1040,2026-05-12,Nseraf,t5o,720575940571612715,45777,31731,2057
1041,2026-05-12,Andrearwen,RBC,720575940569666130,49647,33228,1984
1042,2026-05-12,Nseraf,RBC,720575940573519873,49772,31766,2004
1043,2026-05-12,Nseraf,t5t,720575940583579966,43799,31906,2058
1044,2026-05-12,Andrearwen,RBC,720575940555953918,46542,33193,2024
1045,2026-05-12,Nseraf,RBC,720575940565687141,39156,31758,2015
1046,2026-05-12,Nseraf,t5o,720575940567031401,47436,31771,2063
1047,2026-05-12,Andrearwen,RBC,720575940584963069,40542,33210,2034
1048,2026-05-12,Nseraf,RBC,720575940564397808,36974,31943,2029
1049,2026-05-12,Nseraf,t6,720575940560598673,47447,31719,2039
1050,2026-05-12,Nseraf,RBC,720575940582624894,41110,31830,2031
1051,2026-05-12,Nseraf,RBC,720575940583580222,38526,31828,2031
1052,2026-05-12,Annkri,t4,720575940566797203,37107,32755,2016
1053,2026-05-12,Nseraf,RBC,720575940560651338,48710,31878,1946
1054,2026-05-12,Nseraf,t3a,720575940554757670,28751,31906,1859
1055,2026-05-12,Nseraf,t6,720575940554809507,39677,31872,2054
1056,2026-05-12,Annkri,RBC,720575940577688409,39783,32756,2011
1057,2026-05-12,Nseraf,t5t,720575940558013942,39624,31878,2020
1058,2026-05-12,Nseraf,RBC,720575940573520129,50597,31753,2041
1059,2026-05-12,Nseraf,t5i,720575940563303934,44704,31950,2039
1060,2026-05-12,Nseraf,t6,720575940572549883,42717,31899,1948
1061,2026-05-12,Nseraf,RBC,720575940561177777,44222,31775,2018
1062,2026-05-12,Nseraf,t2,720575940573518849,42584,31815,2054
1063,2026-05-12,Nseraf,t2,720575940562961822,37433,31713,1928
1064,2026-05-12,Annkri,t5i,720575940575600729,44405,32758,2039
1065,2026-05-12,Andrearwen,t4,720575940558865092,34908,33258,2004
1066,2026-05-12,Nseraf,RBC,720575940565689701,27606,31730,1956
1067,2026-05-12,Nseraf,RBC,720575940573361767,42631,31873,1943
1068,2026-05-12,Nseraf,t7,720575940564525137,39594,31863,1969
1069,2026-05-12,Andrearwen,t2,720575940569793945,34904,33279,2045
1070,2026-05-12,Annkri,t3b,720575940572894105,49984,32731,1959
1071,2026-05-12,Andrearwen,RBC,720575940556655240,36774,33268,2020
1072,2026-05-12,Nseraf,t6,720575940558513380,50506,31743,1968
1073,2026-05-12,Andrearwen,t5o,720575940564521553,36779,33242,2031
1074,2026-05-12,Nseraf,t4,720575940581064025,41960,31722,2048
1075,2026-05-12,Nseraf,t6,720575940554022746,35381,31953,2063
1076,2026-05-12,Nseraf,RBC,720575940573519361,45787,31787,2032
1077,2026-05-12,Nseraf,RBC,720575940563744629,35425,31932,2020
1078,2026-05-12,Andrearwen,RBC,720575940565100111,44309,31660,2054
1079,2026-05-12,Nseraf,t2,720575940565099622,47375,31749,2012
1080,2026-05-12,Nseraf,t1,720575940581057881,47758,31816,2038
1081,2026-05-12,Andrearwen,RBC,720575940572365998,41353,31668,2034
1082,2026-05-12,Annkri,RBC,720575940571261449,45162,32715,2043
1083,2026-05-12,Nseraf,t3a,720575940558277727,45454,31957,2048
1084,2026-05-12,Nseraf,t6,720575940560062101,36912,31926,2015
1085,2026-05-12,Andrearwen,t6,720575940578080857,44215,33222,1962
1086,2026-05-12,Annkri,RBC,720575940569571737,42497,32726,1934
1087,2026-05-12,Nseraf,RBC,720575940553305617,47782,31875,1998
1088,2026-05-12,Nseraf,4,720575940560650826,46588,31947,2028
1089,2026-05-12,Andrearwen,t6,720575940569175193,49562,33221,1977
1090,2026-05-12,Nseraf,t4,720575940567884344,48755,31866,1989
1091,2026-05-12,Annkri,XBC,720575940562959006,49985,32727,2040
1092,2026-05-12,Nseraf,t4,720575940560849811,37834,31726,1972
1093,2026-05-12,Nseraf,t3a,720575940560595345,35601,31934,2047
1094,2026-05-12,Nseraf,t3a,720575940576647417,42636,31907,1982
1095,2026-05-12,Annkri,t5i,720575940576461401,49976,32690,2033
1096,2026-05-12,Annkri,t5o,720575940557019546,44308,32699,2034
1097,2026-05-12,Andrearwen,RBC,720575940571097744,36880,31661,2027
1098,2026-05-12,Nseraf,RBC,720575940564721721,34816,31777,2016
1099,2026-05-12,Nseraf,RBC,720575940562959774,39682,31810,2039
1100,2026-05-12,Nseraf,t3b,720575940580546448,38191,31921,2003
1101,2026-05-12,Andrearwen,t6,720575940556560520,38589,33195,1974
1102,2026-05-12,Nseraf,t2,720575940564524881,42672,31918,1964
1103,2026-05-12,Nseraf,t6,720575940571467487,48776,31875,1968
1104,2026-05-12,Annkri,RBC,720575940569221785,44364,32741,1989
1105,2026-05-12,Andrearwen,XBC,720575940558280031,44207,33262,2026
1106,2026-05-12,Andrearwen,RBC,720575940551660630,37476,31654,1952
1107,2026-05-12,Annkri,t8,720575940551125986,49984,32748,2017
1108,2026-05-12,Nseraf,t1,720575940572029644,41452,31895,2023
1109,2026-05-12,Nseraf,RBC,720575940561864211,36147,31957,2013
1110,2026-05-12,Andrearwen,RBC,720575940555161598,44756,33175,2057
1111,2026-05-12,Andrearwen,t3a,720575940553640131,49627,33202,1986
1112,2026-05-12,Andrearwen,t3b,720575940564023122,50464,33181,2011
1113,2026-05-12,Nseraf,t3a,720575940573509020,49798,31778,2005
1114,2026-05-12,Andrearwen,RBC,720575940556070359,45739,33255,2004
1115,2026-05-12,Nseraf,t5i,720575940573509532,40044,31742,2044
1116,2026-05-12,Andrearwen,t2,720575940555951614,47984,33278,1937
1117,2026-05-12,Annkri,RBC,720575940577337433,41471,32696,1951
1118,2026-05-12,Annkri,t3b,720575940577697625,39828,32774,2008
1119,2026-05-12,Nseraf,t3b,720575940547005781,39186,31769,2058
1120,2026-05-12,Nseraf,t2,720575940572316313,39627,31899,1944
1121,2026-05-12,Nseraf,t3a,720575940556663940,31241,31858,1600
1122,2026-05-13,Nseraf,t6,720575940570161264,40193,31462,2021
1123,2026-05-13,Nseraf,RBC,720575940556404250,34703,31535,1987
1124,2026-05-13,Annkri,RBC,720575940579334233,49602,32585,2052
1125,2026-05-13,Nseraf,t6,720575940560346979,43293,31133,1995
1126,2026-05-13,Nseraf,t3b,720575940581118297,36110,31441,2002
1127,2026-05-13,Annkri,t4,720575940584705277,38964,32658,2001
1128,2026-05-13,Nseraf,?,720575940556027612,45163,31513,2010
1129,2026-05-13,Nseraf,RBC,720575940554029146,38123,31468,2057
1130,2026-05-13,Nseraf,RBC,720575940583060167,36940,31419,1458
1131,2026-05-13,Nseraf,t6,720575940569711442,48617,31251,1967
1132,2026-05-13,Nseraf,RBC,720575940560648849,30382,31046,1680
1133,2026-05-13,Nseraf,t5o,720575940557019802,41983,31706,2029
1134,2026-05-13,Nseraf,RBC,720575940581129305,26889,31285,1979
1135,2026-05-13,Nseraf,t2,720575940573538716,44931,31180,1994
1136,2026-05-13,Nseraf,t6,720575940551688790,31453,31231,1982
1137,2026-05-13,Nseraf,RBC,720575940564401136,31379,31356,2045
1138,2026-05-13,Nseraf,t3a,720575940565129062,46249,31342,2045
1139,2026-05-13,Nseraf,t8,720575940569711698,38323,31240,2023
1140,2026-05-13,Nseraf,t2,720575940583068359,39455,31209,1970
1141,2026-05-13,Andrearwen,t5i,720575940572359833,38099,31653,1989
1142,2026-05-13,Nseraf,RBC,720575940563004574,50149,31274,2033
1143,2026-05-13,Nseraf,t7,720575940554110477,42875,31133,2043
1144,2026-05-13,Annkri,t5i,720575940584391421,50600,32583,2023
1145,2026-05-13,Nseraf,RBC,720575940566974942,50567,31365,2035
1146,2026-05-13,Nseraf,t2,720575940558864984,47566,31131,2032
1147,2026-05-13,Annkri,t5t,720575940576519513,49958,32662,2015
1148,2026-05-13,Andrearwen,t7,720575940583071175,38765,31605,2061
1149,2026-05-13,Nseraf,t2,720575940571632939,36506,31400,1973
1150,2026-05-13,Nseraf,RBC,720575940565866996,47982,31480,2020
1151,2026-05-13,Nseraf,t6,720575940560626065,45066,31675,1968
1152,2026-05-13,Nseraf,RBC,720575940570155632,38190,31535,2054
1153,2026-05-13,Nseraf,RBC,720575940558543076,40462,31293,2047
1154,2026-05-13,Andrearwen,t6,720575940573592577,43609,31594,2032
1155,2026-05-13,Nseraf,t1,720575940565125990,42360,31448,1997
1156,2026-05-13,Annkri,RBC,720575940569332889,38982,32616,2008
1157,2026-05-13,Andrearwen,t3b,720575940572460974,41890,31646,2034
1158,2026-05-13,Nseraf,t4,720575940554664005,42858,31231,2013
1159,2026-05-13,Annkri,t7,720575940581131097,46856,32631,2035
1160,2026-05-13,Nseraf,t3b,720575940573554689,50400,31133,1962
1161,2026-05-13,Nseraf,RBC,720575940565129318,37494,31296,2055
1162,2026-05-13,Andrearwen,RBC,720575940564449036,46802,31628,2020
1163,2026-05-13,Andrearwen,RBC,720575940571587728,38812,31594,2020
1164,2026-05-13,Nseraf,t5i,720575940558513892,36460,31708,2001
1165,2026-05-13,Nseraf,RBC,720575940573573377,49676,31341,1980
1166,2026-05-13,Nseraf,t3a,720575940565130342,48684,31255,2050
1167,2026-05-13,Nseraf,t3b,720575940564738873,39273,31175,2030
1168,2026-05-13,Nseraf,RBC,720575940547538693,38980,31456,2032
1169,2026-05-13,Annkri,RBC,720575940577928281,43662,32619,2036
1170,2026-05-13,Nseraf,t5o,720575940581066073,44252,31686,2042
1171,2026-05-13,Annkri,RBC,720575940563005086,35276,32613,1987
1172,2026-05-13,Nseraf,t6,720575940564384923,43893,31113,1969
1173,2026-05-13,Nseraf,RBC,720575940566974686,49645,31387,2058
1174,2026-05-13,Andrearwen,t3a,720575940573575425,50562,31617,2022
1175,2026-05-13,Nseraf,t5t,720575940569272205,44795,31528,2022
1176,2026-05-13,Annkri,RBC,720575940549637981,31301,32588,2060
1177,2026-05-13,Nseraf,t3a,720575940551683414,46569,31403,2016
1178,2026-05-13,Nseraf,t3a,720575940553391829,39155,31526,2056
1179,2026-05-13,Annkri,RBC,720575940585462269,49949,32612,2007
1180,2026-05-13,Nseraf,RBC,720575940558705762,50672,31502,2026
1181,2026-05-13,Annkri,t3b,720575940566978270,41497,32574,2031
1182,2026-05-13,Nseraf,t7,720575940559512075,45166,31679,2010
1183,2026-05-13,Nseraf,t2,720575940565735013,46826,31679,2011
1184,2026-05-13,Nseraf,t5o,720575940581124441,41347,31350,1995
1185,2026-05-13,Andrearwen,t3a,720575940583031495,41946,31646,1967
1186,2026-05-13,Nseraf,4,720575940556728196,40863,31347,2028
1187,2026-05-13,Annkri,RBC,720575940578707801,47912,32637,2020
1188,2026-05-13,Nseraf,RBC,720575940565743205,43477,31535,2058
1189,2026-05-13,Nseraf,t7,720575940565762405,39462,31287,1975
1190,2026-05-13,Annkri,RBC,720575940586396925,46976,32576,2016
1191,2026-05-13,Nseraf,RBC,720575940564737081,46304,31310,2005
1192,2026-05-13,Annkri,t3b,720575940577914457,43677,32587,2015
1193,2026-05-13,Nseraf,t5o,720575940569709906,37084,31348,2045
1194,2026-05-13,Nseraf,t3b,720575940573574401,44307,31280,1985
1195,2026-05-13,Andrearwen,t5o,720575940563120737,49293,31608,2055
1196,2026-05-13,Nseraf,RBC,720575940573567233,45209,31463,1999
1197,2026-05-13,Nseraf,t6,720575940565763941,37544,31282,2023
1198,2026-05-13,Nseraf,t2,720575940583063495,38528,31343,1977
1199,2026-05-13,Annkri,RBC,720575940585949437,46910,32623,2043
1200,2026-05-13,Nseraf,t2,720575940577516462,37862,31684,1973
1201,2026-05-13,Nseraf,GluMI,720575940557039770,49649,31412,1998
1202,2026-05-13,Nseraf,XBC,720575940558542564,40506,31352,2036
1203,2026-05-13,Nseraf,t7,720575940576651513,47906,31445,2026
1204,2026-05-13,Nseraf,t3b,720575940551661654,45101,31701,2024
1205,2026-05-13,Nseraf,t3a,720575940561876898,47749,31172,2009
1206,2026-05-13,Andrearwen,RBC,720575940556755588,31770,31602,2049
1207,2026-05-13,Nseraf,t6,720575940560636561,42188,31420,2030
1208,2026-05-13,Andrearwen,RBC,720575940560209043,39101,31652,1998
1209,2026-05-13,Nseraf,RBC,720575940553400277,48681,31273,2011
1210,2026-05-13,Nseraf,t6,720575940553650883,47490,31131,2026
1211,2026-05-13,Nseraf,RBC,720575940581130841,44321,31245,1975
1212,2026-05-13,Annkri,?,720575940577280345,45811,32558,2016
1213,2026-05-13,Nseraf,t5t,720575940563007646,51097,31213,2008
1214,2026-05-13,Nseraf,t3a,720575940565868532,37437,31163,2059
1215,2026-05-13,Andrearwen,RBC,720575940564981907,44354,31628,2026
1216,2026-05-13,Nseraf,t3a,720575940583065031,48709,31273,2057
1217,2026-05-13,Andrearwen,RBC,720575940563287869,49252,31637,2014
1218,2026-05-13,Nseraf,RBC,720575940562990668,51420,31474,2031
1219,2026-05-13,Annkri,t1,720575940577920857,43935,32580,2030
1220,2026-05-13,Nseraf,t1,720575940538550451,51178,31271,2047
1221,2026-05-13,Nseraf,RBC,720575940564480823,35867,31529,2006
1222,2026-05-13,Nseraf,RBC,720575940565867508,35613,31293,2058
1223,2026-05-13,Nseraf,t7,720575940558546404,44334,31220,1962
1224,2026-05-13,Nseraf,GluMI,720575940562986805,47944,31486,1992
1225,2026-05-13,Andrearwen,RBC,720575940573538305,31775,31645,2059
1226,2026-05-13,Nseraf,t5i,720575940571796017,37382,31697,2015
1227,2026-05-13,Annkri,RBC,720575940557041562,43690,32644,683
1228,2026-05-13,Nseraf,t3b,720575940563393967,47103,31152,1968
1229,2026-05-13,Nseraf,t3b,720575940571417909,37405,31681,2008
1230,2026-05-13,Nseraf,t5t,720575940560646289,39336,31208,2032
1231,2026-05-13,Nseraf,t5i,720575940554661445,50629,31507,2003
1232,2026-05-13,Nseraf,XBC,720575940565753957,41730,31435,2034
1233,2026-05-13,Annkri,t7,720575940569754521,35335,32589,2035
1234,2026-05-13,Nseraf,t5i,720575940574452292,47544,31133,2042
1235,2026-05-13,Nseraf,RBC,720575940560645265,39460,31226,2004
1236,2026-05-13,Annkri,t2,720575940577424217,41537,32603,2020
1237,2026-05-13,Nseraf,t5i,720575940573581825,43344,31215,2028
1238,2026-05-13,Nseraf,t3b,720575940558433550,40238,31451,2000
1239,2026-05-13,Andrearwen,RBC,720575940560004364,36468,31646,1996
1240,2026-05-13,Nseraf,t1,720575940556030684,39939,31179,1988
1241,2026-05-13,Nseraf,t5o,720575940562998942,50602,31450,2010
1242,2026-05-13,Nseraf,t1,720575940572457134,44316,31322,1980
1243,2026-05-13,Nseraf,t6,720575940557342772,50572,31489,2021
1244,2026-05-13,Nseraf,?,720575940583063751,46240,31316,2011
1245,2026-05-13,Nseraf,RBC,720575940565765477,42873,31241,2036
1246,2026-05-13,Nseraf,t6,720575940556729476,46198,31289,2027
1247,2026-05-13,Nseraf,XBC,720575940573534108,47992,31507,2029
1248,2026-05-13,Andrearwen,t1,720575940556732292,49317,31630,2037
1249,2026-05-13,Annkri,t2,720575940584433405,38972,32558,2017
1250,2026-05-13,Nseraf,RBC,720575940561190065,39987,31236,2029
1251,2026-05-13,Annkri,RBC,720575940581131865,45460,32625,1568
1252,2026-05-13,Andrearwen,t5o,720575940569560409,32609,31471,1667
1253,2026-05-14,Nseraf,t6,720575940556835460,40273,30843,1983
1254,2026-05-14,Nseraf,t3a,720575940565161830,38815,31044,2047
1255,2026-05-14,Andrearwen,t4,720575940556756868,43396,31592,2061
1256,2026-05-14,Nseraf,RBC,720575940574464836,34866,31058,1973
1257,2026-05-14,Andrearwen,t5o,720575940560201107,37852,31576,2025
1258,2026-05-14,Nseraf,RBC,720575940556828292,51851,30890,2055
1259,2026-05-14,Nseraf,RBC,720575940569562996,50526,31020,2038
1260,2026-05-14,Nseraf,t5i,720575940554688837,51805,31079,2056
1261,2026-05-14,Nseraf,t8,720575940583119047,44966,30866,2011
1262,2026-05-14,Nseraf,t4,720575940573656065,48332,30860,2025
1263,2026-05-14,Nseraf,t4,720575940538580147,50405,31066,1963
1264,2026-05-14,Nseraf,t7,720575940563309054,43889,31072,1953
1265,2026-05-14,Nseraf,t3a,720575940565784165,44047,31102,2063
1266,2026-05-14,Nseraf,t4,720575940569559214,47730,31098,2010
1267,2026-05-14,Nseraf,t3b,720575940556828804,48278,30887,2020
1268,2026-05-14,Nseraf,?,720575940560694673,43262,31021,2042
1269,2026-05-14,Nseraf,t5o,720575940566993374,46907,30972,2006
1270,2026-05-14,Nseraf,t6,720575940564752441,51813,31042,2042
1271,2026-05-14,Nseraf,XBC,720575940556808836,38845,31052,2048
1272,2026-05-14,Nseraf,t4,720575940569743442,47089,30853,2056
1273,2026-05-14,Nseraf,4,720575940560693393,43978,31061,2018
1274,2026-05-14,Andrearwen,t5i,720575940560172179,39165,31588,2056
1275,2026-05-14,Nseraf,t5t,720575940571658283,45663,30875,2049
1276,2026-05-14,Nseraf,t5i,720575940560703377,40290,30916,1969
1277,2026-05-14,Nseraf,RBC,720575940562000574,43949,31090,1953
1278,2026-05-14,Nseraf,t3b,720575940569771960,47096,31087,2013
1279,2026-05-14,Nseraf,RBC,720575940561204657,43461,30967,2042
1280,2026-05-14,Nseraf,GluMI,720575940581153625,51657,31108,1998
1281,2026-05-14,Nseraf,RBC,720575940557063066,41087,30981,1639
1282,2026-05-14,Nseraf,t3b,720575940569739346,31855,30982,2052
1283,2026-05-14,Nseraf,t3b,720575940570215286,37794,30962,2058
1284,2026-05-14,Nseraf,t2,720575940556432154,50905,30984,1998
1285,2026-05-14,Nseraf,t6,720575940564753721,38162,30961,1964
1286,2026-05-14,Nseraf,RBC,720575940581229913,41740,30867,1962
1287,2026-05-14,Nseraf,GluMI,720575940573570204,50882,30973,1994
1288,2026-05-14,Annkri,RBC,720575940585534717,50597,32546,2043
1289,2026-05-14,Nseraf,t8,720575940556833412,41732,30855,2028
1290,2026-05-14,Nseraf,t3b,720575940556806532,43953,31070,2026
1291,2026-05-14,Nseraf,RBC,720575940560832904,50986,31019,1978
1292,2026-05-14,Nseraf,t4,720575940571657515,41276,30891,1996
1293,2026-05-14,Nseraf,RBC,720575940581225049,27658,30937,1860
1294,2026-05-14,Nseraf,t5i,720575940581216089,48320,30943,2023
1295,2026-05-14,Nseraf,RBC,720575940581206361,43272,31067,2043
1296,2026-05-14,Nseraf,RBC,720575940565137575,32385,31090,2038
1297,2026-05-14,Nseraf,t4,720575940556824196,48454,30931,2029
1298,2026-05-14,Annkri,t5o,720575940576503641,50446,32552,2010
1299,2026-05-14,Nseraf,t1,720575940565859429,47057,30892,2023
1300,2026-05-14,Nseraf,t3a,720575940581153881,43936,31108,2011
1301,2026-05-14,Andrearwen,RBC,720575940572460462,43309,31575,2035
1302,2026-05-14,Nseraf,t1,720575940561884322,46878,31024,1980
1303,2026-05-14,Nseraf,t3a,720575940571613505,47078,30952,1963
1304,2026-05-14,Nseraf,t4,720575940554036826,51040,31018,1997
1305,2026-05-14,Nseraf,RBC,720575940570811048,40708,31085,1986
1306,2026-05-14,Nseraf,RBC,720575940562000318,47166,31098,2053
1307,2026-05-14,Nseraf,t7,720575940565847909,36729,30990,2043
1308,2026-05-14,Andrearwen,t6,720575940572364462,43426,31579,2056
1309,2026-05-14,Nseraf,t5i,720575940581226585,50908,30914,2033
1310,2026-05-14,Nseraf,t2,720575940570215542,50491,30957,1991
1311,2026-05-14,Nseraf,t6,720575940549082502,47551,31071,2043
1312,2026-05-14,Nseraf,t7,720575940553430229,38839,31082,2052
1313,2026-05-14,Nseraf,t3b,720575940560707729,45640,30844,2050
1314,2026-05-14,Nseraf,t5t,720575940563408559,43479,31020,1985
1315,2026-05-14,Nseraf,t4,720575940558568676,41701,31040,2058
1316,2026-05-14,Nseraf,t6,720575940551709014,48279,30981,1958
1317,2026-05-14,Nseraf,RBC,720575940581206105,46907,31068,2030
1318,2026-05-14,Nseraf,RBC,720575940556826756,37939,30908,2042
1319,2026-05-14,Nseraf,RBC,720575940560660042,32026,31328,1778
1320,2026-05-14,Nseraf,RBC,720575940557591599,46890,31021,2006
1321,2026-05-14,Nseraf,RBC,720575940560649873,47800,31091,2045
1322,2026-05-14,Nseraf,RBC,720575940560696977,45452,30993,1999
1323,2026-05-14,Andrearwen,RBC,720575940572664685,50558,31592,2017
1324,2026-05-14,Nseraf,RBC,720575940577785621,38571,31037,2058
1325,2026-05-14,Nseraf,t7,720575940565866341,48476,30844,2060
1326,2026-05-14,Nseraf,RBC,720575940571654955,41716,31028,2003
1327,2026-05-14,Andrearwen,RBC,720575940572691707,41965,31589,2045
1328,2026-05-14,Nseraf,RBC,720575940563844781,42783,30948,2032
1329,2026-05-14,Annkri,RBC,720575940579315289,37272,32551,1977
1330,2026-05-15,Nseraf,t2,720575940562092734,45669,30666,2060
1331,2026-05-15,Nseraf,t5i,720575940581317977,51550,30584,2044
1332,2026-05-15,Annkri,RBC,720575940577806357,45185,32530,2032
1333,2026-05-15,Andrearwen,t4,720575940571818933,50570,31544,2005
1334,2026-05-15,Nseraf,RBC,720575940546672627,32825,30930,1773
1335,2026-05-15,Nseraf,GluMI,720575940554712645,36371,30720,1720
1336,2026-05-15,Andrearwen,t1,720575940569765970,43616,31560,2054
1337,2026-05-15,Nseraf,t4,720575940583584830,49784,30815,2024
1338,2026-05-15,Annkri,RBC,720575940573596572,46229,32530,1985
1339,2026-05-15,Andrearwen,t6,720575940583020797,48009,31546,1958
1340,2026-05-15,Nseraf,t6,720575940573694465,45668,30704,2034
1341,2026-05-15,Nseraf,RBC,720575940560837768,42493,30726,1999
1342,2026-05-15,Nseraf,t3a,720575940561209777,37063,30832,2033
1343,2026-05-15,Nseraf,RBC,720575940563845293,44963,30825,2004
1344,2026-05-15,Nseraf,t6,720575940565933157,37383,30586,2003
1345,2026-05-15,Nseraf,t6,720575940581290841,41899,30711,1981
1346,2026-05-15,Nseraf,t1,720575940571818033,48390,30831,2027
1347,2026-05-15,Nseraf,4,720575940560748433,49746,30636,2022
1348,2026-05-15,Nseraf,RBC,720575940571668523,40669,30615,2005
1349,2026-05-15,Nseraf,t2,720575940558301839,40580,30600,1954
1350,2026-05-15,Nseraf,t6,720575940564779245,45389,30789,1954
1351,2026-05-15,Nseraf,t3b,720575940564767801,49728,30610,2024
1352,2026-05-15,Nseraf,GluMI,720575940558718306,45645,30830,2032
1353,2026-05-15,Annkri,t2,720575940568456089,40337,32532,2020
1354,2026-05-15,Nseraf,t3a,720575940561704784,49915,30751,2045
1355,2026-05-15,Nseraf,RBC,720575940561221809,51439,30607,2007
1356,2026-05-15,Nseraf,t3b,720575940556441626,36539,30807,2028
1357,2026-05-15,Annkri,t5i,720575940570969753,46208,32536,1998
1358,2026-05-15,Nseraf,t5i,720575940564766777,46080,30689,1997
1359,2026-05-15,Nseraf,RBC,720575940560744081,28367,30950,1795
1360,2026-05-15,Andrearwen,t6,720575940571603088,40496,31544,1991
1361,2026-05-15,Nseraf,RBC,720575940561216177,49230,30783,2036
1362,2026-05-15,Nseraf,RBC,720575940560708753,49802,30836,2033
1363,2026-05-15,Nseraf,t1,720575940573708545,42925,30584,1994
1364,2026-05-15,Annkri,t6,720575940570158233,36509,32540,2028
1365,2026-05-15,Nseraf,t3a,720575940563556934,40976,30727,2016
1366,2026-05-15,Nseraf,RBC,720575940565924453,44017,30655,1967
1367,2026-05-15,Nseraf,RBC,720575940581312345,30960,30857,1597
1368,2026-05-15,Nseraf,t1,720575940581312601,46078,30646,1993
1369,2026-05-15,Nseraf,t4,720575940565195110,46125,30611,2022
1370,2026-05-15,Nseraf,RBC,720575940565929829,46164,30630,2033
1371,2026-05-15,Nseraf,t5t,720575940573597084,44096,30611,2013
1372,2026-05-15,Nseraf,t1,720575940565867365,44901,30838,1982
1373,2026-05-15,Nseraf,t5o,720575940556446234,49665,30630,2014
1374,2026-05-15,Nseraf,t5t,720575940556434970,45414,30833,1896
1375,2026-05-15,Andrearwen,t3b,720575940572194811,43450,31540,2008
1376,2026-05-15,Nseraf,t2,720575940563092382,42942,30631,2052
1377,2026-05-15,Nseraf,t7,720575940556864132,45647,30815,1983
1378,2026-05-15,Nseraf,t4,720575940573683969,42096,30820,2023
1379,2026-05-15,Nseraf,t7,720575940565933413,51478,30584,1962
1380,2026-05-15,Nseraf,t5i,720575940556880516,43595,30694,2008
1381,2026-05-15,Nseraf,t5i,720575940562355082,46661,30762,2035
1382,2026-05-15,Andrearwen,t5i,720575940569906606,45177,31536,1978
1383,2026-05-15,Nseraf,t6,720575940568871431,49824,30776,1944
1384,2026-05-15,Nseraf,t3b,720575940565903461,48902,30769,2058
1385,2026-05-15,Nseraf,t5i,720575940552864255,37485,30743,1734
1386,2026-05-15,Nseraf,t7,720575940556880260,41007,30702,2039
1387,2026-05-15,Nseraf,RBC,720575940553455317,50018,30759,2020
1388,2026-05-15,Nseraf,RBC,720575940572485652,40248,30795,2020
1389,2026-05-15,Nseraf,t6,720575940581317721,51651,30584,2011
1390,2026-05-15,Nseraf,t5o,720575940558585060,25809,30756,2054
1391,2026-05-15,Nseraf,t3b,720575940573597340,39887,30572,2018
1392,2026-05-15,Nseraf,t2,720575940556268482,51991,30712,2011
1393,2026-05-15,Nseraf,RBC,720575940571614017,48358,30827,2039
1394,2026-05-15,Andrearwen,t3b,720575940569612718,48036,31558,2010
1395,2026-05-15,Nseraf,t6,720575940563073950,39434,30796,2029
1396,2026-05-15,Nseraf,RBC,720575940563848365,45367,30779,1998
1397,2026-05-15,Nseraf,t6,720575940565923941,46202,30660,2038
1398,2026-05-15,Andrearwen,t5t,720575940563974427,48053,31571,1983
1399,2026-05-15,Nseraf,RBC,720575940554575447,35818,30778,2016
1400,2026-05-15,Nseraf,t2,720575940569765202,38747,29837,1937
1401,2026-05-15,Nseraf,t3a,720575940564542289,49292,30713,1993
1402,2026-05-15,Nseraf,t3b,720575940573701377,50866,30656,2023
1403,2026-05-15,Nseraf,t5o,720575940562099134,43207,30581,2010
1404,2026-05-15,Nseraf,t5o,720575940563424431,49319,30712,1999
1405,2026-05-15,Nseraf,RBC,720575940583154887,52077,30653,2041
1406,2026-05-15,Nseraf,RBC,720575940567002334,48866,30737,2030
1407,2026-05-15,Nseraf,RBC,720575940556887428,45595,30689,2049
1408,2026-05-15,Nseraf,RBC,720575940568114182,36509,30727,2049
1409,2026-05-15,Nseraf,RBC,720575940583138503,50844,30801,2013
1410,2026-05-15,Nseraf,t7,720575940556223090,49957,30763,2038
1411,2026-05-15,Nseraf,t2,720575940562077886,41179,30813,1920
1412,2026-05-15,Nseraf,RBC,720575940583138759,44343,30791,1950
1413,2026-05-15,Nseraf,t5i,720575940553313041,41904,30743,2016
1414,2026-05-15,Nseraf,t5o,720575940583158471,39881,30614,2016
1415,2026-05-15,Nseraf,t5t,720575940570949657,49990,30747,2023
1416,2026-05-15,Nseraf,RBC,720575940581303129,42947,30671,2006
1417,2026-05-15,Nseraf,t6,720575940581303385,50794,30670,2003
1418,2026-05-16,Nseraf,t3a,720575940563100062,43549,30497,2043
1419,2026-05-16,Nseraf,t6,720575940583168199,41266,30376,2006
1420,2026-05-16,Annkri,RBC,720575940563095198,36543,32511,1964
1421,2026-05-16,Nseraf,t8,720575940560756881,48193,30442,1663
1422,2026-05-16,Nseraf,t5o,720575940556920708,45982,30375,2016
1423,2026-05-16,Nseraf,t3a,720575940562113726,45182,30381,2010
1424,2026-05-16,Nseraf,t3b,720575940583164359,46123,30550,2051
1425,2026-05-16,Nseraf,t5i,720575940571670827,50088,30455,1999
1426,2026-05-16,Annkri,t4,720575940562113982,46497,32460,2017
1427,2026-05-16,Nseraf,RBC,720575940565943909,48030,30529,2016
1428,2026-05-16,Nseraf,t3b,720575940565944421,37582,30521,2000
1429,2026-05-16,Nseraf,RBC,720575940556914308,46604,30429,2020
1430,2026-05-16,Annkri,RBC,720575940585507837,35613,32515,2054
1431,2026-05-16,Annkri,GluMI,720575940573600156,38981,32490,1976
1432,2026-05-16,Nseraf,RBC,720575940577810197,39871,30474,2030
1433,2026-05-16,Nseraf,t2,720575940581332057,47469,30512,2043
1434,2026-05-16,Annkri,RBC,720575940569703321,48225,32501,2003
1435,2026-05-16,Annkri,t3a,720575940569792409,33716,32515,1997
1436,2026-05-16,Nseraf,RBC,720575940562111166,48021,30427,2014
1437,2026-05-16,Annkri,t1,720575940581344601,36706,32465,2024
1438,2026-05-16,Andrearwen,t3b,720575940559132428,38969,30314,2019
1439,2026-05-16,Annkri,t8,720575940560762513,50481,30017,2057
1440,2026-05-16,Nseraf,t6,720575940569768530,46223,30544,2016
1441,2026-05-16,Nseraf,t3a,720575940564312076,47228,30550,2016
1442,2026-05-16,Nseraf,t1,720575940583165639,40587,30439,2048
1443,2026-05-16,Nseraf,t3b,720575940569768786,50089,30532,2012
1444,2026-05-16,Nseraf,t5i,720575940558596580,42498,30465,2039
1445,2026-05-16,Nseraf,t3b,720575940562114238,38225,30328,1981
1446,2026-05-16,Annkri,t4,720575940582716925,40302,32513,2003
1447,2026-05-16,Nseraf,t2,720575940561223857,47852,30451,1914
1448,2026-05-16,Nseraf,RBC,720575940573726465,46954,30333,1946
1449,2026-05-16,Annkri,t3b,720575940563250273,38951,32522,2022
1450,2026-05-16,Annkri,XBC,720575940569770066,35602,32470,2058
1451,2026-05-16,Nseraf,t2,720575940556448282,39557,30531,2010
1452,2026-05-16,Nseraf,RBC,720575940573721601,26963,30435,1912
1453,2026-05-16,Nseraf,RBC,720575940557093786,43563,30462,2031
1454,2026-05-16,Nseraf,t6,720575940565944933,44612,30468,2026
1455,2026-05-16,Nseraf,t3b,720575940542131064,43191,30564,2058
1456,2026-05-16,Annkri,t5i,720575940560757393,45757,32479,1995
1457,2026-05-16,Andrearwen,t4,720575940562878433,41171,30301,2022
1458,2026-05-16,Nseraf,t5o,720575940581345625,38978,30351,2044
1459,2026-05-16,Nseraf,t1,720575940556907908,50924,30530,1967
1460,2026-05-16,Nseraf,RBC,720575940565944677,39521,30492,2033
1461,2026-05-16,Annkri,t3a,720575940556909700,50505,32485,2048
1462,2026-05-16,Annkri,RBC,720575940575063641,33557,32446,2049
1463,2026-05-16,Annkri,t3b,720575940577283929,46210,32446,2009
1464,2026-05-16,Nseraf,t3b,720575940565955941,44771,30392,1962
1465,2026-05-16,Annkri,t5i,720575940585511421,36745,32468,2028
1466,2026-05-16,Nseraf,RBC,720575940581322329,31826,30723,1690
1467,2026-05-16,Nseraf,RBC,720575940583163847,27446,30558,1959
1468,2026-05-16,Annkri,RBC,720575940576634457,50546,32510,2041
1469,2026-05-16,Andrearwen,t5o,720575940562894305,41693,30291,2024
1470,2026-05-16,Annkri,RBC,720575940586363389,46644,32514,2060
1471,2026-05-16,Annkri,t1,720575940556921476,38454,32457,1972
1472,2026-05-16,Nseraf,XBC,720575940554715717,47296,30530,2043
1473,2026-05-16,Andrearwen,t5o,720575940565196646,51468,30287,1972
1474,2026-05-16,Nseraf,RBC,720575940570231670,42386,30444,1974
1475,2026-05-16,Andrearwen,RBC,720575940572361581,50480,30279,2050
1476,2026-05-16,Nseraf,t3b,720575940565196902,47239,30559,2046
1477,2026-05-16,Annkri,t3b,720575940568347289,36078,32485,2039
1478,2026-05-16,Andrearwen,t5i,720575940561222577,46765,30296,2037
1479,2026-05-16,Annkri,RBC,720575940558737781,36068,32454,2034
1480,2026-05-16,Nseraf,t4,720575940573726209,45200,30362,2023
1481,2026-05-16,Nseraf,RBC,720575940560756625,40582,30488,2026
1482,2026-05-16,Nseraf,t5i,720575940573725697,32752,29954,1689
1483,2026-05-16,Annkri,RBC,720575940572360601,38468,32446,2022
1484,2026-05-16,Annkri,t5o,720575940572359577,39098,32520,1997
1485,2026-05-17,Annkri,t3a,720575940571672107,33244,29994,2049
1486,2026-05-17,Nseraf,GluMI,720575940573737217,50952,29681,2006
1487,2026-05-17,Nseraf,RBC,720575940565205094,32479,29703,2026
1488,2026-05-17,Nseraf,t5o,720575940556933764,48013,29691,1965
1489,2026-05-17,Annkri,RBC,720575940577740944,26170,29988,1892
1490,2026-05-17,Nseraf,t5i,720575940565956709,45149,30351,1987
1491,2026-05-17,Annkri,RBC,720575940572993649,49528,30003,2006
1492,2026-05-17,Nseraf,XBC,720575940556929156,51669,29701,1973
1493,2026-05-17,Annkri,t4,720575940571333806,45251,29983,2010
1494,2026-05-17,Nseraf,t6,720575940581366617,32560,30765,1720
1495,2026-05-17,Annkri,t5i,720575940564988051,44322,29997,1995
1496,2026-05-17,Annkri,XBC,720575940573603740,41914,29986,2019
1497,2026-05-17,Nseraf,RBC,720575940563002794,52580,29701,2017
1498,2026-05-17,Annkri,t5i,720575940557095578,33683,29997,2058
1499,2026-05-17,Annkri,t3a,720575940581346905,28364,30014,2061
1500,2026-05-17,Nseraf,t5i,720575940553475797,41248,30322,2020
1501,2026-05-17,Annkri,RBC,720575940575695562,49190,30002,2011
1502,2026-05-17,Annkri,RBC,720575940564987795,44362,30008,2015
1503,2026-05-18,Annkri,RBC,720575940571750395,45443,29951,1962
1504,2026-05-18,Nseraf,t3a,720575940558387398,44169,29628,2058
1505,2026-05-18,Andrearwen,t7,720575940570181744,47003,30264,2036
1506,2026-05-18,Annkri,RBC,720575940571599760,39956,29932,2004
1507,2026-05-18,Nseraf,XBC,720575940588297469,34087,30120,1774
1508,2026-05-18,Nseraf,RBC,720575940553675715,43616,29538,2016
1509,2026-05-18,Nseraf,t3a,720575940556986500,47379,29509,1965
1510,2026-05-18,Annkri,RBC,720575940560076845,44726,29951,2026
1511,2026-05-18,st0ck53y,t7,720575940565228902,42990,30084,2005
1512,2026-05-18,Andrearwen,t6,720575940564441868,47525,30279,1977
1513,2026-05-18,Annkri,t4,720575940557555818,46680,29924,2027
1514,2026-05-18,st0ck53y,RBC,720575940562155966,44218,30123,1998
1515,2026-05-18,Nseraf,t2,720575940574483524,43010,29556,2037
1516,2026-05-18,st0ck53y,t1,720575940567075945,45428,30109,2045
1517,2026-05-18,st0ck53y,t5i,720575940551753302,52055,30116,2048
1518,2026-05-18,Nseraf,t5o,720575940581407577,29999,29658,1575
1519,2026-05-18,Nseraf,t5o,720575940583173063,51619,29671,1971
1520,2026-05-18,Nseraf,t3a,720575940573773569,46770,29593,1956
1521,2026-05-18,Annkri,t7,720575940569948334,45219,29933,2037
1522,2026-05-18,st0ck53y,RBC,720575940559780876,37478,30118,2000
1523,2026-05-18,Nseraf,RBC,720575940569129583,30245,29468,1668
1524,2026-05-18,Annkri,t5o,720575940572072187,45446,29979,1987
1525,2026-05-18,Nseraf,GluMI,720575940554126093,51102,29625,1996
1526,2026-05-18,st0ck53y,RBC,720575940559137292,38112,30107,1983
1527,2026-05-18,Nseraf,t3a,720575940553493461,42936,29599,2048
1528,2026-05-18,Nseraf,t3b,720575940563136414,46813,29525,2027
1529,2026-05-18,Nseraf,t2,720575940562154686,46308,29571,1962
1530,2026-05-18,Nseraf,t4,720575940565206118,51071,29665,1967
1531,2026-05-18,Nseraf,t5t,720575940563140254,36392,29472,1875
1532,2026-05-18,Nseraf,t3b,720575940556994692,44822,29460,2033
1533,2026-05-18,Nseraf,t3a,720575940563137438,43608,29498,2010
1534,2026-05-18,Andrearwen,t5i,720575940571685419,34373,29577,1661
1535,2026-05-18,Annkri,RBC,720575940568068348,45421,29968,2023
1536,2026-05-18,Nseraf,t2,720575940555148568,25475,29449,1643
1537,2026-05-18,Nseraf,t1,720575940563434159,44771,29638,2043
1538,2026-05-18,Andrearwen,t5i,720575940572368302,43418,30261,2007
1539,2026-05-18,Nseraf,?,720575940557105306,52428,29597,2026
1540,2026-05-18,Annkri,t3b,720575940564983955,44355,29981,2021
1541,2026-05-18,st0ck53y,RBC,720575940551718638,51333,30099,1987
1542,2026-05-18,Nseraf,RBC,720575940556980868,49730,29583,2000
1543,2026-05-18,Annkri,RBC,720575940571498384,37770,29943,2026
1544,2026-05-18,Nseraf,RBC,720575940566019429,46246,29505,1984
1545,2026-05-18,Nseraf,RBC,720575940560768401,49386,29680,1964
1546,2026-05-18,Nseraf,RBC,720575940556935556,42994,29639,2009
1547,2026-05-18,Nseraf,t5t,720575940562157502,42210,29505,1995
1548,2026-05-18,Nseraf,t3b,720575940560798353,45784,29576,2024
1549,2026-05-18,Nseraf,t5o,720575940541957496,46885,29539,2015
1550,2026-05-18,Nseraf,t3a,720575940564395163,43037,29591,2005
1551,2026-05-18,Nseraf,t6,720575940558034166,45565,29581,1998
1552,2026-05-18,Nseraf,t5o,720575940563436975,52013,29542,1997
1553,2026-05-18,Nseraf,t2,720575940583198663,43522,29569,2005
1554,2026-05-18,Nseraf,RBC,720575940577076861,47989,29632,1973
1555,2026-05-18,Nseraf,t6,720575940581421913,49635,29517,1937
1556,2026-05-18,Nseraf,t6,720575940556994436,40949,29464,2046
1557,2026-05-18,Nseraf,t6,720575940554579287,47950,29598,2019
1558,2026-05-18,Annkri,t4,720575940561230769,35087,29935,2003
1559,2026-05-18,Nseraf,RBC,720575940556507506,24027,29459,1971
1560,2026-05-18,Nseraf,GluMI,720575940583173831,41366,29646,1938
1561,2026-05-18,Annkri,t5i,720575940570181232,35591,29930,2061
1562,2026-05-18,st0ck53y,t6,720575940572455342,42151,30111,2004
1563,2026-05-18,Nseraf,t1,720575940581403481,46366,29632,2035
1564,2026-05-18,Nseraf,t5i,720575940573780993,42285,29527,1989
1565,2026-05-18,Nseraf,t3a,720575940583198407,40913,29571,1988
1566,2026-05-18,Nseraf,RBC,720575940556982916,50210,29527,1958
1567,2026-05-18,Nseraf,RBC,720575940561895074,50662,29543,2021
1568,2026-05-18,Andrearwen,?,720575940566025061,41977,30028,2053
1569,2026-05-18,Nseraf,XBC,720575940566015845,49669,29565,2024
1570,2026-05-18,Nseraf,t3b,720575940556981636,51119,29540,2016
1571,2026-05-18,Nseraf,t3b,720575940581417561,49651,29580,1968
1572,2026-05-18,Nseraf,t4,720575940581425241,41679,29500,1979
1573,2026-05-18,Nseraf,RBC,720575940547045461,38495,29560,2020
1574,2026-05-18,Nseraf,RBC,720575940583200199,46841,29525,2030
1575,2026-05-18,Nseraf,t2,720575940569792594,40957,29517,1999
1576,2026-05-18,Nseraf,RBC,720575940581418073,41673,29529,1965
1577,2026-05-18,Nseraf,RBC,720575940556985732,43503,29516,1997
1578,2026-05-18,Nseraf,t5o,720575940565226854,50635,29510,2049
1579,2026-05-18,Annkri,RBC,720575940569608622,46280,29972,2012
1580,2026-05-18,Annkri,t5t,720575940563857069,49161,29930,2033
1581,2026-05-18,Nseraf,GluMI,720575940555506450,45547,29592,2030
1582,2026-05-18,Annkri,t3b,720575940563007052,45405,29921,2024
1583,2026-05-18,Nseraf,RBC,720575940565226342,45547,29519,2022
1584,2026-05-18,Nseraf,RBC,720575940581432665,42254,29471,1978
1585,2026-05-18,Nseraf,t3a,720575940571835953,45525,29561,2007
1586,2026-05-18,Nseraf,t5i,720575940558610916,52558,29616,1970
1587,2026-05-18,Nseraf,GluMI,720575940583200455,44793,29512,2004
1588,2026-05-18,Nseraf,t3a,720575940559485063,45801,29605,2053
1589,2026-05-18,Nseraf,?,720575940538621619,39449,29488,1997
1590,2026-05-18,Nseraf,XBC,720575940581425753,43572,29478,1990
1591,2026-05-18,Nseraf,t5i,720575940556461850,51069,29518,1999
1592,2026-05-18,Nseraf,t3a,720575940581433177,39456,29470,2020
1593,2026-05-18,st0ck53y,t5i,720575940556063708,50474,30082,2028
1594,2026-05-18,Andrearwen,t3b,720575940573246829,51450,30263,2021
1595,2026-05-19,Nseraf,t3b,720575940557635375,51421,29364,2022
1596,2026-05-19,Annkri,t3a,720575940560171155,39944,29913,2010
1597,2026-05-19,Nseraf,t5o,720575940579298408,35439,29589,1768
1598,2026-05-19,Nseraf,t3b,720575940571898258,33789,30315,1798
1599,2026-05-19,Nseraf,RBC,720575940560413674,49641,29396,1958
1600,2026-05-19,Nseraf,t3a,720575940566505346,41594,29392,1981
1601,2026-05-19,Annkri,RBC,720575940583999022,28648,29899,2055
1602,2026-05-19,Nseraf,t4,720575940560404714,24436,29424,1997
1603,2026-05-19,Andrearwen,t7,720575940538636979,49937,30254,1982
1604,2026-05-19,Nseraf,RBC,720575940562355179,24375,29435,2038
1605,2026-05-19,Nseraf,t2,720575940569076209,39243,29412,2023
1606,2026-05-19,Nseraf,t5t,720575940557002884,43380,29333,2000
1607,2026-05-19,Nseraf,RBC,720575940551011936,38555,29354,2007
1608,2026-05-19,Nseraf,RBC,720575940571899026,46923,29397,1992
1609,2026-05-19,Nseraf,t5i,720575940560415466,44854,29393,2038
1610,2026-05-19,Nseraf,RBC,720575940577084797,43320,29336,2027
1611,2026-05-19,Nseraf,t3a,720575940566336110,49728,29354,2043
1612,2026-05-19,Annkri,t5t,720575940561354557,49173,29894,2014
1613,2026-05-19,Nseraf,t2,720575940551012192,46998,29328,2010
1614,2026-05-19,Nseraf,t7,720575940573389927,49643,29335,1986
1615,2026-05-19,Nseraf,t8,720575940569219403,46896,29437,2016
1616,2026-05-19,Nseraf,GluMI,720575940566506626,37573,29292,1708
1617,2026-05-19,Nseraf,RBC,720575940563145886,31513,29441,2058
1618,2026-05-19,Nseraf,t5i,720575940547048789,49696,29320,1950
1619,2026-05-19,st0ck53y,t4,720575940569264203,50345,30079,1969
1620,2026-05-19,Nseraf,t3b,720575940583592510,45328,29412,2039
1621,2026-05-19,Nseraf,RBC,720575940566509698,27379,29292,2042
1622,2026-05-19,Nseraf,t3a,720575940569149039,51441,29396,2031
1623,2026-05-19,Nseraf,t8,720575940569211723,47447,29447,2046
1624,2026-05-19,st0ck53y,t6,720575940571383405,52253,30063,2026
1625,2026-05-19,Nseraf,RBC,720575940562382059,46861,29418,1955
1626,2026-05-19,Nseraf,t3a,720575940569640526,44819,29364,2006
1627,2026-05-19,Annkri,t1,720575940561740605,49212,29918,2019
1628,2026-05-19,Nseraf,t2,720575940553711811,41251,29379,2039
1629,2026-05-19,st0ck53y,RBC,720575940566542604,42013,30065,2013
1630,2026-05-19,Annkri,RBC,720575940573390695,39882,29893,2006
1631,2026-05-19,Nseraf,t8,720575940558416838,45362,29426,2044
1632,2026-05-19,Annkri,t7,720575940560205459,39178,29892,1951
1633,2026-05-19,Nseraf,t5t,720575940579288424,45401,29415,1955
1634,2026-05-19,Andrearwen,t3a,720575940572201909,50918,30257,2013
1635,2026-05-19,Nseraf,RBC,720575940555156504,36736,29314,2016
1636,2026-05-19,Andrearwen,t2,720575940579296872,51375,30250,1972
1637,2026-05-19,Andrearwen,?,720575940578422532,28922,30257,1790
1638,2026-05-19,Nseraf,t2,720575940567908961,49763,29443,1996
1639,2026-05-19,Andrearwen,RBC,720575940560199571,38639,30250,1979
1640,2026-05-19,Nseraf,RBC,720575940571898770,39458,29406,1939
1641,2026-05-19,Nseraf,t4,720575940564943585,40200,29425,1960
1642,2026-05-20,Annkri,t7,720575940551716590,51840,29820,2047
1643,2026-05-20,Annkri,t3b,720575940560195731,40716,29826,1953
1644,2026-05-20,Annkri,RBC,720575940560207763,38771,29852,2005
1645,2026-05-20,Nseraf,t6,720575940562368138,53312,29248,2004
1646,2026-05-20,Andrearwen,RBC,720575940572368046,43879,30238,2014
1647,2026-05-20,Nseraf,t3a,720575940577748677,53333,29274,2022
1648,2026-05-20,Annkri,t3a,720575940573015952,34253,29818,1777
1649,2026-05-20,Annkri,t2,720575940569852432,48376,29856,1946
1650,2026-05-20,Annkri,t5i,720575940571096683,31079,31337,1446
1651,2026-05-20,Annkri,RBC,720575940566540812,43023,29833,2016
1652,2026-05-20,Andrearwen,t5o,720575940569650510,50466,30230,2008
1653,2026-05-20,Annkri,RBC,720575940572504429,51750,29798,1972
1654,2026-05-20,Nseraf,RBC,720575940563013196,52655,29245,1972
1655,2026-05-20,Andrearwen,RBC,720575940572663917,49909,30229,1980
1656,2026-05-20,Annkri,t5i,720575940559896742,47646,29850,2040
1657,2026-05-20,Annkri,XBC,720575940578478084,43009,29872,2014
1658,2026-05-20,Annkri,RBC,720575940569639086,48352,29866,2019
1659,2026-05-20,Annkri,t5i,720575940572022416,37154,29851,2036
1660,2026-05-20,Andrearwen,t6,720575940551234798,52280,30232,1969
1661,2026-05-20,Annkri,t3a,720575940569610670,48394,29851,2022
1662,2026-05-20,Annkri,RBC,720575940572545531,45179,29871,2045
1663,2026-05-20,Annkri,t5t,720575940571669684,48408,29879,2009
1664,2026-05-20,Annkri,RBC,720575940564560258,41432,29847,1994
1665,2026-05-20,Annkri,t2,720575940564311052,47165,29862,1940
1666,2026-05-20,Annkri,t6,720575940560207251,38754,29829,1975
1667,2026-05-20,Andrearwen,t4,720575940569321803,52511,30234,1973
1668,2026-05-20,Annkri,t6,720575940572367790,43055,29823,2030
1669,2026-05-20,Annkri,t3a,720575940557657135,38171,29861,2039
1670,2026-05-20,Nseraf,?,720575940559891110,27871,28837,1122
1671,2026-05-20,Andrearwen,RBC,720575940573603579,43429,30240,1994
1672,2026-05-20,Annkri,GluMI,720575940553045441,43800,29793,2028
1673,2026-05-20,Andrearwen,t5i,720575940553044929,39715,30235,2019
1674,2026-05-20,Andrearwen,t5i,720575940571770555,47012,30240,2011
1675,2026-05-20,Annkri,t1,720575940567957857,40683,29868,2019
1676,2026-05-20,Nseraf,t2,720575940577904543,42750,29273,2017
1677,2026-05-20,Nseraf,GluMI,720575940565292535,26219,29290,1590
1678,2026-05-20,Annkri,t5o,720575940564573058,41371,29804,1953
1679,2026-05-21,Nseraf,RBC,720575940551506853,24003,29167,1937
1680,2026-05-21,Andrearwen,t6,720575940578493700,39745,30220,2025
1681,2026-05-21,Nseraf,t6,720575940566353262,42889,29169,1990
1682,2026-05-21,Nseraf,GluMI,720575940559911590,51504,29183,1979
1683,2026-05-21,Andrearwen,RBC,720575940569560238,48584,30170,2015
1684,2026-05-21,Annkri,RBC,720575940563373495,47712,29770,2052
1685,2026-05-21,Andrearwen,t6,720575940569655470,46919,30214,2019
1686,2026-05-21,Andrearwen,RBC,720575940560086677,47477,30205,1997
1687,2026-05-21,Annkri,t3b,720575940572359086,43560,29754,2025
1688,2026-05-21,Andrearwen,RBC,720575940557681002,51386,30198,2052
1689,2026-05-21,Nseraf,RBC,720575940548682425,52732,29211,2032
1690,2026-05-21,Annkri,t4,720575940554586455,34217,29793,2060
1691,2026-05-21,Nseraf,?,720575940563884973,42909,29174,2007
1692,2026-05-21,Nseraf,RBC,720575940551024224,39218,29200,2063
1693,2026-05-21,Nseraf,t6,720575940578060604,49932,29214,2028
1694,2026-05-21,Andrearwen,t6,720575940555176216,28093,30179,2028
1695,2026-05-21,Nseraf,RBC,720575940560405091,48711,29181,2034
1696,2026-05-21,Nseraf,t2,720575940571109739,49285,29234,2047
1697,2026-05-21,Andrearwen,XBC,720575940569192815,32689,30267,1762
1698,2026-05-21,Andrearwen,t1,720575940573018737,49854,30202,1976
1699,2026-05-21,Nseraf,XBC,720575940560516074,25686,29178,1846
1700,2026-05-21,Nseraf,t6,720575940563848215,48712,29176,1969
1701,2026-05-21,Nseraf,RBC,720575940553769155,41650,29189,2058
1702,2026-05-21,Andrearwen,t3a,720575940558508230,25601,30198,1865
1703,2026-05-21,Nseraf,t3b,720575940577442234,39993,29209,2000
1704,2026-05-21,Nseraf,RBC,720575940565611108,40190,29209,2025
1705,2026-05-21,Nseraf,RBC,720575940562490347,50508,29177,1988
1706,2026-05-21,Nseraf,?,720575940557389876,53297,29153,2052
1707,2026-05-21,Nseraf,t6,720575940553466227,31679,29569,1700
1708,2026-05-21,Nseraf,RBC,720575940558267520,37976,29166,1994
1709,2026-05-21,Annkri,t1,720575940558089206,41044,29787,2045
1710,2026-05-21,Andrearwen,t3b,720575940551244526,52173,30184,1985
1711,2026-05-21,Nseraf,t3a,720575940586224150,49913,29244,2057
1712,2026-05-21,Andrearwen,RBC,720575940572263277,52505,30191,2031
1713,2026-05-21,Nseraf,t6,720575940569929293,41236,29201,2020
1714,2026-05-21,Annkri,t6,720575940566163120,44929,29758,1393
1715,2026-05-21,Nseraf,t6,720575940547056981,38032,29223,1975
1716,2026-05-21,Nseraf,t6,720575940584054830,39228,29171,2049
1717,2026-05-21,Andrearwen,t4,720575940571372909,51413,30216,2031
1718,2026-05-21,Nseraf,RBC,720575940566573698,24621,29188,1937
1719,2026-05-21,Nseraf,t1,720575940553133183,46492,29231,1991
1720,2026-05-21,Andrearwen,XBC,720575940568509173,50917,30199,2055
1721,2026-05-21,Nseraf,t3b,720575940569560494,48690,29172,1999
1722,2026-05-21,Andrearwen,t1,720575940551227630,52476,30188,2025
1723,2026-05-21,Annkri,RBC,720575940559232268,37167,29771,2021
1724,2026-05-21,Nseraf,RBC,720575940557680234,49362,29177,2026
1725,2026-05-22,Nseraf,t4,720575940557708394,48725,29144,1973
1726,2026-05-22,Nseraf,t2,720575940578544644,41782,29103,2025
1727,2026-05-22,Nseraf,t7,720575940571848891,44114,29086,2011
1728,2026-05-22,Nseraf,t5i,720575940560098453,47367,29093,2015
1729,2026-05-22,Annkri,t1,720575940562542059,51813,29726,2052
1730,2026-05-22,Andrearwen,t2,720575940572504941,50399,30165,2017
1731,2026-05-22,Annkri,RBC,720575940569608366,46640,29748,1994
1732,2026-05-22,Nseraf,RBC,720575940557716586,41626,29114,2044
1733,2026-05-22,Nseraf,t3b,720575940555185176,46473,29096,2017
1734,2026-05-22,Annkri,RBC,720575940564442124,47744,29746,2057
1735,2026-05-22,Nseraf,t6,720575940571848379,49281,29091,2031
1736,2026-05-22,Nseraf,RBC,720575940566604162,46442,29113,1977
1737,2026-05-22,Nseraf,RBC,720575940562549227,26113,29065,1902
1738,2026-05-22,Nseraf,t5o,720575940560562154,46458,29123,2043
1739,2026-05-22,Annkri,t5t,720575940589474196,47272,29750,2016
1740,2026-05-22,Nseraf,RBC,720575940566604418,39077,29104,2047
1741,2026-05-22,Andrearwen,t3a,720575940550399982,52241,30170,2022
1742,2026-05-22,Nseraf,t5o,720575940558108662,37387,29074,2037
1743,2026-05-22,Nseraf,RBC,720575940569448267,40855,29069,2031
1744,2026-05-22,Nseraf,RBC,720575940569438027,48744,29118,1962
1745,2026-05-22,Nseraf,t3b,720575940557715050,38573,29121,2055
1746,2026-05-22,Nseraf,RBC,720575940557696047,47581,29101,2004
1747,2026-05-22,Nseraf,GluMI,720575940579427688,51944,29085,2033
1748,2026-05-22,Annkri,t4,720575940550399214,50746,29734,1954
1749,2026-05-22,Nseraf,t3b,720575940569666382,51940,29093,2000
1750,2026-05-22,Annkri,t3b,720575940569611182,48004,29737,2056
1751,2026-05-22,Nseraf,t5t,720575940569889296,44088,29054,2014
1752,2026-05-22,Annkri,t7,720575940569620910,48447,29726,2018
1753,2026-05-22,Nseraf,t7,720575940557692207,52591,29140,1996
1754,2026-05-22,Nseraf,RBC,720575940569884688,49251,29132,1973
1755,2026-05-22,Annkri,t5o,720575940558394719,33862,29729,2057
1756,2026-05-22,Nseraf,t6,720575940571112043,51030,29150,2031
1757,2026-05-22,Nseraf,XBC,720575940569781342,41185,29114,1990
1758,2026-05-22,Nseraf,RBC,720575940560197933,52053,29107,1958
1759,2026-05-22,Andrearwen,t5i,720575940566360686,45507,30158,2013
1760,2026-05-23,Nseraf,t5t,720575940576721657,35054,28929,2025
1761,2026-05-23,Andrearwen,t5i,720575940577103485,48618,30149,2026
1762,2026-05-23,Nseraf,t2,720575940557699887,44018,29013,2058
1763,2026-05-23,Andrearwen,RBC,720575940553801155,32162,30496,1738
1764,2026-05-23,Nseraf,RBC,720575940558546630,43999,28947,2000
1765,2026-05-23,Nseraf,t5i,720575940571860923,44575,28921,2002
1766,2026-05-23,Nseraf,t5o,720575940560204589,44102,29033,2009
1767,2026-05-23,Nseraf,RBC,720575940553803203,49570,28919,2017
1768,2026-05-23,Nseraf,t4,720575940571868859,49569,28880,2041
1769,2026-05-23,Andrearwen,t2,720575940569878559,51399,30145,2014
1770,2026-05-23,Nseraf,RBC,720575940569458251,25818,29040,1937
1771,2026-05-23,Nseraf,GluMI,720575940560204333,24916,29035,1657
1772,2026-05-23,Annkri,t8,720575940560582378,30666,28722,1460
1773,2026-05-23,Nseraf,t5o,720575940571736756,44565,28902,2017
1774,2026-05-23,Nseraf,t3b,720575940570195568,35861,28898,2036
1775,2026-05-23,Nseraf,RBC,720575940569472843,51886,28935,2064
1776,2026-05-23,Nseraf,t5t,720575940551514789,48177,28880,2045
1777,2026-05-23,Nseraf,t3a,720575940569466443,35392,29004,1873
1778,2026-05-23,Nseraf,t4,720575940570112845,28600,29034,2034
1779,2026-05-23,Nseraf,t5i,720575940558554822,50338,28894,2026
1780,2026-05-23,Nseraf,RBC,720575940553798595,44471,29050,1969
1781,2026-05-23,Nseraf,t7,720575940561757731,45556,29041,2034
1782,2026-05-23,Nseraf,t2,720575940579444328,24110,28923,1960
1783,2026-05-23,Nseraf,t2,720575940571734708,45448,28917,1981
1784,2026-05-23,Annkri,RBC,720575940574072429,51654,28719,2038
1785,2026-05-23,Nseraf,t3b,720575940560590058,25759,28943,1972
1786,2026-05-23,Nseraf,t1,720575940568010849,45174,28910,2022
1787,2026-05-23,Nseraf,t2,720575940553798851,50517,29043,2019
1788,2026-05-23,Nseraf,t5i,720575940575711227,48784,29049,2030
1789,2026-05-23,Annkri,?,720575940562568939,29595,28708,672
1790,2026-05-23,Andrearwen,RBC,720575940550404846,50899,30144,2036
1791,2026-05-23,Nseraf,t5i,720575940553809091,48150,28880,2022
1792,2026-05-23,Nseraf,t1,720575940571127915,47357,29044,2038
1793,2026-05-23,Nseraf,t6,720575940571736500,44614,28903,2028
1794,2026-05-23,Nseraf,RBC,720575940558546886,43977,28945,1966
1795,2026-05-23,Nseraf,t6,720575940560607210,36685,28881,2041
1796,2026-05-23,Nseraf,RBC,720575940589477012,31913,29618,1722
1797,2026-05-23,Nseraf,RBC,720575940558547654,44558,28937,2040
1798,2026-05-23,Nseraf,t6,720575940562567915,31886,28905,2041
1799,2026-05-23,Nseraf,t2,720575940557732202,43922,28922,1959
1800,2026-05-23,Nseraf,t3b,720575940569220207,41721,29007,2007
1801,2026-05-23,Annkri,RBC,720575940560026124,37748,28716,2028
1802,2026-05-23,Nseraf,t5o,720575940557126298,36645,28971,2059
1803,2026-05-23,Nseraf,RBC,720575940560585194,43605,28992,1989
1804,2026-05-23,Nseraf,t5i,720575940562558443,43680,28956,2021
1805,2026-05-23,Nseraf,RBC,720575940569476683,24857,28924,2027
1806,2026-05-23,Nseraf,RBC,720575940557735274,50665,28904,2030
1807,2026-05-24,Nseraf,t3b,720575940577447354,50305,28871,2017
1808,2026-05-24,Nseraf,RBC,720575940575486256,53130,28878,2024
1809,2026-05-24,Annkri,t5o,720575940550165486,52653,28706,2012
1810,2026-05-25,Annkri,t6,720575940567795418,39259,28681,2041
1811,2026-05-25,Annkri,RBC,720575940564312228,52212,28704,2034
1812,2026-05-25,Annkri,RBC,720575940546734323,41690,28671,1966
1813,2026-05-25,Annkri,t2,720575940565012115,47213,28650,1972
1814,2026-05-25,Annkri,RBC,720575940569855406,45131,28647,2021
1815,2026-05-25,Annkri,RBC,720575940561390986,51103,28693,2026
1816,2026-05-25,Annkri,RBC,720575940549522414,52644,28676,2044
1817,2026-05-25,Annkri,GluMI,720575940568858636,49280,28685,2011
1818,2026-05-25,Annkri,t2,720575940561348669,49270,28688,2058
1819,2026-05-25,Annkri,RBC,720575940571583150,46139,28678,2045
1820,2026-05-25,Annkri,RBC,720575940560481036,38614,28688,2033
1821,2026-05-26,Nseraf,RBC,720575940547466124,43970,28309,2012
1822,2026-05-26,Nseraf,t6,720575940566385262,24101,28869,2028
1823,2026-05-26,Nseraf,t3b,720575940567104873,49281,28723,2020
1824,2026-05-26,Nseraf,t3b,720575940553871043,47740,28767,2015
1825,2026-05-26,Annkri,RBC,720575940575920507,27706,28555,1841
1826,2026-05-26,Nseraf,RBC,720575940581345973,48117,28764,2063
1827,2026-05-26,Nseraf,t2,720575940574360608,42465,28764,2034
1828,2026-05-26,Annkri,t6,720575940560397068,38088,28624,2054
1829,2026-05-26,Nseraf,RBC,720575940563983021,41709,28779,2039
1830,2026-05-26,Annkri,t6,720575940558044428,35072,28600,1771
1831,2026-05-26,Nseraf,RBC,720575940563976877,26400,28810,1012
1832,2026-05-26,Nseraf,4,720575940560653546,46855,28786,2026
1833,2026-05-26,Nseraf,t3a,720575940579478376,53664,28756,2012
1834,2026-05-26,Annkri,t5t,720575940564455332,53186,28607,1999
1835,2026-05-26,Annkri,t6,720575940564653732,51635,28588,2016
1836,2026-05-26,Annkri,RBC,720575940559842060,40329,28581,2031
1837,2026-05-26,Nseraf,t5i,720575940582705160,43043,28308,2046
1838,2026-05-26,Annkri,t2,720575940575585865,24351,28589,1855
1839,2026-05-26,Nseraf,t3b,720575940569024918,53149,28861,2017
1840,2026-05-26,Nseraf,RBC,720575940538689715,29097,28282,2058
1841,2026-05-26,Nseraf,t7,720575940564559835,50529,28860,2029
1842,2026-05-26,Nseraf,t8,720575940571553589,40346,28307,1807
1843,2026-05-26,Annkri,t5t,720575940571582382,46371,28624,2009
1844,2026-05-26,Nseraf,t7,720575940561355868,52730,28723,2038
1845,2026-05-26,Nseraf,RBC,720575940559167960,44513,28823,2057
1846,2026-05-26,Nseraf,RBC,720575940555773065,39590,28727,2041
1847,2026-05-26,Nseraf,GluMI,720575940556314666,46164,28848,2052
1848,2026-05-26,Nseraf,t6,720575940572125900,46138,28836,2041
1849,2026-05-26,Annkri,GluMI,720575940546801395,24271,28548,1650
1850,2026-05-26,Nseraf,RBC,720575940538686131,38357,28861,1997
1851,2026-05-26,Annkri,t4,720575940571075758,47344,28615,2021
1852,2026-05-26,Annkri,t8,720575940546797811,40631,28596,2036
1853,2026-05-26,Annkri,RBC,720575940566744332,46845,28580,1983
1854,2026-05-26,Nseraf,RBC,720575940551044960,48172,28851,2025
1855,2026-05-26,Nseraf,RBC,720575940577762245,45194,28854,2020
1856,2026-05-26,Annkri,t3b,720575940570192302,43181,28622,2017
1857,2026-05-26,Nseraf,t3b,720575940553865923,35040,28838,2056
1858,2026-05-26,Nseraf,t4,720575940568151292,47626,28796,2004
1859,2026-05-26,Nseraf,4,720575940563170974,44599,28855,2006
1860,2026-05-26,Nseraf,RBC,720575940559547147,46131,28804,2007
1861,2026-05-26,Annkri,t5i,720575940571497695,35915,29484,1802
1862,2026-05-26,Nseraf,t2,720575940558578886,48305,28826,2038
1863,2026-05-26,Annkri,t3b,720575940565934348,46865,28553,2014
1864,2026-05-26,Nseraf,4,720575940572132556,50649,28303,2022
1865,2026-05-26,Nseraf,RBC,720575940572126156,49193,28829,1954
1866,2026-05-26,Nseraf,GluMI,720575940581344693,46822,28804,2039
1867,2026-05-26,Annkri,RBC,720575940552341066,25345,28644,2000
1868,2026-05-26,Annkri,t3b,720575940565904468,51000,28628,1974
1869,2026-05-26,Annkri,t6,720575940563983277,29566,28252,1675
1870,2026-05-26,Annkri,t4,720575940571546933,43173,28599,2034
1871,2026-05-26,Nseraf,t3b,720575940560609770,24519,28871,2010
1872,2026-05-26,Nseraf,RBC,720575940560107413,46072,28853,2047
1873,2026-05-26,Annkri,GluMI,720575940552213824,46427,28563,1962
1874,2026-05-26,Nseraf,RBC,720575940559548683,47818,28297,2019
1875,2026-05-26,Nseraf,RBC,720575940546799347,37580,28314,2045
1876,2026-05-26,Nseraf,t7,720575940579457128,46145,28870,2012
1877,2026-05-26,Nseraf,RBC,720575940567796954,38270,28841,1999
1878,2026-05-26,Nseraf,t7,720575940565932276,43503,28280,1990
1879,2026-05-26,Annkri,t5t,720575940571548469,43112,28597,1999
1880,2026-05-26,Nseraf,t2,720575940581491033,38604,28758,1968
1881,2026-05-26,Nseraf,t5t,720575940563496879,51109,28735,2021
1882,2026-05-26,Nseraf,t4,720575940554801920,46081,28810,2060
1883,2026-05-26,Annkri,RBC,720575940565563467,50001,28557,2038
1884,2026-05-26,Nseraf,t6,720575940538689971,49332,28281,1957
1885,2026-05-26,Nseraf,t3a,720575940571144299,48217,28868,2014
1886,2026-05-26,Nseraf,RBC,720575940574359072,50277,28865,2021
1887,2026-05-26,Nseraf,GluMI,720575940565643485,49450,28298,2034
1888,2026-05-26,Nseraf,t5o,720575940563495087,42504,28805,2042
1889,2026-05-26,Nseraf,t3b,720575940581488729,40582,28806,1985
1890,2026-05-26,Annkri,t6,720575940550205422,53242,28574,2029
1891,2026-05-26,Nseraf,t6,720575940572215585,24837,28801,1907
1892,2026-05-26,Nseraf,t4,720575940564972257,51448,28739,1941
1893,2026-05-26,Nseraf,t7,720575940551045984,46836,28732,1982
1894,2026-05-26,Annkri,t4,720575940569937213,48964,28553,2020
1895,2026-05-27,Annkri,RBC,720575940550058070,25860,28476,1970
1896,2026-05-27,Nseraf,RBC,720575940575734011,39654,28179,1976
1897,2026-05-27,Annkri,RBC,720575940554350922,26412,28448,1915
1898,2026-05-27,Nseraf,t3b,720575940561921698,51848,28196,2011
1899,2026-05-27,Nseraf,RBC,720575940567517036,25239,28193,1939
1900,2026-05-27,Annkri,t5i,720575940569936701,48786,28519,2018
1901,2026-05-27,Annkri,t5t,720575940557964812,37604,28465,1867
1902,2026-05-27,Nseraf,t1,720575940571305737,37167,28244,2057
1903,2026-05-27,Nseraf,t3b,720575940575733243,44914,28190,2032
1904,2026-05-27,Nseraf,t5o,720575940552219968,51933,28242,2014
1905,2026-05-27,Nseraf,t5i,720575940559569675,40523,28187,2016
1906,2026-05-27,Annkri,RBC,720575940575100820,24984,28449,1995
1907,2026-05-27,Annkri,t3a,720575940564750206,49902,28509,1963
1908,2026-05-27,Annkri,t6,720575940566138380,48758,28487,1967
1909,2026-05-27,Annkri,RBC,720575940569944381,48994,28546,2014
1910,2026-05-27,Annkri,t5i,720575940571057838,47351,28548,2034
1911,2026-05-27,Annkri,t7,720575940567515244,48838,28525,2039
1912,2026-05-27,Annkri,GluMI,720575940553371153,48430,28540,1996
1913,2026-05-27,Annkri,RBC,720575940574878909,36274,28504,2010
1914,2026-05-27,Annkri,t2,720575940564647588,51583,28474,1964
1915,2026-05-27,Nseraf,t6,720575940559568907,42335,28194,2055
1916,2026-05-27,Nseraf,t1,720575940576257489,44024,28265,2030
1917,2026-05-27,Nseraf,RBC,720575940574905080,53535,28263,2026
1918,2026-05-27,Annkri,RBC,720575940571049141,51578,28515,1964
1919,2026-05-27,Nseraf,RBC,720575940547567365,46371,28239,2016
1920,2026-05-27,Nseraf,XBC,720575940559437093,33627,27959,1657
1921,2026-05-27,Annkri,t5i,720575940561373276,42811,28486,2025
1922,2026-05-27,Annkri,RBC,720575940559567883,48932,28507,2014
1923,2026-05-27,Nseraf,RBC,720575940572229921,42313,28253,2017
1924,2026-05-27,Annkri,t5t,720575940586259990,28304,28525,2056
1925,2026-05-27,Annkri,t1,720575940571535022,47245,28537,2011
1926,2026-05-27,Nseraf,t5o,720575940558939450,45495,28206,2024
1927,2026-05-27,Nseraf,RBC,720575940557740263,41148,28243,2023
1928,2026-05-27,Nseraf,t5t,720575940559568651,44938,28195,2018
1929,2026-05-27,Annkri,RBC,720575940571518203,42818,28526,2030
1930,2026-05-27,Nseraf,t4,720575940556482074,25824,28223,1862
1931,2026-05-27,Annkri,t3b,720575940571081646,47275,28519,1997
1932,2026-05-27,Nseraf,t1,720575940548717187,50375,28272,2005
1933,2026-05-27,Nseraf,t7,720575940563411383,50406,28202,2026
1934,2026-05-27,Nseraf,t4,720575940563985837,46412,28278,2022
1935,2026-05-27,Andrearwen,t7,720575940569662382,48547,30140,2009
1936,2026-05-27,Nseraf,t7,720575940558919895,53768,28269,1996
1937,2026-05-27,Annkri,t6,720575940571251451,42759,28446,2033
1938,2026-05-27,Annkri,t3b,720575940571098805,53237,28466,2048
1939,2026-05-27,Annkri,RBC,720575940575735035,38185,28477,1993
1940,2026-05-27,Annkri,RBC,720575940575794236,27514,28446,1985
1941,2026-05-27,Annkri,RBC,720575940571300014,48437,28455,2051
1942,2026-05-27,Annkri,RBC,720575940571040949,53068,28446,1989
1943,2026-05-27,Nseraf,RBC,720575940571554357,47820,28276,2043
1944,2026-05-27,Nseraf,t6,720575940557740775,53695,28242,2002
1945,2026-05-27,Nseraf,RBC,720575940582720008,51960,28227,2004
1946,2026-05-27,Nseraf,t4,720575940556031726,36725,28195,1822
1947,2026-05-27,Nseraf,t8,720575940583618366,51857,28229,2002
1948,2026-05-28,Nseraf,t6,720575940569556811,39637,28166,1999
1949,2026-05-28,Andrearwen,t5t,720575940574639039,50502,30139,2007
1950,2026-05-28,AzureJay,t2,720575940569622958,46196,30051,1990
1951,2026-05-28,Annkri,t7,720575940556490010,35434,28400,1865
1952,2026-05-28,Annkri,t7,720575940573280400,38580,28391,2033
1953,2026-05-28,Nseraf,t2,720575940581509721,39656,28173,1827
1954,2026-05-28,Annkri,RBC,720575940565001441,31194,28403,2019
1955,2026-05-28,Andrearwen,RBC,720575940574514101,51716,28001,2057
1956,2026-05-28,Nseraf,t6,720575940559597579,30137,28177,2034
1957,2026-05-28,Nseraf,t3a,720575940570210416,39756,28170,2017
1958,2026-05-28,Andrearwen,t6,720575940550147566,51420,28000,2003
1959,2026-05-28,Andrearwen,RBC,720575940550636270,49909,28014,2005
1960,2026-05-28,Annkri,RBC,720575940561694476,35096,28423,2030
1961,2026-05-28,Annkri,t2,720575940565917964,46450,28420,2055
1962,2026-05-28,Annkri,GluMI,720575940560702341,53034,28404,2006
1963,2026-05-28,Nseraf,RBC,720575940558101197,45504,28172,1997
1964,2026-05-28,Annkri,t4,720575940574644927,34098,28401,2033
1965,2026-05-28,Andrearwen,RBC,720575940571435259,41890,28010,1986
1966,2026-05-28,Nseraf,t3b,720575940566434926,51354,28160,2054
1967,2026-05-28,Nseraf,RBC,720575940557157186,53024,28159,1973
1968,2026-05-28,Nseraf,t3a,720575940574375200,40428,28163,1970
1969,2026-05-28,Andrearwen,t4,720575940571381357,52017,30132,2028
1970,2026-05-28,Andrearwen,RBC,720575940566634252,49067,28017,2022
1971,2026-05-28,Annkri,RBC,720575940573821697,30672,29140,1695
1972,2026-05-28,Andrearwen,t3a,720575940586271254,51745,28016,2042
1973,2026-05-28,Nseraf,t5t,720575940586324246,51860,28162,2015
1974,2026-05-28,Nseraf,t3a,720575940553524437,46326,28172,2008
1975,2026-05-28,Annkri,t5o,720575940566082828,48378,28425,2018
1976,2026-05-29,Andrearwen,RBC,720575940571953580,48096,28008,2046
1977,2026-05-29,Andrearwen,t6,720575940554124951,32258,27919,1632
1978,2026-05-29,Annkri,t3a,720575940571127982,44716,28370,1974
1979,2026-05-29,Andrearwen,RBC,720575940569570734,46749,27997,1978
1980,2026-05-29,Andrearwen,RBC,720575940546511453,24477,27959,1959
1981,2026-05-29,Andrearwen,t7,720575940557103738,24442,27999,2038
1982,2026-05-29,Annkri,RBC,720575940551883246,53731,28371,2004
1983,2026-05-29,Annkri,t5i,720575940564417188,53694,28387,2016
1984,2026-05-29,Andrearwen,t5o,720575940556096220,49951,27964,2043
1985,2026-05-29,Annkri,RBC,720575940571130030,44694,28353,2007
1986,2026-05-29,AzureJay,t2,720575940554784837,49602,30049,2009
1987,2026-05-29,AzureJay,4,720575940577843989,42594,30043,2043
1988,2026-05-29,Andrearwen,t2,720575940551165666,44343,27995,1983
1989,2026-05-29,Nseraf,t6,720575940554820608,36761,28154,1836
1990,2026-05-29,Annkri,t3a,720575940571387643,43024,28369,2028
1991,2026-05-29,AzureJay,t2,720575940554064730,35100,30051,1755
1992,2026-05-29,Annkri,t3b,720575940571086005,52642,28386,2030
1993,2026-05-29,Annkri,RBC,720575940565007329,29377,28377,2028
1994,2026-05-30,Andrearwen,t3b,720575940572134318,48560,27948,2017
1995,2026-05-30,Annkri,t6,720575940557705778,44514,28336,1995
1996,2026-05-30,AzureJay,t2,720575940572459182,41923,30028,1948
1997,2026-05-30,Nseraf,RBC,720575940564818157,43616,28087,2055
1998,2026-05-30,Nseraf,XBC,720575940579348425,46227,28127,2007
1999,2026-05-30,Nseraf,t6,720575940554162445,54165,28105,2034
2000,2026-05-30,Nseraf,RBC,720575940569613172,43962,28122,1985
2001,2026-05-30,Nseraf,t3a,720575940556094702,47383,28129,2022
2002,2026-05-30,Annkri,t3b,720575940574377504,53729,28331,2019
2003,2026-05-30,Nseraf,t6,720575940557108346,43926,28109,1985
2004,2026-05-30,Andrearwen,RBC,720575940571149819,43056,27945,2032
2005,2026-05-30,Nseraf,t5t,720575940578085948,52319,28150,2042
2006,2026-05-30,Nseraf,t3a,720575940566613277,43531,28115,2036
2007,2026-05-30,Andrearwen,t3b,720575940556001510,24895,27942,1971
2008,2026-05-30,Nseraf,RBC,720575940557564194,45625,28153,2053
2009,2026-05-30,AzureJay,t7,720575940573600763,42570,30030,1974
2010,2026-05-30,Annkri,t2,720575940572238369,43936,28333,2005
2011,2026-05-30,Annkri,XBC,720575940565190567,49357,28333,2030
2012,2026-05-30,Nseraf,t4,720575940553102273,43893,28146,1977
2013,2026-05-30,Nseraf,t6,720575940563431863,44956,28147,2036
2014,2026-05-30,Nseraf,t2,720575940582670462,44008,28085,2011
2015,2026-05-30,Nseraf,RBC,720575940549232072,40391,28107,1990
2016,2026-05-30,Nseraf,t2,720575940560691178,24622,28088,1891
2017,2026-05-30,Nseraf,t2,720575940571310089,44902,28152,2020
2018,2026-05-30,Annkri,RBC,720575940575769290,49377,28332,1972
2019,2026-05-30,Andrearwen,RBC,720575940558592710,48388,27912,1784
2020,2026-05-30,Andrearwen,RBC,720575940572627600,39077,27914,1965
2021,2026-05-30,Nseraf,RBC,720575940567892385,47303,28146,1959
2022,2026-05-30,Andrearwen,t6,720575940557160258,33170,28507,1721
2023,2026-05-30,Nseraf,RBC,720575940558593990,24221,28092,2029
2024,2026-05-30,Nseraf,t3b,720575940564080211,45578,28147,2019
2025,2026-05-30,Nseraf,t5i,720575940558593734,50785,28095,2018
2026,2026-05-30,Nseraf,RBC,720575940564079955,35224,28148,2020
2027,2026-05-30,Annkri,t5o,720575940564455076,53751,28340,2010
2028,2026-05-30,AzureJay,RBC,720575940569304461,42553,30043,2002
2029,2026-05-31,Nseraf,RBC,720575940565323511,54109,28078,2023
2030,2026-05-31,Annkri,RBC,720575940580805075,40913,27411,1973
2031,2026-05-31,Nseraf,t3b,720575940574674493,42044,28081,1968
2032,2026-05-31,Nseraf,GluMI,720575940568529653,47352,28082,1993
2033,2026-05-31,Annkri,t4,720575940550353364,54058,27391,2048
2034,2026-05-31,Annkri,GluMI,720575940566065743,49081,27399,2031
2035,2026-05-31,Annkri,RBC,720575940560039180,38507,27424,2020
2036,2026-05-31,AzureJay,t5t,720575940568217719,38745,27911,2038
2037,2026-05-31,AzureJay,t2,720575940569685070,35093,27895,1796
2038,2026-05-31,Annkri,t5t,720575940563033420,39991,27439,2014
2039,2026-05-31,AzureJay,t4,720575940583632702,51386,27909,2000
2040,2026-05-31,Nseraf,t1,720575940565693597,49037,28069,2056
2041,2026-05-31,Nseraf,RBC,720575940557163074,40480,28068,2007
2042,2026-05-31,Annkri,t3b,720575940572469941,53184,27411,1988
2043,2026-05-31,Annkri,t2,720575940569806776,53164,27407,2028
2044,2026-05-31,Nseraf,t7,720575940578971433,46249,28064,2006
2045,2026-05-31,Annkri,RBC,720575940572369845,53963,27432,2004
2046,2026-05-31,Annkri,t8,720575940588321021,50565,27440,2017
2047,2026-05-31,Annkri,t5o,720575940578568708,43471,28319,1990
2048,2026-05-31,Annkri,t5o,720575940566659504,47700,27404,1998
2049,2026-05-31,Annkri,t2,720575940573185717,53682,28317,2027
2050,2026-05-31,Annkri,RBC,720575940551263982,54422,27412,2018
2051,2026-05-31,Nseraf,t5i,720575940557706290,54032,28075,1999
2052,2026-05-31,AzureJay,t2,720575940572132270,48138,27886,1996
2053,2026-06-01,Nseraf,t3a,720575940559572615,24942,28052,1868
2054,2026-06-01,Nseraf,t2,720575940569678196,39044,27832,1950
2055,2026-06-01,Annkri,4,720575940557773418,49296,27391,2019
2056,2026-06-01,Annkri,XBC,720575940554183693,38221,27391,2014
2057,2026-06-01,Nseraf,RBC,720575940556329770,45922,28022,1992
2058,2026-06-01,Nseraf,t2,720575940570016016,42991,28048,1989
2059,2026-06-01,Nseraf,RBC,720575940553136065,42550,27811,2017
2060,2026-06-01,Nseraf,t6,720575940573453927,43189,28037,2059
2061,2026-06-01,Nseraf,t5i,720575940549258696,42527,27805,2027
2062,2026-06-01,Nseraf,t4,720575940567904673,41211,28025,2056
2063,2026-06-01,Nseraf,t5i,720575940566649629,51668,28034,1954
2064,2026-06-01,Nseraf,t5i,720575940569671028,49950,28044,1998
2065,2026-06-01,Nseraf,t6,720575940557143418,43638,27803,2019
2066,2026-06-01,Nseraf,t6,720575940583641150,39927,28022,2019
2067,2026-06-01,Annkri,t1,720575940573458279,34763,27375,1754
2068,2026-06-01,Nseraf,t4,720575940556119278,35500,28021,2041
2069,2026-06-01,Nseraf,RBC,720575940581356213,52236,28046,2002
2070,2026-06-01,Nseraf,t4,720575940565959156,52264,28028,1986
2071,2026-06-01,Nseraf,t2,720575940554180877,25724,27883,1909
2072,2026-06-01,Nseraf,t3a,720575940576739321,35944,27830,2038
2073,2026-06-01,Nseraf,RBC,720575940554181389,44162,27839,1983
2074,2026-06-01,Nseraf,t2,720575940579359177,50826,28023,1979
2075,2026-06-01,Nseraf,t5i,720575940554184205,36435,27793,1879
2076,2026-06-01,Nseraf,t3b,720575940557597474,43617,27866,2004
2077,2026-06-01,Nseraf,4,720575940566656029,27095,27817,1858
2078,2026-06-01,Nseraf,t2,720575940551188450,48933,27859,1975
2079,2026-06-01,Nseraf,t5i,720575940549258184,32259,28392,1684
2080,2026-06-01,Nseraf,RBC,720575940556119790,44472,27872,2035
2081,2026-06-01,Nseraf,GluMI,720575940563483063,41130,26693,1943
2082,2026-06-01,Nseraf,RBC,720575940564445083,50380,27858,2010
2083,2026-06-01,Nseraf,RBC,720575940559203544,28136,28047,1900
2084,2026-06-01,Nseraf,t4,720575940567820762,49110,28061,1983
2085,2026-06-01,Annkri,t6,720575940565192871,28002,27375,2014
2086,2026-06-01,Nseraf,t5i,720575940565960180,44440,27851,2006
2087,2026-06-01,Nseraf,t2,720575940568137478,40479,28051,1986
2088,2026-06-01,Nseraf,GluMI,720575940569614708,50731,28062,2012
2089,2026-06-01,Nseraf,RBC,720575940564444059,53996,28032,1968
2090,2026-06-01,Nseraf,t5t,720575940569674356,48535,27883,1959
2091,2026-06-01,Nseraf,t3b,720575940554848768,49109,27860,1974
2092,2026-06-01,Nseraf,t6,720575940549255112,46759,28027,1997
2093,2026-06-02,Nseraf,?,720575940573655196,53960,27840,1532
2094,2026-06-02,Annkri,t3b,720575940554783832,27448,27301,2009
2095,2026-06-02,Annkri,t6,720575940564563255,42548,27300,2029
2096,2026-06-02,Nseraf,t3a,720575940577866517,48113,27629,2022
2097,2026-06-02,Nseraf,t1,720575940554075738,45101,27542,1983
2098,2026-06-02,Annkri,t6,720575940569594542,48662,27367,2062
2099,2026-06-02,Nseraf,t2,720575940563563191,52410,27576,2017
2100,2026-06-02,Annkri,t3b,720575940566657099,50829,27321,2022
2101,2026-06-02,Nseraf,RBC,720575940563543735,44600,27691,2030
2102,2026-06-02,Nseraf,RBC,720575940559972006,37406,27521,1997
2103,2026-06-02,Nseraf,t6,720575940563572407,45190,27512,2043
2104,2026-06-02,Andrearwen,RBC,720575940571428347,41705,26924,1980
2105,2026-06-02,Andrearwen,RBC,720575940572124846,48809,26908,2054
2106,2026-06-02,Nseraf,t4,720575940566723101,38551,27509,1979
2107,2026-06-02,Annkri,RBC,720575940565783448,40992,27355,2022
2108,2026-06-02,Nseraf,RBC,720575940552235328,38573,27558,1997
2109,2026-06-02,Annkri,t6,720575940556169710,40354,27318,1977
2110,2026-06-02,Nseraf,t5t,720575940563755915,47104,27723,2029
2111,2026-06-02,Nseraf,RBC,720575940567584876,51910,27646,2061
2112,2026-06-02,Nseraf,t5i,720575940559681159,51348,27602,2027
2113,2026-06-02,Annkri,t5i,720575940572032912,40312,27296,1967
2114,2026-06-02,Nseraf,t7,720575940565702045,43943,27532,2009
2115,2026-06-02,Annkri,RBC,720575940556169966,52351,27307,2057
2116,2026-06-02,Nseraf,t5i,720575940574387488,25551,27527,2003
2117,2026-06-02,Nseraf,t5o,720575940567918042,47569,27698,1993
2118,2026-06-02,Nseraf,t7,720575940557645090,35717,27631,2021
2119,2026-06-02,Annkri,t7,720575940565937420,44463,27340,2039
2120,2026-06-02,Andrearwen,t7,720575940572840557,52435,26899,2031
2121,2026-06-02,Nseraf,t6,720575940577580206,51870,27743,2036
2122,2026-06-02,Annkri,t8,720575940568536053,42601,27271,2047
2123,2026-06-02,Annkri,RBC,720575940563258941,49612,27279,2037
2124,2026-06-02,Nseraf,?,720575940566714397,28045,27603,1995
2125,2026-06-02,Andrearwen,RBC,720575940569542318,47329,26910,2024
2126,2026-06-02,Nseraf,t5o,720575940567923617,48734,27725,1963
2127,2026-06-02,Nseraf,RBC,720575940566715165,51722,27586,2035
2128,2026-06-02,Nseraf,RBC,720575940563542455,42825,27714,2042
2129,2026-06-02,Nseraf,RBC,720575940569352815,38526,27511,1997
2130,2026-06-02,Nseraf,t3b,720575940558617030,43387,27645,2041
2131,2026-06-02,Annkri,RBC,720575940570489006,42474,27318,2020
2132,2026-06-02,Nseraf,t5i,720575940563544247,39971,27685,2061
2133,2026-06-02,Nseraf,RBC,720575940560884872,39264,27562,2004
2134,2026-06-02,Nseraf,t2,720575940557187906,47569,27623,1994
2135,2026-06-02,Annkri,t8,720575940557189754,41003,27242,2027
2136,2026-06-02,Annkri,t3a,720575940561311805,49077,27313,2023
2137,2026-06-02,Nseraf,t5i,720575940578782508,44653,27759,2005
2138,2026-06-02,Nseraf,RBC,720575940559661447,37046,27718,2017
2139,2026-06-02,Nseraf,t5i,720575940569755508,43710,27660,2053
2140,2026-06-02,Nseraf,t2,720575940557187394,41543,27664,2017
2141,2026-06-02,Nseraf,t6,720575940564562999,38280,27525,1952
2142,2026-06-02,Nseraf,t6,720575940589497492,30544,28284,1714
2143,2026-06-02,Nseraf,RBC,720575940566509220,49663,27608,2055
2144,2026-06-02,Nseraf,RBC,720575940559624285,47123,27723,1941
2145,2026-06-02,Nseraf,t3a,720575940563559095,45923,27591,2015
2146,2026-06-02,Nseraf,t2,720575940558535292,42977,27618,1785
2147,2026-06-02,Nseraf,RBC,720575940554890496,38335,27697,2033
2148,2026-06-02,Nseraf,t5i,720575940557188474,24871,27567,2027
2149,2026-06-02,Annkri,t7,720575940566721565,40361,27259,2006
2150,2026-06-02,Nseraf,RBC,720575940563384574,52882,27651,1985
2151,2026-06-02,Nseraf,t6,720575940563534775,51420,27726,2026
2152,2026-06-02,Nseraf,t4,720575940542002296,45928,27543,1997
2153,2026-06-02,Nseraf,t6,720575940557637410,47531,27684,1989
2154,2026-06-02,Nseraf,t1,720575940547602693,49613,27603,2043
2155,2026-06-02,Annkri,t5i,720575940551240942,54045,27348,2040
2156,2026-06-02,Andrearwen,RBC,720575940556739672,31639,26930,2054
2157,2026-06-02,Annkri,t4,720575940571986064,40320,27321,2011
2158,2026-06-02,Andrearwen,t5i,720575940558618310,49855,26913,2040
2159,2026-06-02,Nseraf,t3a,720575940555542546,48629,27545,2013
2160,2026-06-02,Annkri,?,720575940569813176,38292,27277,2027
2161,2026-06-02,Andrearwen,t7,720575940580852179,41838,26913,2058
2162,2026-06-02,Nseraf,t5o,720575940583657790,46491,27651,1975
2163,2026-06-02,Nseraf,t5i,720575940562402954,37472,27642,2058
2164,2026-06-02,Nseraf,t5t,720575940566501284,31474,28309,1645
2165,2026-06-02,Nseraf,t3b,720575940553139905,41357,27779,2045
2166,2026-06-02,Nseraf,XBC,720575940564101459,42015,27569,2015
2167,2026-06-02,Nseraf,t1,720575940563498679,44131,27775,2002
2168,2026-06-02,Nseraf,t5i,720575940567932378,38592,27590,2053
2169,2026-06-02,Nseraf,RBC,720575940558536060,47723,27568,2033
2170,2026-06-02,Annkri,t2,720575940559141900,38342,27265,2034
2171,2026-06-02,Andrearwen,t2,720575940572117678,48291,26923,2017
2172,2026-06-02,Annkri,t5o,720575940559126028,39590,27291,1987
2173,2026-06-02,Nseraf,RBC,720575940567935194,26655,27576,2048
2174,2026-06-02,Annkri,t1,720575940555557498,38151,27310,2012
2175,2026-06-02,Nseraf,t3b,720575940559664263,47050,27685,2019
2176,2026-06-02,Annkri,RBC,720575940557383973,28260,27345,2002
2177,2026-06-02,Annkri,RBC,720575940559088396,39651,27303,2001
2178,2026-06-02,Annkri,t2,720575940564694007,54342,27359,2025
2179,2026-06-02,Nseraf,t3a,720575940567585900,38624,27564,2042
2180,2026-06-02,Nseraf,t5i,720575940564437744,53679,27649,2014
2181,2026-06-02,Nseraf,t3b,720575940564473755,52444,27579,2010
2182,2026-06-02,Annkri,t3b,720575940570632629,52267,27263,2016
2183,2026-06-02,Nseraf,t6,720575940557179258,53648,27681,2010
2184,2026-06-02,Nseraf,RBC,720575940564009901,26098,27649,2024
2185,2026-06-02,Nseraf,t3a,720575940577865493,38361,27674,2047
2186,2026-06-02,Nseraf,t3a,720575940557774186,53675,27766,2048
2187,2026-06-02,Nseraf,RBC,720575940538732467,49639,27562,2052
2188,2026-06-02,Nseraf,t5t,720575940556153582,35432,27453,1854
2189,2026-06-02,Nseraf,t7,720575940557189442,49669,27522,2061
2190,2026-06-02,Andrearwen,t3b,720575940565139468,44083,26905,2027
2191,2026-06-02,Nseraf,t4,720575940579520616,50388,27647,2058
2192,2026-06-02,Nseraf,t5i,720575940565981940,47162,27725,2036
2193,2026-06-02,Nseraf,t2,720575940579510632,53738,27768,1994
2194,2026-06-02,Nseraf,RBC,720575940557182842,29847,27633,1963
2195,2026-06-02,Nseraf,t6,720575940563362046,41606,27773,2031
2196,2026-06-02,Annkri,t5i,720575940571057845,52517,27314,2032
2197,2026-06-02,Nseraf,RBC,720575940558313344,29203,27516,2010
2198,2026-06-02,Nseraf,t1,720575940557646114,45894,27580,1999
2199,2026-06-02,Nseraf,t3b,720575940566502564,53635,27681,2057
2200,2026-06-02,Nseraf,XBC,720575940569691764,44368,27788,2002
2201,2026-06-02,Nseraf,XBC,720575940549293256,31077,27602,2056
2202,2026-06-02,Andrearwen,t5i,720575940554212621,44133,26911,2047
2203,2026-06-02,Nseraf,t4,720575940559661703,47074,27717,2024
2204,2026-06-02,Nseraf,RBC,720575940559643271,41531,27756,2001
2205,2026-06-02,Nseraf,t4,720575940567907546,50397,27752,2039
2206,2026-06-02,Andrearwen,RBC,720575940559119884,39860,26896,2002
2207,2026-06-02,Nseraf,t7,720575940579524712,38590,27606,2025
2208,2026-06-02,Nseraf,t3a,720575940557792874,39283,27634,2030
2209,2026-06-02,Nseraf,RBC,720575940563757451,47717,27628,2060
2210,2026-06-02,Andrearwen,RBC,720575940558386956,36270,26908,2020
2211,2026-06-02,Nseraf,RBC,720575940566511780,45967,27563,2019
2212,2026-06-02,Nseraf,t3b,720575940562403978,48267,27548,2018
2213,2026-06-02,Nseraf,t5i,720575940562214590,48259,27551,1967
2214,2026-06-02,Nseraf,t7,720575940579361737,48799,27765,2004
2215,2026-06-02,Nseraf,t3b,720575940561267121,33165,27631,2053
2216,2026-06-03,Annkri,RBC,720575940571978640,39028,27221,2016
2217,2026-06-03,Nseraf,RBC,720575940582020973,47076,27054,2056
2218,2026-06-03,Nseraf,t3a,720575940579390921,43860,27479,2006
2219,2026-06-03,Nseraf,t8,720575940571993516,52634,27023,2047
2220,2026-06-03,Nseraf,t3b,720575940557797226,47640,27508,1965
2221,2026-06-03,Nseraf,RBC,720575940554232333,43889,27479,2032
2222,2026-06-03,Annkri,t5o,720575940569399407,49086,27217,2016
2223,2026-06-03,Nseraf,t3b,720575940559754887,28576,27006,1983
2224,2026-06-03,Annkri,t2,720575940566751261,42195,27225,1985
2225,2026-06-03,Nseraf,RBC,720575940574928888,51382,27494,2034
2226,2026-06-03,Annkri,?,720575940559084376,38363,27225,2035
2227,2026-06-03,Annkri,RBC,720575940570486446,44612,27228,1951
2228,2026-06-03,Nseraf,t1,720575940566768413,48190,27001,2042
2229,2026-06-03,Annkri,RBC,720575940560050346,25227,27234,2016
2230,2026-06-03,Nseraf,t6,720575940583672382,29100,27460,2046
2231,2026-06-03,Annkri,RBC,720575940565998580,27657,27235,1896
2232,2026-06-03,Annkri,t4,720575940569818228,25005,27235,2059
2233,2026-06-03,Nseraf,t3b,720575940557223290,40037,27452,2031
2234,2026-06-03,Nseraf,RBC,720575940556349994,45188,27504,2009
2235,2026-06-03,Nseraf,t5i,720575940569390959,37222,27474,1546
2236,2026-06-03,Nseraf,t1,720575940554215437,47526,27509,2007
2237,2026-06-03,Nseraf,RBC,720575940557200962,48570,27460,2008
2238,2026-06-03,Annkri,t3b,720575940559103500,40431,27237,2032
2239,2026-06-03,Nseraf,t2,720575940554927360,25124,27502,1988
2240,2026-06-03,Nseraf,RBC,720575940565704349,45722,27006,2015
2241,2026-06-03,Nseraf,t2,720575940547609093,49917,27478,2048
2242,2026-06-03,Nseraf,RBC,720575940582741512,49872,27479,2024
2243,2026-06-03,Nseraf,t2,720575940575090902,38112,27484,2040
2244,2026-06-03,Nseraf,t6,720575940577473466,35940,27052,1982
2245,2026-06-03,Nseraf,?,720575940558626246,25304,27448,1990
2246,2026-06-03,Nseraf,t7,720575940565703581,54119,27043,2008
2247,2026-06-03,Nseraf,t2,720575940554077786,25697,27028,2042
2248,2026-06-03,Nseraf,RBC,720575940578589700,47291,27017,1992
2249,2026-06-03,Nseraf,t6,720575940566540452,52543,27469,2036
2250,2026-06-03,Nseraf,t5o,720575940569696590,31463,27503,2058
2251,2026-06-03,Annkri,RBC,720575940580514771,40953,27217,2008
2252,2026-06-03,Nseraf,t6,720575940569396079,51691,27454,2033
2253,2026-06-03,Nseraf,t3b,720575940567947169,38156,27465,2038
2254,2026-06-03,Nseraf,t5i,720575940555804297,42290,27044,2025
2255,2026-06-03,Nseraf,t5o,720575940566762781,38534,27472,1990
2256,2026-06-03,Nseraf,t3b,720575940569844596,50541,27441,2027
2257,2026-06-03,Nseraf,RBC,720575940558543228,53601,27041,2027
2258,2026-06-03,Nseraf,RBC,720575940556115932,25822,27440,2060
2259,2026-06-04,Annkri,t4,720575940561315389,49569,27202,1975
2260,2026-06-04,Annkri,t2,720575940555555858,47638,27208,2013
2261,2026-06-04,Annkri,RBC,720575940572400123,45394,27202,2057
2262,2026-06-04,Annkri,t5i,720575940563662775,31245,27206,2054
2263,2026-06-04,Annkri,t3b,720575940559830284,38179,27193,1978
2264,2026-06-04,Annkri,t5o,720575940572542360,33607,27192,1968
2265,2026-06-04,Annkri,RBC,720575940561200787,37059,27199,1974
2266,2026-06-04,Annkri,t5t,720575940574905871,25172,27176,1964
2267,2026-06-04,Annkri,t7,720575940551266274,39753,27216,2037
2268,2026-06-04,Annkri,RBC,720575940571040181,53592,27201,2019
2269,2026-06-04,Annkri,t5t,720575940570594741,50510,27205,2021
2270,2026-06-04,Annkri,RBC,720575940564305932,47676,27177,1982
2271,2026-06-05,AzureJay,t6,720575940586204982,38282,27175,1987
2272,2026-06-06,AzureJay,GluMI,720575940568118369,52191,27175,2017
2273,2026-06-07,Nseraf,RBC,720575940558357575,50956,26962,2035
2274,2026-06-07,Nseraf,t7,720575940551616295,51500,26931,2034
2275,2026-06-07,Nseraf,t5i,720575940560550091,46051,26938,2022
2276,2026-06-07,AzureJay,t6,720575940572011438,46514,27174,1986
2277,2026-06-07,Nseraf,t5o,720575940558483982,47604,26604,2034
2278,2026-06-07,Nseraf,t7,720575940551556517,26447,26579,1989
2279,2026-06-07,Nseraf,RBC,720575940568080858,38543,26974,2023
2280,2026-06-07,Nseraf,RBC,720575940558485518,29219,26599,1957
2281,2026-06-07,Nseraf,t5o,720575940553233345,43086,26995,2026
2282,2026-06-07,Nseraf,t3b,720575940552903410,49974,26961,2022
2283,2026-06-07,Nseraf,t4,720575940559974054,47327,26956,2053
2284,2026-06-07,Nseraf,t2,720575940571957297,46977,26990,2057
2285,2026-06-07,Nseraf,RBC,720575940552152544,25810,26608,2048
2286,2026-06-07,Nseraf,t1,720575940561315356,52699,26589,2018
2287,2026-06-07,Nseraf,t6,720575940570271606,37423,26586,2039
2288,2026-06-07,Nseraf,RBC,720575940582040685,34252,26605,1977
2289,2026-06-07,Nseraf,RBC,720575940582044269,27202,26584,2033
2290,2026-06-07,Nseraf,t4,720575940557843562,48225,26940,2019
2291,2026-06-07,st0ck53y,t2,720575940562763225,49150,30063,1957
2292,2026-06-07,Nseraf,t3b,720575940577486522,32677,26591,1968
2293,2026-06-07,AzureJay,t5t,720575940563549615,51932,27160,2055
2294,2026-06-07,Nseraf,t1,720575940551549349,48297,26604,2026
2295,2026-06-07,AzureJay,t2,720575940561320220,50415,27169,2056
2296,2026-06-07,Nseraf,t4,720575940575505456,41275,26942,2046
2297,2026-06-07,Nseraf,RBC,720575940561312540,49264,26597,1998
2298,2026-06-07,Nseraf,RBC,720575940584151342,42236,26582,2035
2299,2026-06-07,Nseraf,t7,720575940552903935,27769,26958,1954
2300,2026-06-07,Nseraf,t1,720575940558455529,47536,26600,2021
2301,2026-06-07,Nseraf,t4,720575940568952839,51096,26940,2039
2302,2026-06-07,Nseraf,t7,720575940551869888,41665,26576,2021
2303,2026-06-07,Nseraf,t5o,720575940578100540,51750,26978,2034
2304,2026-06-07,Nseraf,RBC,720575940558321024,49948,26973,2020
2305,2026-06-07,Nseraf,RBC,720575940572283169,42695,26574,2029
2306,2026-06-07,Nseraf,t5o,720575940571169899,50252,26955,1967
2307,2026-06-07,AzureJay,t5o,720575940571042997,52694,27170,2019
2308,2026-06-08,Nseraf,t4,720575940560759274,26584,26538,1933
2309,2026-06-08,AzureJay,t3a,720575940563080268,39084,27159,2027
2310,2026-06-08,Nseraf,t6,720575940561749328,34564,26572,2045
2311,2026-06-08,AzureJay,t8,720575940551915712,46555,27157,2022
2312,2026-06-08,Nseraf,RBC,720575940582045293,27776,26547,2018
2313,2026-06-08,AzureJay,t5i,720575940566748684,47656,27158,2044
2314,2026-06-08,AzureJay,t3b,720575940570260398,45365,27158,2027
2315,2026-06-08,Nseraf,t3b,720575940564815673,37494,26537,2028
2316,2026-06-08,Nseraf,t3a,720575940561317404,47191,26571,2018
2317,2026-06-08,Nseraf,RBC,720575940558488590,28033,26541,2006
2318,2026-06-08,Nseraf,RBC,720575940561318172,48246,26571,1946
2319,2026-06-09,Nseraf,t3b,720575940551663269,43656,26367,2027
2320,2026-06-09,Nseraf,t5t,720575940571185003,37163,26314,2035
2321,2026-06-09,Nseraf,t5i,720575940562867150,50481,26227,2054
2322,2026-06-09,Nseraf,t3b,720575940558511374,48273,26498,2015
2323,2026-06-09,Nseraf,t7,720575940554637655,44182,26313,2023
2324,2026-06-09,Nseraf,t3b,720575940572528404,40696,26180,1991
2325,2026-06-09,Nseraf,?,720575940569114034,50856,26501,1917
2326,2026-06-09,Nseraf,t1,720575940566259951,27474,26471,2030
2327,2026-06-09,Nseraf,t5t,720575940575532848,50472,26183,2057
2328,2026-06-09,Nseraf,t4,720575940572305953,54791,26267,2018
2329,2026-06-09,Nseraf,RBC,720575940568109274,47209,26426,2022
2330,2026-06-09,Nseraf,t1,720575940558944856,41497,26160,2031
2331,2026-06-09,Nseraf,RBC,720575940561786147,48159,26208,1970
2332,2026-06-09,Nseraf,RBC,720575940558542606,48297,26351,2026
2333,2026-06-09,Nseraf,t5i,720575940562841294,54073,26498,2052
2334,2026-06-09,Andrearwen,t5o,720575940579185106,27290,26886,1953
2335,2026-06-09,Nseraf,RBC,720575940564486128,48750,26374,1999
2336,2026-06-09,Nseraf,t5i,720575940582099565,52323,26433,2016
2337,2026-06-09,Nseraf,t2,720575940558505193,38124,26300,1990
2338,2026-06-09,Nseraf,t2,720575940561426204,48241,26298,1976
2339,2026-06-09,Andrearwen,t5t,720575940572840813,53282,26885,2056
2340,2026-06-09,Nseraf,t6,720575940561365169,41507,26247,2046
2341,2026-06-09,Nseraf,RBC,720575940563722679,37886,26415,2009
2342,2026-06-09,Nseraf,t7,720575940561354673,42345,26418,2019
2343,2026-06-09,Nseraf,t7,720575940561404956,55304,26459,2048
2344,2026-06-09,Nseraf,RBC,720575940554640215,41852,26182,2059
2345,2026-06-09,Nseraf,t7,720575940568256631,40083,26263,2003
2346,2026-06-09,Nseraf,RBC,720575940576322513,35724,26246,2027
2347,2026-06-09,Nseraf,t1,720575940561364657,53634,26297,2036
2348,2026-06-09,Nseraf,RBC,720575940582107501,40043,26300,2022
2349,2026-06-09,Nseraf,t2,720575940563219614,54380,26222,1973
2350,2026-06-09,Nseraf,?,720575940568115162,34312,26224,1984
2351,2026-06-09,Nseraf,RBC,720575940575832315,30334,26201,2049
2352,2026-06-09,Nseraf,RBC,720575940560811498,38217,26249,2022
2353,2026-06-09,Nseraf,t4,720575940556279022,52496,26184,2028
2354,2026-06-09,AzureJay,RBC,720575940561469212,26085,27146,2005
2355,2026-06-09,Nseraf,t2,720575940577526714,52312,26289,1972
2356,2026-06-09,Nseraf,t6,720575940551665829,48858,26339,2025
2357,2026-06-09,Nseraf,t5i,720575940582099053,53673,26437,2020
2358,2026-06-09,Nseraf,GluMI,720575940574262169,32784,26421,1634
2359,2026-06-09,Nseraf,RBC,720575940584191278,38198,26253,1969
2360,2026-06-09,Nseraf,t3b,720575940558337408,26766,26486,1994
2361,2026-06-09,Nseraf,RBC,720575940568113626,35375,26336,2041
2362,2026-06-09,Nseraf,RBC,720575940569057942,39925,26331,2060
2363,2026-06-09,Nseraf,t6,720575940551931328,45423,26225,2012
2364,2026-06-09,Nseraf,t5i,720575940561944206,41302,26408,2054
2365,2026-06-09,Nseraf,t5i,720575940570052368,48240,26420,1966
2366,2026-06-09,Nseraf,t2,720575940570356598,48697,26248,2000
2367,2026-06-09,Nseraf,RBC,720575940560799466,51533,26412,2009
2368,2026-06-09,Nseraf,RBC,720575940562866382,36499,26291,2030
2369,2026-06-09,Nseraf,t5t,720575940558364288,44880,26186,1990
2370,2026-06-09,Nseraf,RBC,720575940556692451,41210,26424,2014
2371,2026-06-09,Nseraf,t2,720575940557073028,43576,26437,2062
2372,2026-06-09,Nseraf,RBC,720575940561433884,41526,26183,2046
2373,2026-06-09,Nseraf,t6,720575940570352502,47221,26368,2035
2374,2026-06-09,Nseraf,RBC,720575940558504937,41896,26304,2006
2375,2026-06-09,Nseraf,RBC,720575940573691804,52765,26270,2026
2376,2026-06-09,Nseraf,t5t,720575940561364401,33232,26308,1827
2377,2026-06-09,AzureJay,RBC,720575940571387757,54851,27155,1995
2378,2026-06-09,Nseraf,t5i,720575940584767611,41737,26195,1992
2379,2026-06-09,Nseraf,RBC,720575940560761066,55235,26510,2010
2380,2026-06-09,Nseraf,t2,720575940560562891,28449,26155,2024
2381,2026-06-09,Nseraf,t2,720575940560863889,53913,26463,2021
2382,2026-06-09,Nseraf,t4,720575940586360598,51606,26436,2020
2383,2026-06-09,Nseraf,RBC,720575940553567701,52319,26333,2035
2384,2026-06-09,Nseraf,RBC,720575940560151957,31326,26474,1967
2385,2026-06-09,Nseraf,t3b,720575940551663525,48802,26366,1997
2386,2026-06-09,Nseraf,RBC,720575940570992153,34971,26493,2041
2387,2026-06-09,Nseraf,t7,720575940577819077,50911,26370,2033
2388,2026-06-09,Nseraf,RBC,720575940563218846,36538,26325,2041
2389,2026-06-09,Nseraf,t5o,720575940577821381,44154,26275,2017
2390,2026-06-09,Nseraf,t6,720575940584764795,42823,26282,2028
2391,2026-06-09,Nseraf,RBC,720575940576715535,45758,26442,2015
2392,2026-06-09,Nseraf,t5o,720575940572293153,43580,26486,2019
2393,2026-06-09,Nseraf,t6,720575940568258935,44126,26197,2036
2394,2026-06-09,Nseraf,RBC,720575940551665573,41196,26339,1987
2395,2026-06-09,Nseraf,t5t,720575940577513283,48294,26217,2033
2396,2026-06-09,Nseraf,t3b,720575940559008549,45757,26415,2041
2397,2026-06-09,Nseraf,t5i,720575940558541838,48725,26400,2024
2398,2026-06-09,Nseraf,RBC,720575940552256064,26038,26469,2016
2399,2026-06-09,Nseraf,t5i,720575940546837491,25909,26175,1363
2400,2026-06-09,Nseraf,t3a,720575940552936946,41215,26348,2026
2401,2026-06-09,Nseraf,t3b,720575940571775156,55232,26463,2019
2402,2026-06-09,Nseraf,t6,720575940565031905,38150,26159,1968
2403,2026-06-09,Nseraf,RBC,720575940561420316,43360,25737,1971
2404,2026-06-09,Nseraf,t3b,720575940553173887,36890,26154,2021
2405,2026-06-09,Nseraf,RBC,720575940563563439,45394,26161,2033
2406,2026-06-09,AzureJay,t4,720575940568131681,38331,27149,1999
2407,2026-06-09,Nseraf,RBC,720575940564486896,50278,26338,1974
2408,2026-06-09,Nseraf,t4,720575940577519034,47201,26451,2008
2409,2026-06-09,Nseraf,t3a,720575940563086156,48253,26449,2003
2410,2026-06-09,Nseraf,RBC,720575940552938738,40729,26227,2012
2411,2026-06-09,Nseraf,t3b,720575940558944600,41783,26189,1991
2412,2026-06-09,Nseraf,t5o,720575940561417756,53227,26407,2055
2413,2026-06-09,Nseraf,t2,720575940558542350,41252,26362,2020
2414,2026-06-09,Nseraf,t3b,720575940576722959,52421,26312,2055
2415,2026-06-09,Nseraf,RBC,720575940563219102,43584,26311,2002
2416,2026-06-09,Nseraf,RBC,720575940551656357,46373,26409,2025
2417,2026-06-09,Nseraf,t3b,720575940557232194,50416,26171,2016
2418,2026-06-09,Nseraf,t2,720575940552916991,40490,26484,2015
2419,2026-06-09,Nseraf,t1,720575940560815850,49346,26200,1989
2420,2026-06-09,Nseraf,RBC,720575940551668389,37131,26279,2022
2421,2026-06-09,Nseraf,RBC,720575940558941272,52331,26390,2024
2422,2026-06-09,Nseraf,RBC,720575940562865870,33700,26340,2022
2423,2026-06-09,Nseraf,RBC,720575940568257911,40690,26207,2008
2424,2026-06-09,Nseraf,t5i,720575940561366300,36586,26504,1985
2425,2026-06-09,Nseraf,t5i,720575940552165088,43554,26482,2061
2426,2026-06-09,Nseraf,t4,720575940577823941,48212,26172,2059
2427,2026-06-09,Nseraf,t2,720575940547514252,36591,26484,2038
2428,2026-06-09,Nseraf,t6,720575940565716381,50811,26202,2021
2429,2026-06-09,Nseraf,RBC,720575940551919808,42353,26461,1996
2430,2026-06-09,Nseraf,t3a,720575940582106221,43121,26362,2008
2431,2026-06-09,Nseraf,t2,720575940561360561,37041,26402,2013
2432,2026-06-09,Nseraf,t5i,720575940561360817,44529,26390,1991
2433,2026-06-09,Nseraf,?,720575940577523386,39908,26411,2013
2434,2026-06-09,Nseraf,t3b,720575940558504169,54805,26344,2060
2435,2026-06-09,Nseraf,RBC,720575940558501609,27101,26412,2039
2436,2026-06-10,Nseraf,RBC,720575940558191862,29639,26131,1965
2437,2026-06-10,Nseraf,t2,720575940558381184,50237,26096,1977
2438,2026-06-10,Nseraf,t3a,720575940583321543,44947,26118,2027
2439,2026-06-10,Nseraf,t2,720575940572542740,43873,26018,2006
2440,2026-06-10,Andrearwen,t2,720575940566722123,51093,26880,2060
2441,2026-06-10,Nseraf,t6,720575940556287470,45417,26118,2046
2442,2026-06-10,Nseraf,RBC,720575940559007802,28237,26075,2039
2443,2026-06-10,Nseraf,RBC,720575940552952050,50412,26137,2006
2444,2026-06-10,Nseraf,t5t,720575940558992087,38158,26094,1989
2445,2026-06-10,Nseraf,t2,720575940582185581,47619,25981,2034
2446,2026-06-10,Nseraf,RBC,720575940565681508,38828,26070,2001
2447,2026-06-10,Nseraf,RBC,720575940582146925,53975,26123,2054
2448,2026-06-10,Nseraf,t1,720575940561460657,36278,26010,2010
2449,2026-06-10,Nseraf,t5i,720575940552951538,38116,26148,1998
2450,2026-06-10,Nseraf,t3a,720575940556531482,36234,26086,2036
2451,2026-06-10,Nseraf,t5i,720575940569189554,26238,26135,2028
2452,2026-06-10,Nseraf,t3a,720575940575641417,54134,25991,2036
2453,2026-06-10,Nseraf,RBC,720575940558571534,51476,26133,2002
2454,2026-06-10,Nseraf,t3b,720575940560906376,37421,26016,2015
2455,2026-06-10,Nseraf,t5i,720575940561537564,55000,26017,1215
2456,2026-06-10,Nseraf,t2,720575940556279278,26205,26151,2041
2457,2026-06-10,Nseraf,RBC,720575940568275319,36560,26058,2005
2458,2026-06-10,Nseraf,t7,720575940558225923,53374,26057,1993
2459,2026-06-10,Nseraf,RBC,720575940561403057,38959,26133,2003
2460,2026-06-10,Nseraf,t6,720575940558525161,26272,26151,2017
2461,2026-06-10,Nseraf,t7,720575940553400337,27009,26062,2038
2462,2026-06-10,Nseraf,t3a,720575940558569486,47604,26135,2056
2463,2026-06-10,Nseraf,t7,720575940568973319,43330,26094,2032
2464,2026-06-10,Nseraf,t4,720575940552175328,38932,26070,2030
2465,2026-06-10,Nseraf,RBC,720575940571778228,26326,26113,2021
2466,2026-06-10,Nseraf,t6,720575940561487644,51158,26125,1953
2467,2026-06-10,Nseraf,t8,720575940558955096,27469,26095,2031
2468,2026-06-10,Nseraf,t3b,720575940568285559,27631,26012,2023
2469,2026-06-10,Andrearwen,GluMI,720575940572510203,44800,26880,1991
2470,2026-06-10,Andrearwen,t3a,720575940559682141,53279,26881,2022
2471,2026-06-10,Nseraf,t4,720575940561413553,38886,26080,2032
2472,2026-06-10,Nseraf,RBC,720575940561461169,27302,25996,2031
2473,2026-06-10,Nseraf,t4,720575940577252733,44840,26034,2044
2474,2026-06-10,Nseraf,t7,720575940584788091,44958,26082,2030
2475,2026-06-10,Nseraf,t3a,720575940561491740,43116,26103,1944
2476,2026-06-10,Nseraf,RBC,720575940553177983,37567,26092,2022
2477,2026-06-10,Nseraf,t3a,720575940566667394,26318,26154,2045
2478,2026-06-10,Nseraf,t6,720575940560862186,47645,26107,2032
2479,2026-06-10,Nseraf,RBC,720575940575635273,40735,26116,2017
2480,2026-06-10,Nseraf,t5i,720575940552174816,40582,26078,2002
2481,2026-06-10,Andrearwen,t3b,720575940571471541,54250,26881,1980
2482,2026-06-10,Nseraf,t2,720575940558575630,41764,26119,2014
2483,2026-06-10,Nseraf,t5t,720575940583344071,45147,26010,1982
2484,2026-06-10,Nseraf,t1,720575940562651371,47329,26052,1999
2485,2026-06-10,Nseraf,t5i,720575940553403153,47601,26023,2014
2486,2026-06-10,Nseraf,t8,720575940582147693,31966,26111,1687
2487,2026-06-10,Nseraf,RBC,720575940576748537,27446,26126,2052
2488,2026-06-10,Nseraf,RBC,720575940558955352,54367,26092,1959
2489,2026-06-10,Nseraf,RBC,720575940568284023,28195,26028,2046
2490,2026-06-10,Nseraf,t2,720575940569479535,53726,26074,1988
2491,2026-06-10,Nseraf,t5i,720575940563236254,39410,26009,2035
2492,2026-06-10,Nseraf,t3a,720575940569199794,45350,26124,2022
2493,2026-06-10,Nseraf,RBC,720575940555823497,27678,26068,2051
2494,2026-06-10,Nseraf,RBC,720575940552973567,54081,26015,2020
2495,2026-06-10,Nseraf,RBC,720575940584218158,31410,26110,2018
2496,2026-06-10,Nseraf,t6,720575940551800997,39442,25994,1966
2497,2026-06-10,Nseraf,t2,720575940561451697,39369,26025,1996
2498,2026-06-10,Nseraf,t3a,720575940551963072,32168,26098,2021
2499,2026-06-10,Nseraf,t7,720575940564593719,38816,26134,1962
2500,2026-06-10,Andrearwen,RBC,720575940582149229,40217,26877,1986
2501,2026-06-10,Nseraf,t5i,720575940569706574,28727,26031,1989
2502,2026-06-10,Nseraf,RBC,720575940571057177,45965,26024,1981
2503,2026-06-10,Nseraf,t2,720575940577841861,55310,26091,1986
2504,2026-06-10,Nseraf,t3b,720575940563225246,42522,26142,1982
2505,2026-06-10,Nseraf,?,720575940562231230,43163,26037,2014
2506,2026-06-10,Andrearwen,RBC,720575940569570222,46489,26880,2059
2507,2026-06-10,Nseraf,RBC,720575940575103446,51804,26026,1988
2508,2026-06-10,Nseraf,t5i,720575940585239507,38776,26057,2036
2509,2026-06-10,Nseraf,t5i,720575940562450570,36003,26043,1980
2510,2026-06-10,Nseraf,t5i,720575940557236546,49449,26127,2037
2511,2026-06-10,Nseraf,t6,720575940547539340,54397,26126,2047
2512,2026-06-10,Nseraf,t3a,720575940574499253,51791,26008,1976
2513,2026-06-10,Nseraf,t5t,720575940558396800,53454,26031,2020
2514,2026-06-10,Nseraf,t6,720575940566675842,43301,26095,2060
2515,2026-06-10,Nseraf,t5t,720575940561770832,32311,26146,1810
2516,2026-06-10,Nseraf,RBC,720575940570863272,47652,26038,2003
2517,2026-06-11,Nseraf,t5o,720575940551996096,35660,25969,2001
2518,2026-06-11,Nseraf,RBC,720575940576744975,53330,25931,1962
2519,2026-06-11,Nseraf,RBC,720575940577862341,36797,25935,2010
2520,2026-06-11,Nseraf,t4,720575940584811899,49342,25918,2028
2521,2026-06-11,Nseraf,4,720575940553598677,27328,25965,2028
2522,2026-06-11,Nseraf,RBC,720575940551806885,47212,25920,2059
2523,2026-06-11,Nseraf,RBC,720575940561562908,28780,25907,2058
2524,2026-06-11,Nseraf,RBC,720575940570458230,49280,25976,2024
2525,2026-06-11,Nseraf,t6,720575940558614286,42049,25907,2041
2526,2026-06-11,Nseraf,t3b,720575940552979455,49786,25947,1972
2527,2026-06-11,Nseraf,?,720575940558663622,49639,25899,2027
2528,2026-06-11,Nseraf,RBC,720575940561462705,37414,25956,2057
2529,2026-06-11,Nseraf,t3a,720575940566687618,44444,25915,2041
2530,2026-06-11,Nseraf,t7,720575940572335905,36843,25920,1955
2531,2026-06-11,Nseraf,RBC,720575940584243502,43902,25947,2031
2532,2026-06-11,Nseraf,RBC,720575940584241710,51827,25976,2015
2533,2026-06-11,Nseraf,GluMI,720575940563126604,46319,25927,2058
2534,2026-06-11,Nseraf,RBC,720575940570458486,33760,25970,2027
2535,2026-06-11,Nseraf,RBC,720575940549200774,44369,25956,1983
2536,2026-06-11,Nseraf,RBC,720575940584809595,39454,25976,2020
2537,2026-06-11,Nseraf,t3b,720575940561555228,45129,25954,2014
2538,2026-06-11,Nseraf,t4,720575940569241266,42053,25951,2009
2539,2026-06-11,Nseraf,XBC,720575940571061017,26969,25928,1924
2540,2026-06-11,Nseraf,t6,720575940558610190,29964,25979,1978
2541,2026-06-11,Nseraf,t6,720575940552993010,30815,25905,2019
2542,2026-06-11,Andrearwen,t2,720575940558372167,46064,26875,2018
2543,2026-06-11,Nseraf,RBC,720575940554128218,53241,25965,2021
2544,2026-06-11,Nseraf,RBC,720575940558612494,45720,25909,2022
2545,2026-06-11,Nseraf,RBC,720575940558968920,27866,25918,1996
2546,2026-06-12,Annkri,RBC,720575940580806611,41425,27079,2010
2547,2026-06-12,Andrearwen,t4,720575940558620430,49846,26863,2012
2548,2026-06-12,Annkri,RBC,720575940571974705,54836,27071,2013
2549,2026-06-12,Annkri,t6,720575940561931795,41425,27083,2040
2550,2026-06-12,Annkri,t4,720575940572621456,38150,27077,2009
2551,2026-06-12,Annkri,RBC,720575940574282900,26553,27068,2015
2552,2026-06-12,Andrearwen,RBC,720575940555301976,26968,26863,2056
2553,2026-06-12,Andrearwen,t5t,720575940567090142,44915,26862,2043
2554,2026-06-12,Annkri,t6,720575940577427088,26030,27067,1937
2555,2026-06-12,Annkri,t6,720575940566726731,50232,27075,2032
2556,2026-06-12,Andrearwen,RBC,720575940574502581,50406,26860,2044
2557,2026-06-12,Annkri,t3b,720575940576280005,33855,27070,2042
2558,2026-06-12,Annkri,t1,720575940561402204,47138,27070,2043
2559,2026-06-13,Annkri,RBC,720575940559816972,37481,27118,2058
2560,2026-06-13,Annkri,t3a,720575940551075168,30598,27133,2051
2561,2026-06-13,Annkri,RBC,720575940555025274,37479,27112,1992
2562,2026-06-13,Annkri,t5i,720575940564289410,41354,27097,2043
2563,2026-06-13,Annkri,RBC,720575940559815692,38091,27126,1989
2564,2026-06-13,Annkri,RBC,720575940565007251,46587,27135,2001
2565,2026-06-13,Annkri,t5i,720575940572006574,46662,27134,2005
2566,2026-06-13,AzureJay,t6,720575940571706549,50428,27135,1926
2567,2026-06-13,Annkri,t6,720575940569569454,47137,27116,2043
2568,2026-06-13,AzureJay,RBC,720575940555309898,41472,27135,2017
2569,2026-06-13,AzureJay,XBC,720575940571084825,54868,27144,2035
2570,2026-06-13,Annkri,t3a,720575940571376309,54875,27099,2028
2571,2026-06-13,Annkri,t3a,720575940563734711,51876,27106,2012
2572,2026-06-13,AzureJay,t2,720575940566052084,45382,27137,2016
2573,2026-06-13,Annkri,t3a,720575940556424266,41400,27129,2010
2574,2026-06-13,Annkri,RBC,720575940558390540,36605,27107,1984
2575,2026-06-13,Annkri,t6,720575940565533452,42875,27122,2046
2576,2026-06-13,Annkri,t3b,720575940572115886,46818,27113,1972
2577,2026-06-14,AzureJay,t6,720575940554675287,44809,26859,1978
2578,2026-06-14,AzureJay,t5i,720575940560014246,52274,26858,2016
2579,2026-06-14,Nseraf,GluMI,720575940558697956,44458,25896,2005
2580,2026-06-14,Nseraf,RBC,720575940562239934,45782,25895,2031
2581,2026-06-14,Nseraf,t5i,720575940564337871,36860,25897,2039
2582,2026-06-14,Nseraf,XBC,720575940582208877,45788,25898,2021
2583,2026-06-14,Annkri,t6,720575940572118190,48367,26618,2017
2584,2026-06-15,Nseraf,t4,720575940577906453,42046,25889,2022
2585,2026-06-15,Nseraf,t5i,720575940552264160,42813,25874,2035
2586,2026-06-15,Nseraf,4,720575940565729501,45787,25880,2021
2587,2026-06-15,Nseraf,RBC,720575940562258622,48522,25874,2018
2588,2026-06-15,Nseraf,t5i,720575940553626325,46301,25894,2004
2589,2026-06-15,Nseraf,RBC,720575940569944004,55215,25894,1994
2590,2026-06-15,Nseraf,t2,720575940553654229,36618,25881,2048
2591,2026-06-15,Nseraf,RBC,720575940577883589,30526,25880,1994
2592,2026-06-15,Nseraf,t2,720575940577906453,27485,25890,1693
2593,2026-06-16,Andrearwen,RBC,720575940571601552,40026,25690,2001
2594,2026-06-16,AzureJay,t7,720575940571356190,47323,26853,1992
2595,2026-06-16,Andrearwen,RBC,720575940559144972,39971,25689,2035
2596,2026-06-16,Andrearwen,RBC,720575940571378029,54077,25692,2028
2597,2026-06-16,Andrearwen,RBC,720575940563253565,49209,25699,2015
2598,2026-06-16,Andrearwen,RBC,720575940565043603,46539,25690,2052
2599,2026-06-18,Andrearwen,t7,720575940565748068,30306,25689,2016
2600,2026-06-18,Nseraf,t6,720575940557191322,43960,25868,2022
2601,2026-06-18,Andrearwen,t3a,720575940556381533,32761,25687,2044
2602,2026-06-18,Nseraf,t7,720575940553014770,48113,25870,2035
2603,2026-06-18,Andrearwen,RBC,720575940551877102,50630,25684,1985
2604,2026-06-18,Nseraf,t3b,720575940577621178,46049,25870,1970
2605,2026-06-19,Nseraf,RBC,720575940563850167,50057,25861,1966
2606,2026-06-19,Nseraf,RBC,720575940559190821,46281,25862,2007
2607,2026-06-19,Nseraf,t1,720575940578076693,44605,25864,1963
2608,2026-06-20,Nseraf,RBC,720575940581606745,26477,25857,1963
2609,2026-06-20,Nseraf,t6,720575940562696427,55170,25861,2028
2610,2026-06-20,Nseraf,RBC,720575940547135573,53344,25855,2035
2611,2026-06-21,AzureJay,t5o,720575940569349005,40175,26849,1970
2612,2026-06-21,AzureJay,t6,720575940570872232,49042,26850,2007
2613,2026-06-22,Annkri,t3b,720575940574337172,26411,26622,2020
2614,2026-06-22,Annkri,t3b,720575940565018259,47272,26620,1980
2615,2026-06-22,Annkri,t5o,720575940570457851,45309,26622,2061
2616,2026-06-22,Annkri,t5o,720575940572749456,39205,26619,1988
2617,2026-06-22,Annkri,t6,720575940564813694,49394,26621,2037
2618,2026-06-22,Andrearwen,t5o,720575940565161368,41350,25684,2026
2619,2026-06-23,Annkri,t1,720575940578185276,42653,26674,2018
2620,2026-06-23,Annkri,t2,720575940551885038,50221,26702,2005
2621,2026-06-23,Annkri,t2,720575940564314636,46128,26656,2013
2622,2026-06-23,Annkri,RBC,720575940552120302,52829,26630,2009
2623,2026-06-23,Annkri,RBC,720575940574940605,33384,26646,1946
2624,2026-06-23,Andrearwen,RBC,720575940578976912,29942,25676,2057
2625,2026-06-23,Andrearwen,t5t,720575940562934043,54132,25684,2047
2626,2026-06-23,Annkri,t5i,720575940562904211,40700,26643,2048
2627,2026-06-23,Annkri,t5o,720575940568229628,46693,26630,1980
2628,2026-06-23,Annkri,t3b,720575940553329857,46053,26640,1983
2629,2026-06-23,Andrearwen,RBC,720575940552017134,52417,25682,2014
2630,2026-06-23,Annkri,t7,720575940566936588,48708,26673,2054
2631,2026-06-23,Annkri,t6,720575940564713888,40937,26686,2055
2632,2026-06-23,Annkri,RBC,720575940566888477,30819,26629,2039
2633,2026-06-23,Annkri,t5t,720575940581496374,49422,26651,2023
2634,2026-06-23,Annkri,RBC,720575940571044533,52715,26631,1987
2635,2026-06-23,Andrearwen,t2,720575940550282734,51419,25677,2044
2636,2026-06-23,Andrearwen,RBC,720575940557572189,32716,25676,1950
2637,2026-06-23,Annkri,t3a,720575940573604347,46756,26633,2036
2638,2026-06-23,Annkri,RBC,720575940565053452,45246,26628,2004
2639,2026-06-23,Annkri,t4,720575940553055474,45295,26660,2024
2640,2026-06-23,Annkri,t7,720575940572364206,46109,26669,2020
2641,2026-06-23,Annkri,t5i,720575940564778508,45290,26702,2020
2642,2026-06-23,Annkri,t7,720575940561838227,36518,26652,2027
2643,2026-06-23,Annkri,RBC,720575940563242301,49281,26670,1957
2644,2026-06-23,Annkri,t6,720575940552120046,52804,26646,2016
2645,2026-06-24,Annkri,t3a,720575940573389200,39155,26735,1962
2646,2026-06-24,Annkri,t5t,720575940571471029,54820,26736,2048
2647,2026-06-24,Annkri,t2,720575940571978384,38793,26712,2006
2648,2026-06-24,Annkri,t5i,720575940570591413,50961,26703,2044
2649,2026-06-24,Annkri,t3a,720575940581657945,52717,26713,1965
2650,2026-06-26,Annkri,t6,720575940572620176,38841,26764,1964
2651,2026-06-26,Annkri,t5t,720575940565139212,43572,26747,2040
2652,2026-06-26,Annkri,RBC,720575940569551022,46044,26756,2041
2653,2026-06-26,Annkri,t5i,720575940561372684,36823,26769,1988
2654,2026-06-26,Annkri,t5t,720575940564189101,40735,26776,1976
2655,2026-06-26,Annkri,t1,720575940560066470,39505,26755,2028
2656,2026-06-26,Annkri,t5i,720575940559840780,38876,26746,2040
2657,2026-06-26,Annkri,RBC,720575940559130380,38844,26738,1959
2658,2026-06-26,Andrearwen,t7,720575940566656587,51083,25672,2060
2659,2026-06-26,Annkri,t4,720575940560669131,46054,26754,2002
2660,2026-06-26,Andrearwen,RBC,720575940570374062,44542,25669,1990
2661,2026-06-26,Andrearwen,t6,720575940561572273,49463,25672,2040
2662,2026-06-26,Annkri,t6,720575940572416400,36390,26747,2010
2663,2026-06-26,Annkri,t3a,720575940572041777,40250,26766,2023
2664,2026-06-26,Annkri,RBC,720575940570675088,34813,26768,1951
2665,2026-06-26,Annkri,RBC,720575940570511534,41774,26772,2024
2666,2026-06-26,Annkri,t6,720575940563975607,40215,26774,2057
2667,2026-06-26,Annkri,t5t,720575940562543507,39521,26774,2018
2668,2026-06-26,Annkri,RBC,720575940571086957,50961,26773,2040
2669,2026-06-27,Annkri,t3a,720575940559115532,38822,26791,1966
2670,2026-06-27,Annkri,XBC,720575940557411138,48211,26789,2040
2671,2026-06-27,Annkri,t4,720575940569646411,40798,26793,1832
2672,2026-06-27,Annkri,t1,720575940580533203,40691,26776,2001
2673,2026-06-27,Annkri,XBC,720575940559087960,38861,26784,2031
2674,2026-06-27,Annkri,t1,720575940569645643,43392,26793,1840
2675,2026-06-28,Annkri,RBC,720575940580518099,41589,26814,1968
2676,2026-06-28,Annkri,t7,720575940551486656,49705,26830,1631
2677,2026-06-28,Annkri,RBC,720575940558179911,26477,26828,1846
2678,2026-06-28,AzureJay,t3a,720575940566648651,51092,25834,2024
2679,2026-06-28,Annkri,RBC,720575940550638830,50993,26796,1989
2680,2026-06-28,Annkri,t6,720575940554221402,51452,26824,2011
2681,2026-06-28,Annkri,t2,720575940564189869,49204,26838,2046
2682,2026-06-28,Annkri,RBC,720575940570695605,50040,26831,2055
2683,2026-06-28,Annkri,t3b,720575940563337277,49198,26806,2018
2684,2026-06-28,AzureJay,RBC,720575940572053941,54594,25839,1937
2685,2026-06-28,Annkri,RBC,720575940572959129,27521,26833,2063
2686,2026-06-28,Annkri,t3a,720575940576188613,37388,26816,2032
2687,2026-06-28,AzureJay,t6,720575940569793530,48358,25837,2037
2688,2026-06-28,Annkri,t5t,720575940564538532,53806,26842,2003
2689,2026-06-28,Annkri,t3a,720575940570510766,42000,26800,1967
2690,2026-06-28,Annkri,t3a,720575940574498741,50963,26815,2040
2691,2026-06-28,Annkri,t2,720575940570592949,52319,26839,2061
2692,2026-06-28,Annkri,RBC,720575940572747117,52247,26847,2048
2693,2026-06-28,Annkri,t5i,720575940574502069,50964,26826,2007
2694,2026-06-28,AzureJay,t7,720575940553879253,52439,25840,1999
2695,2026-06-28,Annkri,t6,720575940558760902,52069,26811,2055
2696,2026-06-28,Annkri,t3b,720575940550282222,52082,26794,2031
2697,2026-06-29,Andrearwen,RBC,720575940574519733,51158,25662,2010
2698,2026-06-29,Andrearwen,RBC,720575940570601141,51567,25662,2009
2699,2026-06-29,Annkri,t8,720575940551952037,53286,25471,2020
2700,2026-06-29,Andrearwen,t6,720575940559297036,33677,25661,2003
2701,2026-06-29,Annkri,GluMI,720575940556753891,32269,25466,1899
2702,2026-06-29,Andrearwen,t2,720575940577703598,26862,25668,2033
2703,2026-06-29,Andrearwen,t5t,720575940565138328,41320,25668,2026
2704,2026-06-29,Andrearwen,t2,720575940572015278,46375,25579,2052
2705,2026-06-29,Andrearwen,t3a,720575940572588052,33647,25664,2016
2706,2026-06-29,Andrearwen,4,720575940563987127,33736,25668,2033
2707,2026-06-29,Andrearwen,RBC,720575940576177300,29294,25665,1975
2708,2026-06-30,Annkri,RBC,720575940575925908,31200,25460,2020
2709,2026-06-30,Andrearwen,RBC,720575940572037776,37763,25647,2017
2710,2026-06-30,Annkri,t1,720575940566432495,54807,25459,2000
2711,2026-06-30,Annkri,t6,720575940561522667,54812,25460,2058
2712,2026-06-30,Andrearwen,t2,720575940565136396,43333,25660,1954
2713,2026-06-30,Andrearwen,t5i,720575940555899273,42993,25647,1550
2714,2026-06-30,Andrearwen,t3a,720575940563851403,46432,25652,2028
2715,2026-06-30,Annkri,RBC,720575940550392302,55647,25462,2040
2716,2026-07-01,Annkri,t1,720575940572289936,36716,25437,2046
2717,2026-07-01,Andrearwen,RBC,720575940579020176,29928,25636,2018
2718,2026-07-01,Annkri,t1,720575940576364180,30313,25455,1994
2719,2026-07-01,Annkri,t5o,720575940562826267,53318,25455,2033
2720,2026-07-01,Annkri,t5t,720575940560971921,36004,25451,1990
2721,2026-07-01,Annkri,t3b,720575940556870744,29847,25436,2040
2722,2026-07-01,Annkri,t5o,720575940557904652,36688,25423,2052
2723,2026-07-01,Annkri,t2,720575940573908993,52728,25450,2045
2724,2026-07-01,Annkri,t6,720575940553346753,53366,25434,2023
2725,2026-07-01,Annkri,t5o,720575940575711867,26707,25432,2030
2726,2026-07-01,Annkri,RBC,720575940572507131,44621,25432,1989
2727,2026-07-01,Andrearwen,RBC,720575940560003852,40724,25635,2024
2728,2026-07-01,Annkri,RBC,720575940554677592,28246,25434,2020
2729,2026-07-01,Andrearwen,t6,720575940576369044,30280,25643,1996
2730,2026-07-01,Andrearwen,t7,720575940557904140,36517,25647,2035
2731,2026-07-01,Annkri,RBC,720575940559317284,41777,25448,2023
2732,2026-07-01,Andrearwen,t4,720575940558648956,32315,25635,1910
2733,2026-07-01,Annkri,t3b,720575940572500219,43526,25427,2018
2734,2026-07-01,Annkri,t8,720575940555077376,41804,25438,2025
2735,2026-07-01,Annkri,t7,720575940561335955,34895,25453,2035
2736,2026-07-01,Annkri,t3b,720575940572368565,53295,25428,2041
2737,2026-07-01,Annkri,t3b,720575940572384763,45111,25429,1989
2738,2026-07-01,Annkri,RBC,720575940565531404,42799,25441,2011
2739,2026-07-01,Annkri,RBC,720575940551877358,53219,25449,2014
2740,2026-07-01,Annkri,t7,720575940570696629,52833,25458,2014
2741,2026-07-01,Annkri,t2,720575940556378862,27093,25442,2047
2742,2026-07-01,Annkri,t3a,720575940555908489,43552,25425,2003
2743,2026-07-01,Andrearwen,RBC,720575940559307276,34284,25646,2040
2744,2026-07-01,Annkri,4,720575940564165762,35955,25425,2017
2745,2026-07-02,Andrearwen,RBC,720575940565042323,48130,25631,2011
2746,2026-07-02,Andrearwen,t2,720575940569087504,38133,25629,1787
2747,2026-07-02,Andrearwen,t4,720575940578169109,37723,25635,2018
2748,2026-07-02,Andrearwen,RBC,720575940570493358,43386,25625,1973
2749,2026-07-02,Annkri,t1,720575940571303056,33598,25421,2054
2750,2026-07-04,Nseraf,RBC,720575940578213909,38324,25156,2054
2751,2026-07-04,Nseraf,t6,720575940552978504,28846,25139,1987
2752,2026-07-04,Nseraf,t4,720575940579523785,35651,25847,2038
2753,2026-07-04,Nseraf,t1,720575940557364090,51579,25852,1986
2754,2026-07-04,Nseraf,t5o,720575940568224353,45402,25156,2025
2755,2026-07-04,Nseraf,RBC,720575940569802490,29156,25847,1981
2756,2026-07-04,Nseraf,t1,720575940568223841,30882,25841,1959
2757,2026-07-04,Nseraf,GluMI,720575940582843006,47210,25844,2026
2758,2026-07-04,Nseraf,t5o,720575940582843774,38354,25155,2021
2759,2026-07-04,Nseraf,t6,720575940560163123,39731,25150,2013
2760,2026-07-04,Nseraf,t5i,720575940578791940,54192,25153,1989
2761,2026-07-04,Nseraf,t1,720575940578791172,37879,25169,2051
2762,2026-07-04,Nseraf,t5t,720575940577683130,37401,25137,2010
2763,2026-07-04,Nseraf,t6,720575940557820135,35401,25168,2002
2764,2026-07-04,Nseraf,RBC,720575940580757617,55188,25847,2044
2765,2026-07-04,Nseraf,RBC,720575940560852810,37915,25166,1988
2766,2026-07-04,Nseraf,t6,720575940567134430,31376,25159,1987
2767,2026-07-04,Nseraf,t3b,720575940554837578,26495,25136,2024
2768,2026-07-04,Nseraf,RBC,720575940560853322,35484,25165,2030
2769,2026-07-04,Nseraf,t6,720575940576316500,32263,25167,2017
2770,2026-07-04,Nseraf,t2,720575940560532323,50029,25162,1989
2771,2026-07-04,Nseraf,t3a,720575940575239621,37379,25137,2020
2772,2026-07-04,Nseraf,t3b,720575940564346029,28310,25171,2057
2773,2026-07-04,Nseraf,t5o,720575940580758129,32640,25160,1972
2774,2026-07-05,KrzysztofKruk,RBC,720575940556410350,48048,25065,2028
2775,2026-07-05,Nseraf,RBC,720575940550422996,56335,25121,2018
2776,2026-07-05,Annkri,t5t,720575940586406678,39276,25400,2036
2777,2026-07-05,Nseraf,t5o,720575940577683642,47479,25110,2002
2778,2026-07-05,a5hm0r,RBC,720575940576307092,30834,25820,1997
2779,2026-07-05,Annkri,t2,720575940560701643,37290,25418,1990
2780,2026-07-05,a5hm0r,t6,720575940559857932,34991,25821,2031
2781,2026-07-05,Annkri,RBC,720575940572749968,39237,25405,1975
2782,2026-07-05,Annkri,RBC,720575940565017491,47581,25414,2005
2783,2026-07-05,Nseraf,RBC,720575940569507981,32142,25119,2019
2784,2026-07-05,Annkri,t4,720575940547056371,44585,25414,1977
2785,2026-07-05,Annkri,RBC,720575940572357997,54804,25416,2014
2786,2026-07-05,Nseraf,t2,720575940555920009,39573,25127,2019
2787,2026-07-05,KrzysztofKruk,RBC,720575940572528379,42805,25076,2032
2788,2026-07-05,Nseraf,RBC,720575940573940481,45330,25135,2013
2789,2026-07-05,Annkri,t1,720575940571445769,36616,25403,2006
2790,2026-07-05,Nseraf,t2,720575940564472764,36919,25126,2010
2791,2026-07-05,KrzysztofKruk,t1,720575940569184012,49720,25075,2047
2792,2026-07-05,KrzysztofKruk,t7,720575940582598611,51888,25065,2015
2793,2026-07-05,a5hm0r,RBC,720575940573392891,48274,25822,2014
2794,2026-07-05,Nseraf,?,720575940580736912,38325,25129,2025
2795,2026-07-05,Nseraf,t4,720575940579612776,39645,25124,2034
2796,2026-07-05,Annkri,t4,720575940571300496,34811,25412,2014
2797,2026-07-05,Nseraf,t3b,720575940564474152,39033,25130,2033
2798,2026-07-05,Nseraf,t3a,720575940564070679,41398,25117,2053
2799,2026-07-05,Nseraf,t4,720575940565851748,48992,25118,2043
2800,2026-07-05,Annkri,t5o,720575940565152012,42770,25410,1984
2801,2026-07-05,KrzysztofKruk,RBC,720575940560813715,36243,25068,2039
2802,2026-07-05,KrzysztofKruk,RBC,720575940570881168,34628,25072,2041
2803,2026-07-05,KrzysztofKruk,t7,720575940560813715,31064,25080,1955
2804,2026-07-05,Annkri,t1,720575940574555628,45927,25397,1959
2805,2026-07-05,Annkri,RBC,720575940566742028,47379,25397,2036
2806,2026-07-05,Nseraf,t3a,720575940566224884,56348,25136,1989
2807,2026-07-05,Annkri,t5i,720575940563507425,41773,25404,2012
2808,2026-07-05,Nseraf,RBC,720575940571917099,39532,25112,2034
2809,2026-07-05,a5hm0r,RBC,720575940570484654,42000,25821,2009
2810,2026-07-05,Nseraf,RBC,720575940553924821,48879,25110,2024
2811,2026-07-05,Annkri,RBC,720575940550607854,55469,25404,2045
2812,2026-07-05,KrzysztofKruk,RBC,720575940571364973,54176,25075,1999
2813,2026-07-05,Nseraf,t6,720575940588396285,56295,25115,2016
2814,2026-07-05,Nseraf,t1,720575940569803258,44185,25110,2031
2815,2026-07-05,Nseraf,t7,720575940569184268,50206,25134,2024
2816,2026-07-06,Annkri,RBC,720575940574846587,29153,25387,2034
2817,2026-07-06,KrzysztofKruk,t5o,720575940560274067,37338,25052,1981
2818,2026-07-06,Nseraf,t5o,720575940553237887,56403,25109,2060
2819,2026-07-06,KrzysztofKruk,GluMI,720575940560916554,44125,25062,1995
2820,2026-07-06,Nseraf,t7,720575940567172201,51424,25086,2009
2821,2026-07-06,Annkri,RBC,720575940575923348,30266,25393,2016
2822,2026-07-06,Annkri,t2,720575940557378853,28247,25374,2018
2823,2026-07-06,Nseraf,RBC,720575940566756482,33328,24877,2007
2824,2026-07-06,Nseraf,?,720575940548696987,49409,24886,1988
2825,2026-07-06,Nseraf,t6,720575940556785635,27988,25086,2017
2826,2026-07-06,KrzysztofKruk,GluMI,720575940563797318,48960,25054,2002
2827,2026-07-06,Nseraf,t6,720575940579570121,46705,25082,1995
2828,2026-07-06,Annkri,XBC,720575940570864046,43622,25374,2023
2829,2026-07-06,Annkri,t2,720575940558393930,50798,25393,2043
2830,2026-07-06,Nseraf,RBC,720575940565397159,33827,24875,2045
2831,2026-07-06,Annkri,t8,720575940559828117,37326,25382,1998
2832,2026-07-06,Nseraf,t1,720575940564476092,38967,25097,2021
2833,2026-07-06,Annkri,RBC,720575940572746384,40156,25394,2009
2834,2026-07-06,Nseraf,t3a,720575940579369682,32645,25088,1988
2835,2026-07-06,Nseraf,t4,720575940569829114,47226,25089,2022
2836,2026-07-06,Nseraf,t5t,720575940564213843,40958,24885,1974
2837,2026-07-06,KrzysztofKruk,t5t,720575940556449130,27997,25052,1978
2838,2026-07-06,Nseraf,t7,720575940566936349,28700,24876,2021
2839,2026-07-06,Annkri,t3b,720575940559300620,36661,25395,2058
2840,2026-07-06,Annkri,t1,720575940570428853,52824,25389,1994
2841,2026-07-06,Annkri,t7,720575940556955722,42830,25396,2025
2842,2026-07-06,Nseraf,t6,720575940580774544,42258,25081,1966
2843,2026-07-06,Nseraf,RBC,720575940564214355,52771,24874,2009
2844,2026-07-06,Annkri,t3a,720575940560595555,39219,25376,2010
2845,2026-07-06,Nseraf,t3a,720575940567151070,37361,25101,2018
2846,2026-07-06,Nseraf,RBC,720575940576329044,42263,25089,2040
2847,2026-07-06,Annkri,t7,720575940571301776,33652,25393,2044
2848,2026-07-06,KrzysztofKruk,t7,720575940574090644,27244,25052,1991
2849,2026-07-06,Nseraf,t2,720575940564687323,28735,24870,2032
2850,2026-07-06,Nseraf,RBC,720575940553352959,44197,25083,1998
2851,2026-07-06,KrzysztofKruk,t5i,720575940556871256,31000,25058,2032
2852,2026-07-06,Nseraf,t3b,720575940564368301,55026,24879,2061
2853,2026-07-06,Andrearwen,t3b,720575940560649363,33709,25619,2045
2854,2026-07-06,Nseraf,GluMI,720575940560851589,52615,24871,2049
2855,2026-07-06,Nseraf,t3b,720575940547666060,34337,24879,1991
2856,2026-07-06,Nseraf,RBC,720575940559005026,37389,25104,2006
2857,2026-07-06,Annkri,RBC,720575940578235413,26885,25378,1988
2858,2026-07-07,Annkri,RBC,720575940572207797,55332,25364,1968
2859,2026-07-07,KrzysztofKruk,RBC,720575940566743820,47247,25014,1964
2860,2026-07-07,KrzysztofKruk,t2,720575940579695213,41743,25046,2015
2861,2026-07-07,KrzysztofKruk,t5i,720575940580805331,40328,24996,2015
2862,2026-07-07,KrzysztofKruk,t5i,720575940554496026,28440,25000,2010
2863,2026-07-07,Nseraf,t3b,720575940547679884,45793,24816,2055
2864,2026-07-07,Nseraf,t6,720575940579613385,45543,24817,1983
2865,2026-07-07,KrzysztofKruk,RBC,720575940576549180,30555,25012,2043
2866,2026-07-07,Nseraf,t5i,720575940560644451,51784,24849,2010
2867,2026-07-07,KrzysztofKruk,RBC,720575940557391909,28418,25008,2027
2868,2026-07-07,Nseraf,XBC,720575940566240756,38328,24835,2020
2869,2026-07-07,KrzysztofKruk,RBC,720575940566936332,47841,25041,2016
2870,2026-07-07,KrzysztofKruk,GluMI,720575940580841073,46485,25007,2017
2871,2026-07-07,Nseraf,RBC,720575940566770050,27610,24844,2038
2872,2026-07-07,KrzysztofKruk,t4,720575940560818067,34502,25004,2055
2873,2026-07-07,Nseraf,t5o,720575940568502647,48373,24862,2052
2874,2026-07-07,KrzysztofKruk,t3a,720575940564999059,47840,25021,2016
2875,2026-07-07,Nseraf,t7,720575940563990411,54268,24832,1986
2876,2026-07-07,Annkri,t6,720575940579406802,44657,25368,2039
2877,2026-07-07,KrzysztofKruk,RBC,720575940554784344,27249,25047,2028
2878,2026-07-07,KrzysztofKruk,t3a,720575940566769026,31168,25041,2010
2879,2026-07-07,Nseraf,t4,720575940553001800,45631,24853,2022
2880,2026-07-07,KrzysztofKruk,t4,720575940547859668,51890,25035,2035
2881,2026-07-07,KrzysztofKruk,GluMI,720575940555225319,53681,25017,2057
2882,2026-07-07,Nseraf,RBC,720575940567160286,50406,24867,2027
2883,2026-07-07,Nseraf,t6,720575940560968266,36673,24834,1954
2884,2026-07-07,KrzysztofKruk,t5i,720575940556469322,47163,24992,2031
2885,2026-07-07,KrzysztofKruk,RBC,720575940565041811,47921,24996,2001
2886,2026-07-07,KrzysztofKruk,RBC,720575940584334638,36742,25037,2001
2887,2026-07-07,Nseraf,t3b,720575940558374646,50561,24827,2025
2888,2026-07-07,Nseraf,RBC,720575940553004872,27182,24842,2045
2889,2026-07-07,KrzysztofKruk,RBC,720575940570864558,43659,25029,2021
2890,2026-07-07,Nseraf,4,720575940566769538,38719,24851,1992
2891,2026-07-07,Nseraf,RBC,720575940579424466,50540,24859,1992
2892,2026-07-07,KrzysztofKruk,t1,720575940578838276,42237,24993,2059
2893,2026-07-07,Nseraf,t5i,720575940580835441,33266,24865,2017
2894,2026-07-07,KrzysztofKruk,t5i,720575940561336467,35017,25034,2009
2895,2026-07-07,Nseraf,t1,720575940579612873,33418,24848,2016
2896,2026-07-07,Nseraf,t3b,720575940561917776,33372,24868,2029
2897,2026-07-07,KrzysztofKruk,XBC,720575940560966986,54284,25007,2030
2898,2026-07-07,KrzysztofKruk,t8,720575940574909844,28038,25013,2027
2899,2026-07-07,KrzysztofKruk,RBC,720575940564489090,41746,25003,2013
2900,2026-07-07,KrzysztofKruk,RBC,720575940565531148,42673,25020,1965
2901,2026-07-07,KrzysztofKruk,RBC,720575940570771600,37363,25012,2022
2902,2026-07-07,Nseraf,t3b,720575940572091835,48650,24851,1995
2903,2026-07-07,Annkri,t3a,720575940554479178,28667,25367,2056
2904,2026-07-07,Nseraf,t5t,720575940551348962,33437,24851,1987
2905,2026-07-07,Annkri,t3b,720575940554509642,28640,25374,2053
2906,2026-07-07,KrzysztofKruk,t7,720575940556422126,42239,25030,2033
2907,2026-07-07,KrzysztofKruk,t5i,720575940582848467,55610,25007,2005
2908,2026-07-07,KrzysztofKruk,RBC,720575940576331412,32690,25031,2040
2909,2026-07-07,KrzysztofKruk,RBC,720575940559298828,35056,25050,2039
2910,2026-07-07,KrzysztofKruk,RBC,720575940577281168,28079,25025,2003
2911,2026-07-07,Nseraf,RBC,720575940577705914,53629,24840,1973
2912,2026-07-07,KrzysztofKruk,t6,720575940576548668,30381,25021,2038
2913,2026-07-07,KrzysztofKruk,t4,720575940577307024,27902,25029,2016
2914,2026-07-07,KrzysztofKruk,GluMI,720575940554885445,50252,25039,2058
2915,2026-07-07,KrzysztofKruk,t5i,720575940564941324,42690,25027,2003
2916,2026-07-07,KrzysztofKruk,t6,720575940572038800,38986,25030,2008
2917,2026-07-07,Nseraf,t6,720575940578838788,33382,24847,1973
2918,2026-07-07,KrzysztofKruk,t5i,720575940579019664,30335,25034,2060
2919,2026-07-07,Nseraf,t2,720575940559110372,53681,24814,1991
2920,2026-07-07,Nseraf,RBC,720575940557463930,54784,24849,2039
2921,2026-07-08,Nseraf,t3a,720575940568264545,51463,24812,1978
2922,2026-07-08,KrzysztofKruk,RBC,720575940571439867,42225,24946,2027
2923,2026-07-08,KrzysztofKruk,t5i,720575940577837379,31480,24905,2029
2924,2026-07-08,Nseraf,t4,720575940562085651,54920,24779,2031
2925,2026-07-08,Annkri,RBC,720575940573046641,49853,25300,2023
2926,2026-07-08,Annkri,t5i,720575940559803148,37372,25300,2050
2927,2026-07-08,Nseraf,t5o,720575940561156586,54919,24785,1979
2928,2026-07-08,Annkri,t3a,720575940556697176,30885,25333,2039
2929,2026-07-08,Nseraf,t6,720575940572102331,27571,24812,2039
2930,2026-07-08,KrzysztofKruk,t5i,720575940560812947,34198,24948,2024
2931,2026-07-08,KrzysztofKruk,t5i,720575940548565972,52849,24921,1985
2932,2026-07-08,KrzysztofKruk,t5t,720575940560649875,35159,24908,2042
2933,2026-07-08,KrzysztofKruk,GluMI,720575940570601653,49931,24983,2048
2934,2026-07-08,Nseraf,t3a,720575940568551287,31474,24796,1983
2935,2026-07-08,Nseraf,RBC,720575940566737328,36696,24800,2012
2936,2026-07-08,KrzysztofKruk,t2,720575940562386715,54303,24926,2058
2937,2026-07-08,KrzysztofKruk,t3a,720575940571718769,50252,24952,2005
2938,2026-07-08,Annkri,t5i,720575940582526419,50997,25328,2040
2939,2026-07-08,Annkri,t1,720575940588407805,44185,25344,1995
2940,2026-07-08,KrzysztofKruk,GluMI,720575940558295626,52786,24917,2049
2941,2026-07-08,Annkri,RBC,720575940565137932,43659,25338,1990
2942,2026-07-08,Nseraf,t1,720575940547691916,30909,24800,1740
2943,2026-07-08,Annkri,t6,720575940574853745,49942,25307,1957
2944,2026-07-08,KrzysztofKruk,t5i,720575940570807184,36781,24985,2028
2945,2026-07-08,Annkri,t6,720575940560817299,34312,25332,2030
2946,2026-07-08,Annkri,t7,720575940571331437,55758,25316,2051
2947,2026-07-08,KrzysztofKruk,t5i,720575940555241191,55045,24927,2059
2948,2026-07-08,KrzysztofKruk,t2,720575940562388705,41386,24906,2035
2949,2026-07-08,Nseraf,t6,720575940557500282,26820,24781,1963
2950,2026-07-08,Nseraf,t2,720575940558544643,27604,24783,2008
2951,2026-07-08,Annkri,t2,720575940576278213,34263,25325,2030
2952,2026-07-08,Annkri,?,720575940556175524,47244,25336,1854
2953,2026-07-08,Annkri,RBC,720575940557133400,30918,25319,1994
2954,2026-07-08,Annkri,t3b,720575940556803471,52508,25354,2028
2955,2026-07-08,Nseraf,t3a,720575940580845200,54827,24780,2024
2956,2026-07-08,KrzysztofKruk,t3b,720575940564309260,48502,24908,2043
2957,2026-07-08,KrzysztofKruk,t2,720575940579551341,40293,24937,2046
2958,2026-07-08,KrzysztofKruk,t7,720575940554010343,56402,24920,2020
2959,2026-07-08,KrzysztofKruk,t2,720575940566282648,41778,24973,2009
2960,2026-07-08,Nseraf,t5i,720575940586422550,45014,24794,2055
2961,2026-07-08,KrzysztofKruk,t2,720575940563170357,48868,24942,2042
2962,2026-07-08,Annkri,t5t,720575940556696408,29403,25299,2019
2963,2026-07-08,KrzysztofKruk,GluMI,720575940578680685,40991,24951,2054
2964,2026-07-08,Nseraf,RBC,720575940568542071,38752,24804,2030
2965,2026-07-08,Annkri,t2,720575940572012397,55571,25359,2010
2966,2026-07-08,KrzysztofKruk,RBC,720575940559852300,34306,24944,1977
2967,2026-07-08,KrzysztofKruk,RBC,720575940572494957,51822,24934,2054
2968,2026-07-08,Annkri,t3a,720575940557832482,44174,25284,1948
2969,2026-07-08,Annkri,t6,720575940538834099,37376,25357,2059
2970,2026-07-08,Annkri,?,720575940574029247,29137,25341,2038
2971,2026-07-08,Annkri,t8,720575940561836315,55340,25335,2050
2972,2026-07-08,Annkri,t5i,720575940558016011,29596,25303,2036
2973,2026-07-08,Annkri,t8,720575940557500538,31402,25308,1899
2974,2026-07-08,KrzysztofKruk,t3b,720575940554945578,37326,24912,2014
2975,2026-07-08,Annkri,t3b,720575940573388944,39294,25355,2028
2976,2026-07-08,KrzysztofKruk,t2,720575940566784920,43708,24982,2028
2977,2026-07-08,KrzysztofKruk,t6,720575940582477267,50933,24910,2051
2978,2026-07-08,Nseraf,t5o,720575940560222771,49879,24780,1993
2979,2026-07-08,Annkri,t5i,720575940560134054,44180,25346,1974
2980,2026-07-08,Annkri,t4,720575940562869913,33214,25285,2054
2981,2026-07-08,Annkri,t6,720575940548145364,55376,25306,2012
2982,2026-07-08,Nseraf,t5i,720575940566973469,28986,24774,2004
2983,2026-07-08,KrzysztofKruk,t7,720575940563158069,48979,24963,1986
2984,2026-07-08,KrzysztofKruk,GluMI,720575940571574416,38855,24986,1981
2985,2026-07-08,Annkri,t6,720575940565013997,32523,25327,2027
2986,2026-07-08,Nseraf,RBC,720575940579483858,38782,24775,2021
2987,2026-07-08,KrzysztofKruk,t5o,720575940554382426,40316,24964,2058
2988,2026-07-08,Nseraf,t2,720575940551370466,45754,24779,2048
2989,2026-07-08,Nseraf,RBC,720575940560875653,54886,24802,2054
2990,2026-07-08,Nseraf,t6,720575940570138996,29771,24793,2019
2991,2026-07-08,Annkri,t3a,720575940559053836,34352,25364,2039
2992,2026-07-08,Annkri,t6,720575940580874609,47525,25319,2019
2993,2026-07-08,KrzysztofKruk,RBC,720575940578860036,34213,24921,2017
2994,2026-07-08,KrzysztofKruk,t5i,720575940548824451,53413,24982,2016
2995,2026-07-08,Nseraf,t3b,720575940558405263,54813,24800,2029
2996,2026-07-08,Nseraf,t2,720575940566487791,56375,24778,2006
2997,2026-07-08,Annkri,4,720575940575807099,28666,25311,2025
2998,2026-07-08,Annkri,RBC,720575940566338060,43707,25284,2024
2999,2026-07-08,KrzysztofKruk,RBC,720575940572506875,44568,24941,1984
3000,2026-07-09,KrzysztofKruk,RBC,720575940562917915,54150,24904,2048
3001,2026-07-09,Annkri,t6,720575940578872836,36068,25282,2055
3002,2026-07-09,KrzysztofKruk,t1,720575940546856285,28201,24657,2041
3003,2026-07-09,KrzysztofKruk,t3b,720575940562228193,44425,24643,2013
3004,2026-07-09,KrzysztofKruk,RBC,720575940583438279,56418,24901,2047
3005,2026-07-09,KrzysztofKruk,RBC,720575940575222543,31469,24643,2015
3006,2026-07-09,Nseraf,RBC,720575940566145103,29721,24703,2016
3007,2026-07-09,Nseraf,t3b,720575940554013123,33525,24722,1994
3008,2026-07-09,Nseraf,t2,720575940556421826,36042,24701,2041
3009,2026-07-09,KrzysztofKruk,RBC,720575940559142668,40753,24902,1995
3010,2026-07-09,KrzysztofKruk,t2,720575940579484013,35861,24689,1986
3011,2026-07-09,Nseraf,RBC,720575940569699403,53756,24722,2031
3012,2026-07-09,Nseraf,t1,720575940561946448,47604,24747,2052
3013,2026-07-09,KrzysztofKruk,RBC,720575940581188819,48932,24897,1990
3014,2026-07-09,Nseraf,RBC,720575940561605297,45546,24708,2014
3015,2026-07-09,Nseraf,RBC,720575940560215445,35875,24715,2023
3016,2026-07-09,Nseraf,t3a,720575940565343590,44816,24743,2012
3017,2026-07-09,Nseraf,XBC,720575940565863581,53686,24700,1999
3018,2026-07-09,Annkri,t2,720575940560648851,35801,25282,2050
3019,2026-07-09,KrzysztofKruk,t5i,720575940547339732,55410,24669,2039
3020,2026-07-09,Nseraf,t3b,720575940561728604,36683,24748,2010
3021,2026-07-09,KrzysztofKruk,t5o,720575940577326224,27360,24690,2046
3022,2026-07-09,KrzysztofKruk,t2,720575940556776522,45673,24648,2049
3023,2026-07-09,KrzysztofKruk,t3a,720575940547099123,55456,24643,1992
3024,2026-07-09,KrzysztofKruk,t8,720575940564406704,30807,24678,2031
3025,2026-07-09,Nseraf,t5i,720575940579043881,35908,24708,1987
3026,2026-07-09,KrzysztofKruk,RBC,720575940562226203,52515,24888,2059
3027,2026-07-09,Nseraf,GluMI,720575940548854201,36679,24743,1969
3028,2026-07-09,Annkri,t6,720575940565372568,42231,25282,1945
3029,2026-07-09,Nseraf,t5t,720575940555123712,36020,24732,2028
3030,2026-07-09,KrzysztofKruk,t5t,720575940569615983,45588,24902,2008
3031,2026-07-09,KrzysztofKruk,t3b,720575940565861789,27196,24900,2053
3032,2026-07-09,Nseraf,t5t,720575940566746544,31945,24742,2034
3033,2026-07-09,Nseraf,t2,720575940573590375,29725,24743,2038
3034,2026-07-09,Nseraf,t7,720575940578286613,29030,24718,2021
3035,2026-07-09,KrzysztofKruk,t1,720575940546927453,28984,24670,2032
3036,2026-07-09,Nseraf,RBC,720575940581589941,28966,24706,2026
3037,2026-07-09,KrzysztofKruk,t5o,720575940548079675,30719,24658,2062
3038,2026-07-09,KrzysztofKruk,t5t,720575940548233428,55452,24684,2024
3039,2026-07-09,Nseraf,t2,720575940582836232,28203,24697,2019
3040,2026-07-09,KrzysztofKruk,RBC,720575940566633368,43099,24649,2015
3041,2026-07-09,Nseraf,XBC,720575940562478014,40896,24751,2026
3042,2026-07-09,Nseraf,t7,720575940553388225,41240,24724,2030
3043,2026-07-09,Nseraf,GluMI,720575940568286982,39968,24770,2028
3044,2026-07-09,Nseraf,t5o,720575940562475454,41256,24766,2029
3045,2026-07-09,Nseraf,t7,720575940569342386,36636,24736,2005
3046,2026-07-09,Nseraf,t3b,720575940571334763,30805,24706,1956
3047,2026-07-09,KrzysztofKruk,t6,720575940560888197,38144,24644,2036
3048,2026-07-09,KrzysztofKruk,RBC,720575940570678928,35885,24655,2012
3049,2026-07-09,KrzysztofKruk,t7,720575940562970139,53817,24694,2024
3050,2026-07-09,Nseraf,RBC,720575940582308973,55539,24760,2016
3051,2026-07-09,Nseraf,t3b,720575940547705228,29029,24759,2032
3052,2026-07-09,Nseraf,t5t,720575940556422850,47584,24699,2024
3053,2026-07-09,KrzysztofKruk,t2,720575940554429415,55470,24687,1996
3054,2026-07-09,Nseraf,t2,720575940554384474,40915,24743,2005
3055,2026-07-09,Nseraf,RBC,720575940551387362,44834,24706,2002
3056,2026-07-09,KrzysztofKruk,t3b,720575940559996897,38104,24691,1985
3057,2026-07-09,KrzysztofKruk,RBC,720575940575731323,26798,24693,2016
3058,2026-07-09,KrzysztofKruk,RBC,720575940555318602,41769,24899,2027
3059,2026-07-09,Nseraf,t4,720575940583438023,35908,24743,2027
3060,2026-07-09,KrzysztofKruk,RBC,720575940575410191,27031,24644,2036
3061,2026-07-09,KrzysztofKruk,RBC,720575940566958483,32881,24684,2015
3062,2026-07-09,KrzysztofKruk,RBC,720575940547274964,56454,24887,2023
3063,2026-07-09,Nseraf,t6,720575940556469362,56081,24731,2036
3064,2026-07-09,Annkri,t6,720575940576385940,29370,25281,2010
3065,2026-07-09,Nseraf,t5o,720575940576379732,44958,24771,1998
3066,2026-07-09,KrzysztofKruk,XBC,720575940583442375,26866,24646,2018
3067,2026-07-09,Nseraf,RBC,720575940578220860,38045,24709,1992
3068,2026-07-09,Nseraf,t3b,720575940569344434,39701,24696,2045
3069,2026-07-09,Nseraf,t2,720575940564709201,31910,24748,2011
3070,2026-07-09,KrzysztofKruk,XBC,720575940566925976,44434,24663,2002
3071,2026-07-09,Nseraf,t5i,720575940555123968,29661,24722,2019
3072,2026-07-09,Nseraf,RBC,720575940551198560,28147,24710,2039
3073,2026-07-09,KrzysztofKruk,t2,720575940580759763,47566,24658,2040
3074,2026-07-09,Nseraf,t2,720575940569344178,30736,24697,2015
3075,2026-07-09,Nseraf,RBC,720575940567185769,49868,24732,2020
3076,2026-07-09,KrzysztofKruk,t3a,720575940564663170,36665,24690,1974
3077,2026-07-10,KrzysztofKruk,t3b,720575940561822637,46152,24520,1997
3078,2026-07-10,KrzysztofKruk,t4,720575940578446701,35854,24627,2005
3079,2026-07-10,KrzysztofKruk,t4,720575940551992896,29339,24606,1990
3080,2026-07-10,Nseraf,4,720575940562764517,31254,25811,2031
3081,2026-07-10,Annkri,RBC,720575940556873560,29614,25254,2053
3082,2026-07-10,Nseraf,t3b,720575940553642867,47725,25591,2013
3083,2026-07-10,Nseraf,t6,720575940570147188,53606,25539,2033
3084,2026-07-10,Nseraf,t1,720575940557209220,39113,25550,2019
3085,2026-07-10,KrzysztofKruk,t6,720575940556864856,31558,24608,2062
3086,2026-07-10,KrzysztofKruk,t7,720575940578472301,37526,24607,2023
3087,2026-07-10,Nseraf,t5t,720575940570581622,45950,25510,2026
3088,2026-07-10,Annkri,t3b,720575940568636783,54084,25246,1741
3089,2026-07-10,Nseraf,RBC,720575940582849288,26140,25574,2004
3090,2026-07-10,Nseraf,RBC,720575940565879140,49502,25817,1999
3091,2026-07-10,KrzysztofKruk,XBC,720575940564718417,32045,24509,2028
3092,2026-07-10,Nseraf,t4,720575940583835966,55389,25474,2035
3093,2026-07-10,Nseraf,t3b,720575940572151980,50315,25474,2022
3094,2026-07-10,Nseraf,t3b,720575940564014197,55525,25475,2030
3095,2026-07-10,Annkri,RBC,720575940576400788,31918,25242,1949
3096,2026-07-10,KrzysztofKruk,t2,720575940559996641,37549,24624,1968
3097,2026-07-10,Nseraf,t3a,720575940571630815,41306,25810,2010
3098,2026-07-10,Nseraf,t5i,720575940562763493,53645,25496,2035
3099,2026-07-10,Nseraf,t4,720575940588416253,52393,25586,1997
3100,2026-07-10,Annkri,t7,720575940547730060,45946,25258,2019
3101,2026-07-10,KrzysztofKruk,RBC,720575940580122323,38743,24540,1999
3102,2026-07-10,Nseraf,t1,720575940570986408,41388,25603,2059
3103,2026-07-10,Nseraf,XBC,720575940564098583,50694,25481,2040
3104,2026-07-10,Nseraf,t7,720575940560894597,35465,25494,1985
3105,2026-07-10,Nseraf,RBC,720575940556444654,27275,25555,2048
3106,2026-07-10,KrzysztofKruk,RBC,720575940561813019,56764,24545,1988
3107,2026-07-10,Nseraf,?,720575940564006005,26822,25604,2033
3108,2026-07-10,Nseraf,t2,720575940560895365,49741,25816,2045
3109,2026-07-10,Nseraf,t7,720575940574584644,53674,25472,2031
3110,2026-07-10,Annkri,?,720575940564732891,28743,25253,2010
3111,2026-07-10,Annkri,t3b,720575940571484958,28681,25278,2006
3112,2026-07-10,Nseraf,t5i,720575940562605706,48588,25538,2042
3113,2026-07-10,Nseraf,RBC,720575940558576899,51055,25520,1996
3114,2026-07-10,Nseraf,t2,720575940581384569,45761,25538,2013
3115,2026-07-10,Nseraf,t3b,720575940561118609,51815,25550,2048
3116,2026-07-10,Nseraf,t2,720575940569802062,54290,25556,2016
3117,2026-07-10,KrzysztofKruk,t5i,720575940581374675,37627,24626,2044
3118,2026-07-10,Nseraf,t3b,720575940576033531,27230,25579,2064
3119,2026-07-10,Nseraf,RBC,720575940560237875,46846,25487,2029
3120,2026-07-10,KrzysztofKruk,?,720575940567043951,28932,24642,2047
3121,2026-07-10,KrzysztofKruk,RBC,720575940555434058,46252,24592,2058
3122,2026-07-10,Nseraf,t6,720575940556819427,51488,25607,2033
3123,2026-07-10,Nseraf,GluMI,720575940565449895,48559,25475,2048
3124,2026-07-10,Annkri,t3b,720575940559110668,38331,25248,1989
3125,2026-07-10,Annkri,RBC,720575940575161797,35734,25243,2024
3126,2026-07-10,KrzysztofKruk,RBC,720575940579122797,33194,24531,1974
3127,2026-07-10,KrzysztofKruk,t3b,720575940551389183,31555,24567,2002
3128,2026-07-10,Nseraf,?,720575940570067396,31492,25510,2053
3129,2026-07-10,Nseraf,RBC,720575940562787307,34834,25553,1951
3130,2026-07-10,Nseraf,t5o,720575940564675023,54020,25610,1998
3131,2026-07-10,Nseraf,RBC,720575940566963603,51783,25483,1992
3132,2026-07-10,Nseraf,t5t,720575940565017581,42986,25532,2029
3133,2026-07-10,Nseraf,t3b,720575940547729548,26415,25812,2039
3134,2026-07-10,KrzysztofKruk,RBC,720575940551387647,29307,24562,2036
3135,2026-07-10,Nseraf,t5t,720575940572150956,50675,25535,2012
3136,2026-07-10,KrzysztofKruk,t5o,720575940556870730,46715,24627,2028
3137,2026-07-10,KrzysztofKruk,RBC,720575940556995146,43833,24627,2042
3138,2026-07-10,Nseraf,t2,720575940563319966,26703,25538,1951
3139,2026-07-10,Nseraf,RBC,720575940566794660,53507,25549,2011
3140,2026-07-10,Nseraf,t7,720575940567193705,47612,25500,2034
3141,2026-07-10,Nseraf,?,720575940564012917,47758,25552,2025
3142,2026-07-10,KrzysztofKruk,t8,720575940558575875,46745,24612,1973
3143,2026-07-10,KrzysztofKruk,t7,720575940571339883,52511,24547,2028
3144,2026-07-10,KrzysztofKruk,RBC,720575940580082899,38084,24634,2007
3145,2026-07-10,Nseraf,t5o,720575940564095511,51952,25582,2041
3146,2026-07-10,KrzysztofKruk,RBC,720575940551389695,31512,24599,2037
3147,2026-07-10,KrzysztofKruk,t6,720575940556011100,32820,24632,2025
3148,2026-07-10,KrzysztofKruk,t5t,720575940563854888,27409,24559,1335
3149,2026-07-10,Nseraf,t2,720575940571484446,34838,25507,2023
3150,2026-07-10,Nseraf,t3a,720575940561730908,50820,25508,2031
3151,2026-07-10,Nseraf,RBC,720575940564090507,32170,25555,2007
3152,2026-07-10,Nseraf,t6,720575940559075898,51879,25575,2025
3153,2026-07-10,Nseraf,RBC,720575940566804098,33319,25543,2005
3154,2026-07-10,KrzysztofKruk,t4,720575940562130715,51325,24576,2013
3155,2026-07-10,Nseraf,t3b,720575940563038414,46820,25522,2046
3156,2026-07-10,Nseraf,t3a,720575940564684599,48619,25617,1941
3157,2026-07-10,KrzysztofKruk,RBC,720575940571338859,26868,24599,2030
3158,2026-07-10,Annkri,RBC,720575940570700462,45092,25260,2021
3159,2026-07-10,Nseraf,t3a,720575940589670036,54512,25580,2039
3160,2026-07-10,KrzysztofKruk,t8,720575940564096535,47707,24628,2037
3161,2026-07-10,Nseraf,RBC,720575940562891737,32315,25475,2026
3162,2026-07-10,Nseraf,t5i,720575940571007912,51845,25555,2036
3163,2026-07-10,Nseraf,t2,720575940564658331,35253,25499,2048
3164,2026-07-10,KrzysztofKruk,t3a,720575940563111137,35476,24584,1961
3165,2026-07-10,Annkri,t3a,720575940570696885,52252,25249,2012
3166,2026-07-10,KrzysztofKruk,RBC,720575940563921282,34782,24586,2009
3167,2026-07-10,Annkri,t5i,720575940568294396,38353,25274,1996
3168,2026-07-10,KrzysztofKruk,t5i,720575940565985176,46725,24551,2044
3169,2026-07-10,KrzysztofKruk,t2,720575940581604277,44905,24575,2054
3170,2026-07-10,KrzysztofKruk,t6,720575940565883032,48076,24562,1973
3171,2026-07-10,KrzysztofKruk,t5t,720575940578447213,35511,24595,1997
3172,2026-07-10,KrzysztofKruk,t5t,720575940566182782,49742,24569,2007
3173,2026-07-10,Nseraf,t3a,720575940561490640,35275,25563,2040
3174,2026-07-10,Nseraf,t6,720575940564423597,52850,25589,2019
3175,2026-07-10,KrzysztofKruk,t6,720575940566705048,47362,24642,1959
3176,2026-07-10,KrzysztofKruk,t6,720575940548550203,27185,24557,1999
3177,2026-07-10,Nseraf,XBC,720575940564080779,51988,25614,2023
3178,2026-07-10,Nseraf,t4,720575940560237619,33494,25494,1960
3179,2026-07-10,Annkri,t2,720575940559053324,34389,25234,2041
3180,2026-07-10,KrzysztofKruk,t2,720575940547973588,51874,24535,2020
3181,2026-07-10,KrzysztofKruk,t7,720575940564714136,34820,24599,1996
3182,2026-07-10,Nseraf,t6,720575940576393300,33295,25609,2000
3183,2026-07-10,Nseraf,t5i,720575940551897174,50654,25549,2047
3184,2026-07-10,Nseraf,RBC,720575940550470356,46735,25571,1991
3185,2026-07-10,Nseraf,RBC,720575940573812892,30621,25533,2051
3186,2026-07-10,Nseraf,RBC,720575940570986920,49579,25599,2011
3187,2026-07-10,KrzysztofKruk,t3b,720575940570067652,43613,24515,2014
3188,2026-07-10,KrzysztofKruk,t1,720575940568234913,37080,24616,2009
3189,2026-07-10,KrzysztofKruk,t1,720575940580140499,35507,24542,2014
3190,2026-07-10,KrzysztofKruk,RBC,720575940573230783,30879,24613,2046
3191,2026-07-10,Nseraf,t2,720575940564717649,32215,25521,2005
3192,2026-07-10,Nseraf,RBC,720575940566963347,39117,25528,1989
3193,2026-07-10,KrzysztofKruk,t3b,720575940574734744,32827,24623,1986
3194,2026-07-10,KrzysztofKruk,t2,720575940558327370,53311,24530,1966
3195,2026-07-10,KrzysztofKruk,t5t,720575940562788843,37590,24615,2008
3196,2026-07-10,KrzysztofKruk,t4,720575940551419391,30212,24582,1997
3197,2026-07-10,Nseraf,RBC,720575940571967787,50620,25555,2040
3198,2026-07-10,KrzysztofKruk,t5t,720575940574668815,29380,24526,2035
3199,2026-07-10,KrzysztofKruk,RBC,720575940547701972,51363,24570,2032
3200,2026-07-10,KrzysztofKruk,XBC,720575940556823267,34843,24559,2035
3201,2026-07-10,KrzysztofKruk,t6,720575940548840579,43560,24519,1998
3202,2026-07-10,Nseraf,t5i,720575940589672852,27402,25496,2017
3203,2026-07-10,Nseraf,t5o,720575940578879748,46429,25586,2048
3204,2026-07-10,KrzysztofKruk,t3b,720575940548597563,28227,24526,1993
3205,2026-07-10,KrzysztofKruk,t2,720575940562541595,54855,24633,1987
3206,2026-07-11,KrzysztofKruk,t1,720575940555619402,38858,24485,2060
3207,2026-07-11,Nseraf,t5i,720575940574588484,50091,25787,2030
3208,2026-07-11,Nseraf,?,720575940560898693,29875,25779,1991
3209,2026-07-11,Annkri,t8,720575940579259859,35402,25232,2005
3210,2026-07-11,KrzysztofKruk,t5t,720575940551993509,32470,24453,2023
3211,2026-07-11,Nseraf,t8,720575940562074766,34939,25799,2028
3212,2026-07-11,Nseraf,t3a,720575940572156844,49745,25730,1996
3213,2026-07-11,Nseraf,XBC,720575940582337645,48147,25730,2014
3214,2026-07-11,KrzysztofKruk,RBC,720575940564645272,34279,24503,1984
3215,2026-07-11,Nseraf,RBC,720575940567697004,34897,25729,2029
3216,2026-07-11,Nseraf,t2,720575940572154540,44548,25798,1987
3217,2026-07-11,Nseraf,t4,720575940547739020,48642,25773,2034
3218,2026-07-11,KrzysztofKruk,RBC,720575940566026904,45585,24491,1991
3219,2026-07-11,KrzysztofKruk,RBC,720575940580445907,45979,24503,1955
3220,2026-07-11,Nseraf,XBC,720575940563720879,29089,25730,2032
3221,2026-07-11,KrzysztofKruk,t1,720575940577739962,40281,24500,2017
3222,2026-07-11,KrzysztofKruk,RBC,720575940575120655,32434,24456,1992
3223,2026-07-11,Nseraf,RBC,720575940582856712,34524,25736,1997
3224,2026-07-11,Nseraf,RBC,720575940558578435,42522,25735,1997
3225,2026-07-11,KrzysztofKruk,t3b,720575940564894360,38890,24458,2019
3226,2026-07-11,KrzysztofKruk,t7,720575940580259795,44152,24492,1993
3227,2026-07-11,KrzysztofKruk,RBC,720575940564475312,30812,24493,1953
3228,2026-07-11,Nseraf,RBC,720575940571348843,44578,25763,2002
3229,2026-07-11,Annkri,t3a,720575940576177812,29648,25221,2040
3230,2026-07-11,KrzysztofKruk,t2,720575940579369939,39327,24496,2057
3231,2026-07-11,Annkri,t6,720575940560441868,38385,25219,2028
3232,2026-07-11,Nseraf,t2,720575940556610074,42538,25791,1981
3233,2026-07-11,Nseraf,t5t,720575940564734683,55191,25760,2010
3234,2026-07-11,Annkri,t3b,720575940570678416,35752,25224,2004
3235,2026-07-11,Nseraf,t5o,720575940558416374,51084,25802,2023
3236,2026-07-11,Nseraf,t2,720575940568655861,46638,25803,2002
3237,2026-07-11,KrzysztofKruk,t3b,720575940566861976,46707,24503,2032
3238,2026-07-11,Nseraf,t5t,720575940567695980,49477,25766,2024
3239,2026-07-11,KrzysztofKruk,?,720575940564101143,50009,24444,2043
3240,2026-07-11,Nseraf,t4,720575940547739532,50643,25766,2011
3241,2026-07-11,Nseraf,t3b,720575940555950985,40009,25755,1988
3242,2026-07-11,Nseraf,t6,720575940559079994,26859,25749,2006
3243,2026-07-11,KrzysztofKruk,t5t,720575940570346864,43553,24455,1994
3244,2026-07-11,KrzysztofKruk,t5i,720575940560981896,44042,24455,2038
3245,2026-07-11,Annkri,RBC,720575940571440379,42263,25225,1928
3246,2026-07-11,Nseraf,RBC,720575940571489310,55724,25743,2029
3247,2026-07-11,KrzysztofKruk,RBC,720575940560624036,53298,24447,2017
3248,2026-07-11,KrzysztofKruk,t6,720575940564332952,40291,24458,2014
3249,2026-07-11,KrzysztofKruk,RBC,720575940581129427,38943,24484,1975
3250,2026-07-11,KrzysztofKruk,t3b,720575940564407426,38817,24478,2026
3251,2026-07-11,Nseraf,t1,720575940577740218,46543,25735,2012
3252,2026-07-11,Nseraf,RBC,720575940565450919,32613,25807,2039
3253,2026-07-11,Nseraf,t7,720575940581605045,55182,25810,2011
3254,2026-07-11,KrzysztofKruk,t7,720575940575421199,28236,24503,2018
3255,2026-07-11,Nseraf,RBC,720575940551992485,36631,25807,2038
3256,2026-07-11,Nseraf,RBC,720575940564720977,40717,25744,2039
3257,2026-07-11,Nseraf,t6,720575940556173798,34462,25790,2039
3258,2026-07-11,Nseraf,GluMI,720575940547738252,31454,25788,1761
3259,2026-07-11,Annkri,t2,720575940568306182,44664,25231,1979
3260,2026-07-11,Nseraf,t3a,720575940589679764,46142,25757,1993
3261,2026-07-11,KrzysztofKruk,?,720575940557027914,43968,24474,2009
3262,2026-07-11,KrzysztofKruk,t2,720575940571725681,49522,24441,2024
3263,2026-07-11,KrzysztofKruk,t2,720575940579479293,32417,24498,1939
3264,2026-07-11,Nseraf,t6,720575940559318488,40065,25797,1947
3265,2026-07-11,Annkri,t6,720575940572524027,43340,25222,2036
3266,2026-07-12,Annkri,GluMI,720575940555174218,35719,23893,2051
3267,2026-07-12,Nseraf,t4,720575940560983944,37077,24135,2003
3268,2026-07-12,Nseraf,t5o,720575940565541543,28066,24147,2030
3269,2026-07-12,Nseraf,t6,720575940555953033,31475,25702,2014
3270,2026-07-12,Nseraf,RBC,720575940561733724,38027,24172,2002
3271,2026-07-12,Nseraf,GluMI,720575940554924357,55174,24153,1979
3272,2026-07-12,Nseraf,t2,720575940576533949,54103,24223,1997
3273,2026-07-12,Annkri,RBC,720575940566021451,50191,23898,1943
3274,2026-07-12,Nseraf,GluMI,720575940564660123,43182,24228,2040
3275,2026-07-12,Annkri,t3a,720575940575772539,26449,25173,2009
3276,2026-07-12,KrzysztofKruk,t5i,720575940567161199,27653,24440,2020
3277,2026-07-12,Nseraf,t8,720575940561049930,50639,25707,2006
3278,2026-07-12,Annkri,t6,720575940571041205,52281,25182,2056
3279,2026-07-12,Nseraf,t5o,720575940580347859,42272,24150,2025
3280,2026-07-12,Annkri,XBC,720575940556613658,38783,23886,2027
3281,2026-07-12,Nseraf,t1,720575940560727395,37921,24145,1971
3282,2026-07-12,KrzysztofKruk,RBC,720575940558470730,53392,24440,2017
3283,2026-07-12,Annkri,t2,720575940559300364,36258,25199,2001
3284,2026-07-12,KrzysztofKruk,t5o,720575940547175636,50450,24428,1981
3285,2026-07-12,Annkri,t5i,720575940558465098,50221,23898,2007
3286,2026-07-12,Nseraf,t1,720575940556612378,35077,24199,2009
3287,2026-07-12,KrzysztofKruk,t7,720575940566680472,47966,24432,1993
3288,2026-07-12,Nseraf,t8,720575940547745676,27542,24198,2007
3289,2026-07-12,Nseraf,t6,720575940547750796,41859,24168,2000
3290,2026-07-12,Nseraf,t2,720575940556472690,38418,24228,1987
3291,2026-07-12,KrzysztofKruk,RBC,720575940579642579,41110,24436,2003
3292,2026-07-12,Annkri,t3a,720575940579697354,38353,25175,2031
3293,2026-07-12,Nseraf,t3a,720575940564510248,29365,24206,2042
3294,2026-07-12,Nseraf,RBC,720575940548841859,34353,24218,1941
3295,2026-07-12,Nseraf,t2,720575940573822364,28114,24169,1974
3296,2026-07-12,Nseraf,RBC,720575940576534205,41797,24223,1955
3297,2026-07-12,KrzysztofKruk,t4,720575940580783315,46693,24430,2025
3298,2026-07-12,Nseraf,t8,720575940560904837,33297,24155,2020
3299,2026-07-12,Nseraf,t3b,720575940563847494,49405,24147,2037
3300,2026-07-12,Annkri,t1,720575940571579536,37879,25198,1997
3301,2026-07-12,Nseraf,t5i,720575940571491614,42372,24177,1989
3302,2026-07-12,Annkri,RBC,720575940579897043,34796,23888,2017
3303,2026-07-12,Nseraf,t4,720575940560725603,49152,25717,1983
3304,2026-07-12,Nseraf,t5t,720575940560735691,29411,24212,1989
3305,2026-07-12,Nseraf,t5t,720575940558906310,42479,25710,2011
3306,2026-07-12,Nseraf,t6,720575940589690516,42282,24154,1990
3307,2026-07-12,Annkri,t4,720575940574430868,26381,25217,2042
3308,2026-07-12,Annkri,RBC,720575940559109900,38287,25188,2023
3309,2026-07-12,Annkri,t3a,720575940558417654,34314,25191,2024
3310,2026-07-12,Nseraf,t6,720575940560983176,54357,24229,1981
3311,2026-07-12,KrzysztofKruk,t5o,720575940547532756,56891,24441,2025
3312,2026-07-12,KrzysztofKruk,RBC,720575940567040367,27695,24430,2044
3313,2026-07-12,Annkri,t2,720575940567107183,31903,23893,1963
3314,2026-07-12,KrzysztofKruk,t3a,720575940566845848,45987,24414,1966
3315,2026-07-12,Nseraf,t5i,720575940560222101,47901,24230,2019
3316,2026-07-12,Annkri,t4,720575940560442636,37813,25202,2006
3317,2026-07-12,Annkri,t6,720575940560762282,26438,25201,1998
3318,2026-07-12,Annkri,t5i,720575940564749068,45437,25176,2032
3319,2026-07-12,Nseraf,t6,720575940559081786,46377,24175,2023
3320,2026-07-12,Nseraf,t6,720575940565453223,48117,24134,2046
3321,2026-07-12,KrzysztofKruk,t1,720575940564098178,33987,24414,2017
3322,2026-07-12,Nseraf,t2,720575940564520124,34476,24198,2015
3323,2026-07-12,Nseraf,t2,720575940570069188,55177,25708,2029
3324,2026-07-12,Nseraf,RBC,720575940579697610,48066,24210,1988
3325,2026-07-12,Annkri,t8,720575940582343277,29152,23900,2003
3326,2026-07-12,Annkri,t1,720575940560901765,45123,25201,2020
3327,2026-07-12,Annkri,RBC,720575940576385684,28894,25187,1971
3328,2026-07-12,Annkri,t5i,720575940580902513,39775,25181,2002
3329,2026-07-12,Nseraf,RBC,720575940572071473,47793,24206,1968
3330,2026-07-12,Nseraf,RBC,720575940572070961,31583,24223,2010
3331,2026-07-12,Annkri,t2,720575940558579715,44206,25197,1978
3332,2026-07-12,Nseraf,RBC,720575940564724049,49732,24170,2021
3333,2026-07-12,KrzysztofKruk,RBC,720575940559083322,52793,24421,2055
3334,2026-07-12,Annkri,RBC,720575940575890117,36963,25200,1987
3335,2026-07-12,Nseraf,t7,720575940581607605,31530,25702,1997
3336,2026-07-12,Nseraf,XBC,720575940547752332,47351,24156,2017
3337,2026-07-12,KrzysztofKruk,t5o,720575940581041363,44914,24420,1977
3338,2026-07-12,KrzysztofKruk,t2,720575940561664993,34031,24421,1993
3339,2026-07-12,Nseraf,RBC,720575940556611866,35118,24232,2018
3340,2026-07-12,Nseraf,t3a,720575940565029869,38018,24140,1993
3341,2026-07-12,Nseraf,t3a,720575940568310790,41556,24149,1994
3342,2026-07-12,Nseraf,t6,720575940589687188,29153,24166,2019
3343,2026-07-12,Annkri,4,720575940556612122,43340,25205,2014
3344,2026-07-12,Nseraf,t5t,720575940572159148,50828,24184,2031
3345,2026-07-12,Nseraf,?,720575940582348909,48554,24140,2032
3346,2026-07-12,KrzysztofKruk,t3b,720575940565082008,44884,24435,2021
3347,2026-07-12,Nseraf,t3b,720575940577740730,29335,25712,1988
3348,2026-07-12,Annkri,t5t,720575940570069700,52239,25193,2014
3349,2026-07-12,Nseraf,t3b,720575940576404564,31553,24157,2042
3350,2026-07-12,Nseraf,t3b,720575940589686676,33325,24166,2028
3351,2026-07-12,Nseraf,t3b,720575940578295061,37109,24207,2020
3352,2026-07-12,Nseraf,t1,720575940562770149,55394,24183,2014
3353,2026-07-12,KrzysztofKruk,RBC,720575940561086160,29393,24418,1672
3354,2026-07-12,Nseraf,t8,720575940589684628,37107,24175,2010
3355,2026-07-12,Nseraf,RBC,720575940569624431,37650,24153,2021
3356,2026-07-12,Nseraf,GluMI,720575940557879783,55715,25719,2043
3357,2026-07-12,Annkri,t5o,720575940571428859,42322,25185,2040
3358,2026-07-13,KrzysztofKruk,t3b,720575940557285194,49994,24399,2036
3359,2026-07-13,Nseraf,RBC,720575940582431853,37949,24081,1955
3360,2026-07-13,Nseraf,t5o,720575940567714412,48500,24102,2046
3361,2026-07-13,Nseraf,t5t,720575940575894832,38097,24122,2059
3362,2026-07-13,Nseraf,t5i,720575940547851660,41419,24087,2018
3363,2026-07-13,KrzysztofKruk,t3a,720575940574757903,28603,24378,1998
3364,2026-07-13,KrzysztofKruk,t5o,720575940564492464,31976,24333,2037
3365,2026-07-13,Nseraf,t3b,720575940556024713,35623,24048,2013
3366,2026-07-13,Nseraf,t3b,720575940566987667,36669,24017,2014
3367,2026-07-13,KrzysztofKruk,t3a,720575940582939347,52750,24348,2030
3368,2026-07-13,Nseraf,t6,720575940565076205,51282,24103,2011
3369,2026-07-13,Nseraf,t3a,720575940560257843,32478,24027,2013
3370,2026-07-13,Nseraf,t5t,720575940566579054,37061,24119,1958
3371,2026-07-13,KrzysztofKruk,RBC,720575940565930852,33927,24358,2013
3372,2026-07-13,KrzysztofKruk,RBC,720575940551414271,28560,24407,2023
3373,2026-07-13,Nseraf,XBC,720575940578226492,50827,24116,2029
3374,2026-07-13,Nseraf,RBC,720575940565077229,28080,24077,2025
3375,2026-07-13,Nseraf,t5o,720575940547856780,29925,24049,2063
3376,2026-07-13,Nseraf,RBC,720575940562823397,43560,24035,1993
3377,2026-07-13,Nseraf,GluMI,720575940578305045,31576,24058,2020
3378,2026-07-13,Nseraf,t5t,720575940557989994,31602,24127,1999
3379,2026-07-13,Nseraf,t6,720575940562894041,37658,24131,1996
3380,2026-07-13,Nseraf,RBC,720575940574653508,35944,24112,2007
3381,2026-07-13,Nseraf,t5t,720575940567706476,52262,24121,2015
3382,2026-07-13,KrzysztofKruk,t2,720575940582814675,51280,24410,2018
3383,2026-07-13,Nseraf,t2,720575940589758356,52798,24036,2053
3384,2026-07-13,KrzysztofKruk,t6,720575940563167285,49115,24389,2040
3385,2026-07-13,Nseraf,t5t,720575940547857804,34391,24031,2033
3386,2026-07-13,Nseraf,XBC,720575940567714668,28131,24101,2028
3387,2026-07-13,Nseraf,RBC,720575940582864648,29892,24132,2040
3388,2026-07-13,Nseraf,t6,720575940571518750,35618,24028,1996
3389,2026-07-13,Nseraf,RBC,720575940589754772,28583,24105,2033
3390,2026-07-13,Nseraf,RBC,720575940566761904,50890,24119,1998
3391,2026-07-13,KrzysztofKruk,t3b,720575940575055631,29116,24321,2017
3392,2026-07-13,Nseraf,t6,720575940571674847,52256,24052,2018
3393,2026-07-13,Nseraf,t5i,720575940560943237,37699,24116,2026
3394,2026-07-13,KrzysztofKruk,RBC,720575940547854476,55029,24330,1972
3395,2026-07-13,Nseraf,t5o,720575940589756052,53621,24079,2001
3396,2026-07-13,Annkri,t4,720575940555739466,43100,23885,2003
3397,2026-07-13,KrzysztofKruk,RBC,720575940555449418,47143,24400,2063
3398,2026-07-13,Nseraf,RBC,720575940582429549,39689,24108,2030
3399,2026-07-13,KrzysztofKruk,RBC,720575940572870341,39141,24411,1982
3400,2026-07-13,KrzysztofKruk,t3b,720575940579309421,33901,24324,2014
3401,2026-07-13,KrzysztofKruk,t1,720575940582433389,56214,24336,2029
3402,2026-07-13,KrzysztofKruk,t4,720575940589756564,42124,24337,1968
3403,2026-07-13,KrzysztofKruk,RBC,720575940577762234,56023,24365,1972
3404,2026-07-13,KrzysztofKruk,t5i,720575940562714081,40652,24340,2013
3405,2026-07-13,Nseraf,t7,720575940547853708,33293,24073,2005
3406,2026-07-13,KrzysztofKruk,RBC,720575940574980623,27727,24366,2026
3407,2026-07-13,Nseraf,RBC,720575940572201388,53630,24123,2031
3408,2026-07-13,Nseraf,t3b,720575940560943749,30458,24101,1900
3409,2026-07-13,Nseraf,t6,720575940574656068,32471,24059,1968
3410,2026-07-13,KrzysztofKruk,RBC,720575940555723239,50794,24381,2053
3411,2026-07-13,KrzysztofKruk,RBC,720575940562179611,51636,24395,2009
3412,2026-07-13,KrzysztofKruk,t5i,720575940564871576,39244,24366,2048
3413,2026-07-13,KrzysztofKruk,t3b,720575940561401627,52709,24407,2028
3414,2026-07-13,KrzysztofKruk,4,720575940554953285,49197,24329,2011
3415,2026-07-13,Nseraf,RBC,720575940547849612,47334,24107,2010
3416,2026-07-13,Nseraf,RBC,720575940576427092,55274,24076,2019
3417,2026-07-13,KrzysztofKruk,RBC,720575940565988975,30859,24365,2040
3418,2026-07-13,Nseraf,RBC,720575940574657348,40065,24029,2023
3419,2026-07-13,KrzysztofKruk,t5i,720575940580722643,44808,24401,2026
3420,2026-07-13,Nseraf,RBC,720575940562607498,33270,24092,2045
3421,2026-07-13,Nseraf,RBC,720575940571427947,31211,24108,2014
3422,2026-07-13,Nseraf,t3a,720575940576036347,27586,24106,2030
3423,2026-07-13,KrzysztofKruk,t5o,720575940548563668,52315,24353,2013
3424,2026-07-13,Nseraf,t8,720575940547848844,35887,24109,2031
3425,2026-07-13,Nseraf,t5i,720575940570076356,31185,24095,2010
3426,2026-07-13,Nseraf,t5o,720575940571426923,36742,24115,2055
3427,2026-07-13,KrzysztofKruk,?,720575940555613546,51332,24376,2033
3428,2026-07-13,KrzysztofKruk,t6,720575940573876804,56091,24325,2025
3429,2026-07-13,Nseraf,RBC,720575940571430763,52219,24082,2029
3430,2026-07-13,Nseraf,t1,720575940574657092,56333,24029,2060
3431,2026-07-13,Nseraf,t6,720575940573842076,36644,24023,1963
3432,2026-07-13,KrzysztofKruk,t7,720575940564436656,30508,24340,2020
3433,2026-07-13,Nseraf,t5o,720575940577755066,47793,24119,1966
3434,2026-07-13,Nseraf,t1,720575940572220588,51734,24039,2043
3435,2026-07-13,Nseraf,GluMI,720575940556833763,33336,24116,2019
3436,2026-07-13,KrzysztofKruk,RBC,720575940566046616,45211,24410,2016
3437,2026-07-13,KrzysztofKruk,t5t,720575940562382817,41083,24359,1994
3438,2026-07-13,Nseraf,t3b,720575940571434091,41510,24043,2058
3439,2026-07-13,KrzysztofKruk,RBC,720575940580686291,44763,24378,2024
3440,2026-07-13,KrzysztofKruk,RBC,720575940553980647,54185,24323,1986
3441,2026-07-13,KrzysztofKruk,t2,720575940547359837,31210,24337,2018
3442,2026-07-13,KrzysztofKruk,t4,720575940580242899,40134,24347,2021
3443,2026-07-13,KrzysztofKruk,t2,720575940566012824,43146,24329,1944
3444,2026-07-13,Nseraf,RBC,720575940562897625,37049,24117,2040
3445,2026-07-13,KrzysztofKruk,RBC,720575940556260170,33965,24409,1971
3446,2026-07-13,KrzysztofKruk,t3b,720575940564593026,39811,24341,2023
3447,2026-07-13,Nseraf,t7,720575940562821861,55200,24103,1949
3448,2026-07-13,Nseraf,t3a,720575940556511274,48563,24119,2021
3449,2026-07-13,KrzysztofKruk,t6,720575940575419919,28505,24385,2014
3450,2026-07-13,Nseraf,t2,720575940564114711,47897,24100,2037
3451,2026-07-14,Nseraf,RBC,720575940573842844,35693,24004,2048
3452,2026-07-14,KrzysztofKruk,GluMI,720575940561669857,35116,24294,2031
3453,2026-07-14,Nseraf,RBC,720575940578960684,41882,23553,2049
3454,2026-07-14,Nseraf,XBC,720575940580944241,35671,23970,2027
3455,2026-07-14,Nseraf,t6,720575940559118039,49284,23945,2034
3456,2026-07-14,KrzysztofKruk,t3b,720575940570245136,55131,24298,2025
3457,2026-07-14,KrzysztofKruk,RBC,720575940580736467,45258,24290,2060
3458,2026-07-14,Nseraf,RBC,720575940580945265,44627,23967,2034
3459,2026-07-14,Nseraf,RBC,720575940572638996,53619,23980,1982
3460,2026-07-14,Nseraf,RBC,720575940570618742,34150,23971,2021
3461,2026-07-14,Nseraf,t2,720575940577379965,42354,24002,2022
3462,2026-07-14,Nseraf,t8,720575940557191144,56431,23928,2003
3463,2026-07-14,Nseraf,RBC,720575940565951588,28216,23573,2032
3464,2026-07-14,Nseraf,RBC,720575940564729551,34388,23932,2036
3465,2026-07-14,Nseraf,GluMI,720575940586443030,35763,24001,2032
3466,2026-07-14,Nseraf,t7,720575940580947313,40053,23966,2008
3467,2026-07-14,Nseraf,RBC,720575940557975343,51081,23584,2010
3468,2026-07-14,KrzysztofKruk,RBC,720575940565861758,49967,24300,2040
3469,2026-07-14,Nseraf,t2,720575940559347237,35655,23927,2018
3470,2026-07-14,Nseraf,t3a,720575940565477799,39987,23901,2039
3471,2026-07-14,Nseraf,RBC,720575940571474539,40810,23947,1998
3472,2026-07-14,Nseraf,t3b,720575940570072397,45645,23937,2054
3473,2026-07-14,Nseraf,t4,720575940580940657,45897,23984,1994
3474,2026-07-14,Nseraf,RBC,720575940569359026,54894,23612,2040
3475,2026-07-14,Nseraf,GluMI,720575940562911961,52266,23596,2060
3476,2026-07-14,Nseraf,RBC,720575940564734927,50677,23560,2041
3477,2026-07-14,KrzysztofKruk,t3b,720575940572322764,53927,24296,2019
3478,2026-07-14,Nseraf,t3b,720575940573599335,54785,23577,2023
3479,2026-07-14,Nseraf,t7,720575940580943729,45621,23976,2038
3480,2026-07-14,Nseraf,RBC,720575940556059785,32483,23980,2020
3481,2026-07-14,Nseraf,RBC,720575940564724687,51489,23965,2025
3482,2026-07-14,Nseraf,RBC,720575940565358438,27846,23612,2022
3483,2026-07-14,Nseraf,t3a,720575940554037955,31694,23598,1987
3484,2026-07-14,KrzysztofKruk,RBC,720575940579571053,40624,24321,1988
3485,2026-07-14,Nseraf,t3b,720575940576583101,57151,23915,2016
3486,2026-07-14,Nseraf,t2,720575940564725711,40990,23957,2023
3487,2026-07-14,Nseraf,t5o,720575940553121522,32528,23924,1987
3488,2026-07-14,Nseraf,t3b,720575940556183782,42446,23981,2046
3489,2026-07-14,KrzysztofKruk,t5i,720575940580163027,35132,24301,1985
3490,2026-07-14,Nseraf,RBC,720575940552011429,35794,24015,2015
3491,2026-07-14,Nseraf,RBC,720575940548855939,35086,23568,2029
3492,2026-07-14,Nseraf,t3b,720575940551913129,28166,23565,2034
3493,2026-07-14,KrzysztofKruk,t6,720575940556530986,40670,24281,2024
3494,2026-07-14,Nseraf,t6,720575940564729807,45086,23930,1985
3495,2026-07-14,Annkri,t6,720575940566133886,49939,23880,2036
3496,2026-07-14,Nseraf,t6,720575940578244412,35818,23565,2024
3497,2026-07-14,KrzysztofKruk,t5i,720575940582962814,30402,24289,2051
3498,2026-07-14,Nseraf,t6,720575940556061833,34826,23918,2055
3499,2026-07-14,KrzysztofKruk,XBC,720575940570626678,30448,24311,2024
3500,2026-07-14,Nseraf,t7,720575940555335448,52115,23554,1968
3501,2026-07-14,Nseraf,t6,720575940557190888,47177,23936,1960
3502,2026-07-14,Nseraf,t6,720575940565358694,31557,23586,2011
3503,2026-07-14,Nseraf,t1,720575940554033091,52256,23992,2054
3504,2026-07-14,Nseraf,XBC,720575940555016355,31680,23552,2039
3505,2026-07-14,Nseraf,RBC,720575940548854915,45871,23920,2032
3506,2026-07-14,Nseraf,?,720575940569584781,57146,23607,2041
3507,2026-07-14,KrzysztofKruk,RBC,720575940578363245,37181,24315,2047
3508,2026-07-14,Nseraf,t4,720575940586443542,55218,23557,2051
3509,2026-07-14,Nseraf,RBC,720575940573599079,57188,23608,2019
3510,2026-07-14,Nseraf,?,720575940564724943,42459,23962,2012
3511,2026-07-14,KrzysztofKruk,RBC,720575940564767896,39731,24287,2009
3512,2026-07-14,Nseraf,t2,720575940566782128,33324,23950,2008
3513,2026-07-14,Nseraf,t5o,720575940538858675,45824,23908,2025
3514,2026-07-14,Nseraf,t3b,720575940559337176,47457,23584,1975
3515,2026-07-14,Nseraf,t5o,720575940564726223,40017,23956,2005
3516,2026-07-14,Nseraf,RBC,720575940566783664,53797,23614,2006
3517,2026-07-14,Nseraf,t4,720575940580958577,49915,23605,2032
3518,2026-07-14,Nseraf,RBC,720575940589796500,42187,23591,2027
3519,2026-07-14,Nseraf,t7,720575940552011685,32407,24007,2019
3520,2026-07-14,Nseraf,t3b,720575940586280246,50569,23577,2051
3521,2026-07-14,Nseraf,t3b,720575940571048616,47377,23956,2033
3522,2026-07-14,Nseraf,t3a,720575940565477543,39122,23901,2006
3523,2026-07-14,Nseraf,?,720575940557191656,49950,23903,2056
3524,2026-07-14,Nseraf,RBC,720575940580956017,46898,23916,2043
3525,2026-07-14,Nseraf,t5i,720575940580939121,56431,24000,2054
3526,2026-07-14,Nseraf,RBC,720575940556529962,45294,23613,1952
3527,2026-07-14,KrzysztofKruk,RBC,720575940564734159,29149,24299,2013
3528,2026-07-14,KrzysztofKruk,t6,720575940580628179,46456,24314,2010
3529,2026-07-14,Annkri,t1,720575940559327192,46836,23881,2057
3530,2026-07-14,Nseraf,t5i,720575940570075213,36922,23573,2037
3531,2026-07-14,Nseraf,t5o,720575940570627446,53941,23603,2055
3532,2026-07-14,Nseraf,t4,720575940569342358,34401,24002,2010
3533,2026-07-14,Nseraf,t3a,720575940557595444,44196,23986,1982
3534,2026-07-14,Nseraf,RBC,720575940549463496,52294,24001,2030
3535,2026-07-14,Nseraf,t3b,720575940562120098,32175,23565,2029
3536,2026-07-14,KrzysztofKruk,t2,720575940551237631,27509,24290,1938
3537,2026-07-14,Nseraf,t8,720575940550478292,28743,23572,2039
3538,2026-07-14,Nseraf,RBC,720575940564115479,44222,24003,2048
3539,2026-07-14,Nseraf,t5t,720575940569344150,44377,23605,2022
3540,2026-07-14,Nseraf,t3a,720575940553273727,49874,23591,2054
3541,2026-07-14,Nseraf,t5i,720575940564734671,28111,23587,2005
3542,2026-07-14,Annkri,t7,720575940584213782,56041,23883,1955
3543,2026-07-14,Nseraf,t5i,720575940572321740,46842,23914,2054
3544,2026-07-14,Nseraf,GluMI,720575940565909981,52975,23589,1987
3545,2026-07-14,Nseraf,t5i,720575940557899495,34154,24009,2043
3546,2026-07-14,Nseraf,t6,720575940560946053,57230,24007,2038
3547,2026-07-14,KrzysztofKruk,RBC,720575940576584381,30459,24320,2053
3548,2026-07-14,Nseraf,t5i,720575940578243388,30884,23609,2046
3549,2026-07-14,Nseraf,t1,720575940555700242,28257,23613,2000
3550,2026-07-14,KrzysztofKruk,t2,720575940571696693,52260,24286,2034
3551,2026-07-14,Nseraf,RBC,720575940551912361,31530,23607,1991
3552,2026-07-14,Nseraf,t1,720575940576581821,36260,23929,2002
3553,2026-07-15,KrzysztofKruk,t6,720575940561613025,38355,24259,2027
3554,2026-07-15,KrzysztofKruk,t6,720575940564375472,29913,24235,1972
3555,2026-07-15,KrzysztofKruk,4,720575940551884583,41973,24250,2003
3556,2026-07-15,Nseraf,t6,720575940581022321,48647,23537,2013
3557,2026-07-15,Nseraf,t7,720575940576661949,46121,23416,1995
3558,2026-07-15,KrzysztofKruk,RBC,720575940556994634,42758,24246,2009
3559,2026-07-15,KrzysztofKruk,t3a,720575940547094109,27201,24271,2040
3560,2026-07-15,Nseraf,RBC,720575940554066371,53942,23529,2004
3561,2026-07-15,Annkri,t5i,720575940555795274,36208,23878,2048
3562,2026-07-15,Nseraf,RBC,720575940565500327,49966,23520,2036
3563,2026-07-15,Nseraf,t1,720575940558445199,32063,23457,1783
3564,2026-07-15,Nseraf,RBC,720575940565502375,52446,23413,2022
3565,2026-07-15,Nseraf,t3b,720575940551877415,34414,23535,2018
3566,2026-07-15,KrzysztofKruk,RBC,720575940575420795,29802,23267,2011
3567,2026-07-15,Nseraf,RBC,720575940557335450,45909,23478,2054
3568,2026-07-15,Nseraf,t3a,720575940561003144,34036,23475,1975
3569,2026-07-15,KrzysztofKruk,t2,720575940579776458,36479,24234,2036
3570,2026-07-15,KrzysztofKruk,t4,720575940563242508,46110,23258,1987
3571,2026-07-15,Nseraf,RBC,720575940558452726,55276,23517,2037
3572,2026-07-15,Nseraf,t5i,720575940551057467,48467,23420,2004
3573,2026-07-15,Annkri,t1,720575940554279143,57270,23876,2026
3574,2026-07-15,Nseraf,t6,720575940564797135,37411,23467,2012
3575,2026-07-15,Nseraf,t1,720575940551876647,41888,23544,1989
3576,2026-07-15,Nseraf,t5i,720575940559348184,56322,23442,2044
3577,2026-07-15,Nseraf,t3b,720575940569978040,44410,23504,2036
3578,2026-07-15,Annkri,t7,720575940556541226,44467,23877,1974
3579,2026-07-15,KrzysztofKruk,t8,720575940560907684,54958,23273,2030
3580,2026-07-15,Nseraf,t2,720575940559381285,45168,23415,2053
3581,2026-07-15,Nseraf,t5o,720575940565501607,29163,23431,2003
3582,2026-07-15,Nseraf,t3a,720575940565921757,48617,23519,2018
3583,2026-07-15,Nseraf,t1,720575940577785018,36907,23538,2050
3584,2026-07-15,KrzysztofKruk,t5t,720575940562636257,39754,24281,2006
3585,2026-07-15,Nseraf,RBC,720575940569364914,29223,23419,2024
3586,2026-07-15,Nseraf,RBC,720575940561125009,32030,23490,2022
3587,2026-07-15,KrzysztofKruk,t6,720575940564764056,39720,24272,2028
3588,2026-07-15,Nseraf,RBC,720575940583850558,49424,23508,2029
3589,2026-07-15,Nseraf,t5o,720575940571106728,43394,23531,1968
3590,2026-07-15,Nseraf,t1,720575940574620960,45919,23433,2059
3591,2026-07-15,KrzysztofKruk,t2,720575940573136837,36543,23263,1996
3592,2026-07-15,Nseraf,t5o,720575940556539434,34442,23508,2033
3593,2026-07-15,Nseraf,RBC,720575940578905860,33542,23425,2035
3594,2026-07-15,Nseraf,RBC,720575940572094769,32494,23440,2022
3595,2026-07-15,Nseraf,t3b,720575940557985583,43442,23425,2027
3596,2026-07-15,KrzysztofKruk,RBC,720575940538887347,36097,23289,1954
3597,2026-07-15,Nseraf,RBC,720575940571699679,51877,23487,1969
3598,2026-07-15,Nseraf,t4,720575940572356812,48207,23438,2035
3599,2026-07-15,KrzysztofKruk,t8,720575940563314252,38313,24251,2030
3600,2026-07-15,Nseraf,t5o,720575940551940009,54831,23482,1989
3601,2026-07-15,Nseraf,t3a,720575940581036913,51980,23416,2020
3602,2026-07-15,Nseraf,RBC,720575940556654874,36013,23540,2052
3603,2026-07-15,KrzysztofKruk,RBC,720575940564628354,36835,24248,2042
3604,2026-07-15,Nseraf,t3b,720575940565502119,55276,23418,2008
3605,2026-07-15,KrzysztofKruk,t5i,720575940570087501,35439,23266,1996
3606,2026-07-15,Nseraf,RBC,720575940576655293,43407,23461,2035
3607,2026-07-15,Annkri,RBC,720575940564648779,51624,23877,2011
3608,2026-07-15,KrzysztofKruk,RBC,720575940574654223,29864,24238,2016
3609,2026-07-15,KrzysztofKruk,t5t,720575940556884298,46709,24246,2040
3610,2026-07-15,Nseraf,GluMI,720575940576043515,46354,23714,2045
3611,2026-07-15,KrzysztofKruk,t3a,720575940558285898,52338,24277,2049
3612,2026-07-15,KrzysztofKruk,t5i,720575940581034353,32857,24266,2023
3613,2026-07-15,Nseraf,RBC,720575940572357068,41582,23437,1965
3614,2026-07-15,Nseraf,t1,720575940570094020,34002,23442,2026
3615,2026-07-15,Nseraf,t6,720575940551885351,44214,23416,2034
3616,2026-07-15,KrzysztofKruk,t5t,720575940571703093,53425,23250,2010
3617,2026-07-15,Nseraf,t4,720575940570297104,43371,23451,2058
3618,2026-07-15,Nseraf,t5t,720575940556657434,55218,23428,2017
3619,2026-07-15,Nseraf,RBC,720575940551882279,51731,23461,1990
3620,2026-07-15,KrzysztofKruk,RBC,720575940578342165,39621,23271,2001
3621,2026-07-15,Nseraf,RBC,720575940571107496,35121,23469,2018
3622,2026-07-15,Nseraf,RBC,720575940553651315,56365,23475,2058
3623,2026-07-15,KrzysztofKruk,t8,720575940538886835,54344,24246,2024
3624,2026-07-15,KrzysztofKruk,t6,720575940568595886,42390,23245,2024
3625,2026-07-15,Nseraf,RBC,720575940559853149,36549,23475,2057
3626,2026-07-15,Nseraf,t5i,720575940570384752,56551,23429,2013
3627,2026-07-15,Nseraf,t6,720575940572684564,53641,23544,1979
3628,2026-07-15,KrzysztofKruk,t2,720575940548421332,54513,24271,2011
3629,2026-07-15,Nseraf,t5o,720575940578077343,33571,23470,2001
3630,2026-07-15,KrzysztofKruk,t4,720575940584189462,56566,23248,2037
3631,2026-07-15,KrzysztofKruk,?,720575940580329427,48153,24241,2055
3632,2026-07-15,Nseraf,t2,720575940570093508,49216,23452,2061
3633,2026-07-15,Nseraf,t5i,720575940559349976,44176,23418,2037
3634,2026-07-15,KrzysztofKruk,t5t,720575940579775946,54663,24254,2031
3635,2026-07-15,Nseraf,?,720575940556068233,47182,23163,2064
3636,2026-07-15,Nseraf,t3a,720575940578258492,33988,23484,2034
3637,2026-07-15,KrzysztofKruk,RBC,720575940563479308,49088,23271,2019
3638,2026-07-15,Nseraf,RBC,720575940566288372,54671,23517,2025
3639,2026-07-15,Nseraf,t4,720575940560765283,39945,23492,2030
3640,2026-07-15,KrzysztofKruk,t5i,720575940559985377,38306,24241,2014
3641,2026-07-15,KrzysztofKruk,RBC,720575940584242198,54076,24248,2008
3642,2026-07-15,KrzysztofKruk,t4,720575940572169925,36126,23278,1959
3643,2026-07-15,KrzysztofKruk,t3b,720575940579775690,40639,24262,2028
3644,2026-07-15,KrzysztofKruk,t1,720575940568782331,42260,23240,2030
3645,2026-07-15,Nseraf,t2,720575940564963129,41763,23495,2041
3646,2026-07-15,Nseraf,RBC,720575940570085709,50487,23442,2031
3647,2026-07-15,Nseraf,RBC,720575940560766051,29135,23465,1947
3648,2026-07-15,Nseraf,RBC,720575940569963358,49813,23426,1956
3649,2026-07-15,KrzysztofKruk,t5i,720575940565088152,43189,24255,2017
3650,2026-07-15,Nseraf,RBC,720575940579773642,33291,23462,1978
3651,2026-07-15,Nseraf,t5i,720575940571110312,34070,23466,2008
3652,2026-07-15,KrzysztofKruk,RBC,720575940574131389,40154,23262,1999
3653,2026-07-15,KrzysztofKruk,RBC,720575940565989272,46488,24253,2020
3654,2026-07-16,KrzysztofKruk,RBC,720575940572899269,38162,23194,2040
3655,2026-07-16,KrzysztofKruk,t5i,720575940572551365,36811,23217,2016
3656,2026-07-16,KrzysztofKruk,t3b,720575940556553002,37741,23164,2041
3657,2026-07-16,Nseraf,t5i,720575940571165864,42232,23402,2023
3658,2026-07-16,KrzysztofKruk,RBC,720575940563233804,47365,23194,2020
3659,2026-07-16,KrzysztofKruk,11,720575940562921277,49417,23228,2015
3660,2026-07-16,KrzysztofKruk,t3b,720575940572925637,39661,23212,2058
3661,2026-07-16,KrzysztofKruk,RBC,720575940553319290,34640,23201,1968
3662,2026-07-16,KrzysztofKruk,t5i,720575940550488020,32871,23147,2023
3663,2026-07-16,Nseraf,t6,720575940568274337,38950,23386,1973
3664,2026-07-16,KrzysztofKruk,t6,720575940569390587,46469,23151,2009
3665,2026-07-16,KrzysztofKruk,t6,720575940562225043,45145,23165,2055
3666,2026-07-16,KrzysztofKruk,RBC,720575940563213068,48231,23232,2045
3667,2026-07-16,Nseraf,t2,720575940557995055,43935,23385,2041
3668,2026-07-16,Annkri,t3b,720575940553294666,29121,23873,2028
3669,2026-07-16,Annkri,t7,720575940565110168,43006,23870,2008
3670,2026-07-16,KrzysztofKruk,t6,720575940563569164,47801,23234,1999
3671,2026-07-16,KrzysztofKruk,t2,720575940583468999,40802,23146,2040
3672,2026-07-16,Nseraf,t2,720575940581097585,31031,23399,1982
3673,2026-07-16,KrzysztofKruk,t6,720575940563233292,47480,23184,2029
3674,2026-07-16,Nseraf,GluMI,720575940551924519,49493,24727,2045
3675,2026-07-16,KrzysztofKruk,?,720575940560871397,49471,22926,2062
3676,2026-07-16,Nseraf,t2,720575940565938653,43286,23390,2031
3677,2026-07-16,KrzysztofKruk,t5i,720575940569669487,39641,23151,2035
3678,2026-07-16,Nseraf,t6,720575940557533562,55688,23396,1991
3679,2026-07-16,KrzysztofKruk,RBC,720575940570330384,31588,23199,1995
3680,2026-07-16,KrzysztofKruk,t2,720575940553297279,43868,23171,2049
3681,2026-07-16,Nseraf,t3b,720575940570730358,31115,23401,2028
3682,2026-07-16,KrzysztofKruk,t5t,720575940571679677,36800,23213,1985
3683,2026-07-16,Nseraf,t5t,720575940574633504,29355,23403,2018
3684,2026-07-16,KrzysztofKruk,t3a,720575940576728765,42408,23208,2028
3685,2026-07-16,August,t2,720575940571512683,51905,23084,2055
3686,2026-07-16,KrzysztofKruk,t3b,720575940572876485,40377,23168,2022
3687,2026-07-16,Nseraf,t3a,720575940551968425,44452,23394,2054
3688,2026-07-16,KrzysztofKruk,t3a,720575940538913203,55555,23157,2018
3689,2026-07-16,KrzysztofKruk,t5t,720575940565368166,57847,23158,1963
3690,2026-07-16,KrzysztofKruk,t2,720575940562940633,54140,23194,2056
3691,2026-07-16,KrzysztofKruk,t6,720575940572171461,33305,23172,1998
3692,2026-07-16,Nseraf,t5t,720575940581098097,45331,23396,1979
3693,2026-07-16,KrzysztofKruk,t5o,720575940571571825,49891,23156,1945
3694,2026-07-16,KrzysztofKruk,t3b,720575940568592302,42379,23200,2003
3695,2026-07-16,Annkri,t5i,720575940566804335,31900,23869,2040
3696,2026-07-16,KrzysztofKruk,?,720575940554510311,57082,23229,1770
3697,2026-07-16,KrzysztofKruk,RBC,720575940555021475,49360,23167,2007
3698,2026-07-16,Nseraf,RBC,720575940558461071,32509,23394,2055
3699,2026-07-16,KrzysztofKruk,t7,720575940561664737,34600,23223,1970
3700,2026-07-16,KrzysztofKruk,t3a,720575940572386252,50767,23383,2055
3701,2026-07-16,KrzysztofKruk,RBC,720575940574195389,37178,23162,2012
3702,2026-07-16,KrzysztofKruk,RBC,720575940584241942,54028,23185,2048
3703,2026-07-16,Nseraf,XBC,720575940556071817,46164,23407,2014
3704,2026-07-16,KrzysztofKruk,RBC,720575940559117482,29735,23190,2053
3705,2026-07-16,Annkri,RBC,720575940566820528,33290,23869,2034
3706,2026-07-16,KrzysztofKruk,t5t,720575940576722621,35451,23214,1980
3707,2026-07-16,KrzysztofKruk,t2,720575940577740696,33372,23158,1956
3708,2026-07-16,KrzysztofKruk,RBC,720575940547924180,57836,23169,2006
3709,2026-07-16,KrzysztofKruk,RBC,720575940563214604,48359,23223,1971
3710,2026-07-16,KrzysztofKruk,?,720575940573540549,37358,23214,1599
3711,2026-07-16,Nseraf,t1,720575940554070467,30407,23410,1449
3712,2026-07-16,KrzysztofKruk,RBC,720575940580932630,52915,23197,2030
3713,2026-07-17,KrzysztofKruk,t5i,720575940577808570,51790,23100,1986
3714,2026-07-17,KrzysztofKruk,t2,720575940557618996,31555,23097,2041
3715,2026-07-17,KrzysztofKruk,t3b,720575940571222440,33738,23145,2017
3716,2026-07-17,KrzysztofKruk,RBC,720575940563262220,47797,23137,2015
3717,2026-07-17,KrzysztofKruk,t4,720575940565371238,52862,23056,2054
3718,2026-07-17,KrzysztofKruk,t6,720575940551077179,49224,23092,1990
3719,2026-07-17,KrzysztofKruk,t6,720575940574191549,39643,23117,2033
3720,2026-07-17,KrzysztofKruk,t5i,720575940538941363,33719,23139,2058
3721,2026-07-17,KrzysztofKruk,RBC,720575940567844526,42431,23142,2028
3722,2026-07-17,KrzysztofKruk,t1,720575940553171442,33270,23106,2049
3723,2026-07-17,KrzysztofKruk,RBC,720575940571652797,35415,23118,2004
3724,2026-07-17,KrzysztofKruk,t6,720575940570404976,28202,23104,2023
3725,2026-07-17,Nseraf,t7,720575940564449453,29156,23385,1997
3726,2026-07-17,KrzysztofKruk,RBC,720575940557262824,49898,23124,2009
3727,2026-07-17,KrzysztofKruk,RBC,720575940578372885,32847,23112,2037
3728,2026-07-17,KrzysztofKruk,t2,720575940581163889,28131,23121,2039
3729,2026-07-17,KrzysztofKruk,RBC,720575940556559658,55719,23094,2037
3730,2026-07-17,KrzysztofKruk,t5i,720575940570368016,40291,23119,1990
3731,2026-07-17,KrzysztofKruk,t3a,720575940551076923,45702,23100,2039
3732,2026-07-17,KrzysztofKruk,t4,720575940558480374,37770,23113,2017
3733,2026-07-17,KrzysztofKruk,t3b,720575940538941875,37112,23113,2029
3734,2026-07-17,KrzysztofKruk,t7,720575940551232604,33313,23119,1987
3735,2026-07-17,KrzysztofKruk,t5o,720575940589815188,54031,23134,2013
3736,2026-07-17,KrzysztofKruk,RBC,720575940559434533,44583,23100,2006
3737,2026-07-17,KrzysztofKruk,?,720575940566830756,42143,23458,2032
3738,2026-07-17,KrzysztofKruk,RBC,720575940575573189,37687,23132,2021
3739,2026-07-17,KrzysztofKruk,t3a,720575940583863102,28122,23084,2016
3740,2026-07-17,KrzysztofKruk,t2,720575940579853002,46730,23130,2027
3741,2026-07-17,KrzysztofKruk,RBC,720575940570785398,49025,23061,1953
3742,2026-07-17,KrzysztofKruk,t3a,720575940551997609,41021,23127,2024
3743,2026-07-17,KrzysztofKruk,t2,720575940559156695,55525,23101,2056
3744,2026-07-17,KrzysztofKruk,t5t,720575940570785654,27979,23059,2031
3745,2026-07-17,KrzysztofKruk,RBC,720575940584215830,56759,23132,2019
3746,2026-07-17,KrzysztofKruk,GluMI,720575940566845616,41019,23122,1972
3747,2026-07-17,KrzysztofKruk,t2,720575940551997353,29218,23142,1943
3748,2026-07-17,KrzysztofKruk,t4,720575940559156439,56090,23105,2009
3749,2026-07-17,KrzysztofKruk,RBC,720575940574196157,37760,23145,2015
3750,2026-07-18,KrzysztofKruk,t3b,720575940561975632,57238,23098,2040
3751,2026-07-18,Nseraf,t2,720575940570111309,30410,23382,2033
3752,2026-07-18,Nseraf,RBC,720575940576789949,32644,23351,1966
3753,2026-07-18,Nseraf,t5t,720575940570786678,48915,23379,2009
3754,2026-07-18,KrzysztofKruk,t5t,720575940551077947,40209,22987,2021
3755,2026-07-18,Nseraf,t5i,720575940576790205,52802,23329,1985
3756,2026-07-18,KrzysztofKruk,t4,720575940563301284,53706,23001,1960
3757,2026-07-18,KrzysztofKruk,t4,720575940564932047,34465,23013,2023
3758,2026-07-18,Nseraf,t1,720575940570787190,47702,23334,2047
3759,2026-07-18,KrzysztofKruk,t7,720575940568285857,55275,22995,1988
3760,2026-07-18,Nseraf,GluMI,720575940538942387,56908,23372,2057
3761,2026-07-18,KrzysztofKruk,t2,720575940575474117,38564,22988,1973
3762,2026-07-18,KrzysztofKruk,t8,720575940566831012,30231,23027,2042
3763,2026-07-18,KrzysztofKruk,GluMI,720575940538942131,48549,23002,2055
3764,2026-07-18,KrzysztofKruk,t5i,720575940553303423,43069,22994,2048
3765,2026-07-18,KrzysztofKruk,t5o,720575940571531627,48960,23041,2038
3766,2026-07-18,KrzysztofKruk,t3a,720575940576789437,48247,23007,2042
3767,2026-07-18,KrzysztofKruk,t5i,720575940574649632,31636,23033,2014
3768,2026-07-18,KrzysztofKruk,t5o,720575940548897923,30436,22987,1949
3769,2026-07-18,KrzysztofKruk,RBC,720575940559436069,33971,22986,2032
3770,2026-07-18,KrzysztofKruk,RBC,720575940558480886,32624,23020,2024
3771,2026-07-18,KrzysztofKruk,RBC,720575940551802234,40212,23033,2014
3772,2026-07-18,KrzysztofKruk,t3a,720575940561200874,40241,23017,2013
3773,2026-07-18,Nseraf,t5o,720575940548897667,39244,23339,2015
3774,2026-07-18,KrzysztofKruk,RBC,720575940575693716,28725,23034,2034
3775,2026-07-18,Nseraf,t1,720575940562953689,38963,23384,2021
3776,2026-07-18,Nseraf,RBC,720575940578291516,46893,23358,2014
3777,2026-07-18,KrzysztofKruk,RBC,720575940581283606,52878,23010,2049
3778,2026-07-18,Nseraf,t3b,720575940554133699,46681,23378,2027
3779,2026-07-18,KrzysztofKruk,RBC,720575940562620491,54606,23045,1956
3780,2026-07-18,Nseraf,RBC,720575940558475407,42250,23369,2018
3781,2026-07-18,Nseraf,t5i,720575940578373909,45798,23359,2011
3782,2026-07-18,Nseraf,t5i,720575940569984094,46880,23342,1987
3783,2026-07-18,KrzysztofKruk,t2,720575940567569141,39649,23041,1971
3784,2026-07-18,KrzysztofKruk,RBC,720575940571558257,49470,23007,1996
3785,2026-07-18,KrzysztofKruk,t5i,720575940581165681,32578,23010,2000
3786,2026-07-18,KrzysztofKruk,RBC,720575940569372155,46140,23029,2056
3787,2026-07-18,Nseraf,t6,720575940565950429,30855,23360,2041
3788,2026-07-18,Nseraf,t2,720575940557619764,36496,23329,2017
3789,2026-07-18,KrzysztofKruk,RBC,720575940589815444,50681,23044,2018
3790,2026-07-18,KrzysztofKruk,t5o,720575940563230476,47052,22997,2021
3791,2026-07-18,Nseraf,RBC,720575940562954201,38979,23359,2024
3792,2026-07-18,KrzysztofKruk,t3b,720575940565950685,54686,22997,2027
3793,2026-07-18,KrzysztofKruk,RBC,720575940569494011,44810,23012,1981
3794,2026-07-18,Nseraf,RBC,720575940571532139,30426,23359,2018
3795,2026-07-18,Nseraf,RBC,720575940570786422,45732,23380,1987
3796,2026-07-18,KrzysztofKruk,t5o,720575940556843356,32646,23021,2035
3797,2026-07-18,KrzysztofKruk,RBC,720575940566021963,50007,22988,2012
3798,2026-07-19,Nseraf,t2,720575940578294844,36148,22862,1995
3799,2026-07-19,Nseraf,t7,720575940568287137,38930,22888,1962
3800,2026-07-19,KrzysztofKruk,t7,720575940572105521,30393,22931,2003
3801,2026-07-19,KrzysztofKruk,RBC,720575940581747289,47560,22917,1990
3802,2026-07-19,Nseraf,t8,720575940576796605,36299,22853,2046
3803,2026-07-19,Nseraf,t7,720575940551979047,36514,23290,1994
3804,2026-07-19,Nseraf,t5o,720575940555721490,36475,23301,2023
3805,2026-07-19,Nseraf,11,720575940576795581,49335,22898,2060
3806,2026-07-19,Nseraf,t3a,720575940589816980,45583,22857,1957
3807,2026-07-19,KrzysztofKruk,t5o,720575940562748684,42046,22912,2044
3808,2026-07-19,Nseraf,t2,720575940573608039,46900,22860,2055
3809,2026-07-19,KrzysztofKruk,?,720575940564939983,56567,22829,2057
3810,2026-07-19,Nseraf,RBC,720575940551080251,30090,22875,2023
3811,2026-07-19,Nseraf,RBC,720575940564267347,38706,22845,1958
3812,2026-07-19,Nseraf,t1,720575940561977168,35168,22859,1992
3813,2026-07-19,Nseraf,t6,720575940578294332,56865,22896,1985
3814,2026-07-19,KrzysztofKruk,GluMI,720575940570407536,30120,22914,2007
3815,2026-07-19,KrzysztofKruk,t3b,720575940571533931,56912,22968,2016
3816,2026-07-19,Nseraf,RBC,720575940569376434,51370,22852,2023
3817,2026-07-19,Nseraf,t3a,720575940551080763,57725,22854,2033
3818,2026-07-19,KrzysztofKruk,RBC,720575940584268310,57041,22963,2009
3819,2026-07-19,KrzysztofKruk,?,720575940566847920,30332,22968,2036
3820,2026-07-19,Nseraf,t7,720575940569218289,53108,22832,2009
3821,2026-07-19,KrzysztofKruk,RBC,720575940574331325,34462,22976,2005
3822,2026-07-19,Nseraf,t6,720575940571990059,49759,22830,2005
3823,2026-07-19,Nseraf,t3b,720575940562601291,54171,23302,2019
3824,2026-07-19,KrzysztofKruk,t2,720575940562955737,37343,22964,2012
3825,2026-07-19,Nseraf,RBC,720575940583864126,40785,23312,1953
3826,2026-07-19,Nseraf,t7,720575940554993733,44885,22879,2018
3827,2026-07-19,KrzysztofKruk,GluMI,720575940569992632,29526,22963,2041
3828,2026-07-19,Nseraf,t2,720575940557862178,42301,23325,2001
3829,2026-07-19,Nseraf,t5t,720575940558477199,38533,22898,2047
3830,2026-07-19,Nseraf,RBC,720575940564138635,45772,23311,2015
3831,2026-07-19,KrzysztofKruk,t3b,720575940572420044,32604,22970,2011
3832,2026-07-19,Nseraf,t2,720575940552001705,54307,22851,2007
3833,2026-07-19,KrzysztofKruk,t3a,720575940556562474,43568,22983,2011
3834,2026-07-19,Nseraf,RBC,720575940558005039,36261,22892,2014
3835,2026-07-19,KrzysztofKruk,RBC,720575940572921797,38582,22923,1994
3836,2026-07-19,Nseraf,t5i,720575940555349784,36324,22876,2006
3837,2026-07-19,KrzysztofKruk,RBC,720575940568596142,42079,22927,2034
3838,2026-07-19,KrzysztofKruk,RBC,720575940569493243,45000,22977,1985
3839,2026-07-19,Nseraf,4,720575940574352537,50236,22864,2030
3840,2026-07-19,Nseraf,t6,720575940551979815,41972,22852,2031
3841,2026-07-19,Nseraf,t6,720575940566314484,45601,22890,1974
3842,2026-07-19,KrzysztofKruk,RBC,720575940552371834,34481,22977,2040
3843,2026-07-19,Nseraf,GluMI,720575940570114756,38550,23314,2026
3844,2026-07-19,KrzysztofKruk,t8,720575940574651680,52515,22967,2042
3845,2026-07-19,Nseraf,t5o,720575940571533419,44376,23322,2028
3846,2026-07-19,KrzysztofKruk,t2,720575940542132600,44778,22927,2047
3847,2026-07-19,Nseraf,RBC,720575940561976912,31227,22887,1973
3848,2026-07-19,KrzysztofKruk,t6,720575940551080507,44545,22956,2017
3849,2026-07-19,KrzysztofKruk,t6,720575940559372760,51896,22981,1964
3850,2026-07-19,Nseraf,t5i,720575940557346202,41243,22855,1987
3851,2026-07-19,Nseraf,t5i,720575940561639601,54471,22842,1997
3852,2026-07-19,Nseraf,XBC,720575940569375410,36858,23327,2005
3853,2026-07-19,Nseraf,t1,720575940566599278,35810,22848,2020
3854,2026-07-19,Nseraf,t6,720575940569375922,36873,23300,2047
3855,2026-07-19,Nseraf,RBC,720575940578087327,29073,22841,2038
3856,2026-07-19,Nseraf,t5o,720575940558477455,35165,22892,1989
3857,2026-07-19,Nseraf,RBC,720575940576047355,29901,22834,2040
3858,2026-07-19,Nseraf,t4,720575940581172593,32218,22850,2048
3859,2026-07-19,Nseraf,RBC,720575940556563242,32235,22864,2039
3860,2026-07-19,Nseraf,RBC,720575940559438885,39702,22867,2013
3861,2026-07-19,Nseraf,t2,720575940560866907,51149,23310,2053
3862,2026-07-19,Nseraf,RBC,720575940579527378,31166,22831,2059
3863,2026-07-19,Nseraf,RBC,720575940555349272,36827,23309,1973
3864,2026-07-19,Nseraf,RBC,720575940574651168,30835,23316,2020
3865,2026-07-19,Nseraf,GluMI,720575940575116280,38602,22866,2052
3866,2026-07-19,Nseraf,t5o,720575940564939727,45315,23298,1975
3867,2026-07-19,Nseraf,t6,720575940561202154,34436,22872,2051
3868,2026-07-19,KrzysztofKruk,t1,720575940577391485,31168,22929,2024
3869,2026-07-19,KrzysztofKruk,t3b,720575940562431244,45062,22943,2020
3870,2026-07-19,Nseraf,t3a,720575940558476943,45296,23320,2002
3871,2026-07-19,KrzysztofKruk,t3b,720575940562501540,51494,22928,2031
3872,2026-07-20,KrzysztofKruk,t6,720575940553953929,33154,22768,2009
3873,2026-07-20,Nseraf,t2,720575940575768393,54546,22827,2054
3874,2026-07-20,KrzysztofKruk,t5o,720575940578306108,51891,22900,2011
3875,2026-07-20,Nseraf,11,720575940567221609,47863,22584,2052
3876,2026-07-20,KrzysztofKruk,t5t,720575940562629195,56495,22899,2062
3877,2026-07-20,KrzysztofKruk,t6,720575940553061704,52522,22903,1993
3878,2026-07-20,KrzysztofKruk,t5t,720575940569227249,47634,22771,2022
3879,2026-07-20,KrzysztofKruk,t1,720575940569351690,34430,22763,2018
3880,2026-07-20,Nseraf,t4,720575940589825940,35778,22822,2011
3881,2026-07-20,KrzysztofKruk,RBC,720575940576054779,55362,22765,1999
3882,2026-07-20,KrzysztofKruk,t5t,720575940589825684,52063,22899,2024
3883,2026-07-20,Nseraf,t5i,720575940569689455,56025,22814,1997
3884,2026-07-20,KrzysztofKruk,t7,720575940554257815,31736,22763,1989
3885,2026-07-20,Nseraf,t7,720575940570013368,47903,22829,2005
3886,2026-07-20,KrzysztofKruk,t3a,720575940578306364,41339,22899,2002
3887,2026-07-20,KrzysztofKruk,RBC,720575940559130794,31739,22767,2054
3888,2026-07-20,Nseraf,t2,720575940581429625,38749,22829,2001
3889,2026-07-20,KrzysztofKruk,t7,720575940574334141,36290,22899,1946
3890,2026-07-20,KrzysztofKruk,t8,720575940569351434,45595,22899,2029
3891,2026-07-20,KrzysztofKruk,t5t,720575940563236876,48405,22768,2044
3892,2026-07-20,KrzysztofKruk,t4,720575940581185137,52118,22762,1994
3893,2026-07-20,KrzysztofKruk,RBC,720575940572976020,28456,22766,1997
3894,2026-07-21,KrzysztofKruk,t5o,720575940566381157,33930,22725,2030
3895,2026-07-21,Nseraf,t3b,720575940569700719,31688,22805,1999
3896,2026-07-21,August,t5t,720575940567092591,30258,23073,2023
3897,2026-07-21,Nseraf,RBC,720575940561152913,48123,22806,2021
3898,2026-07-21,KrzysztofKruk,RBC,720575940569363466,53752,22715,2001
3899,2026-07-21,KrzysztofKruk,RBC,720575940573070740,28153,22746,2009
3900,2026-07-21,Nseraf,t5t,720575940547365205,45524,22784,2021
3901,2026-07-21,KrzysztofKruk,t3b,720575940559102378,28994,22742,1972
3902,2026-07-21,August,t5i,720575940567842734,43510,23078,2038
3903,2026-07-21,August,t1,720575940574174141,37768,23081,2015
3904,2026-07-21,August,t1,720575940562637387,56604,23078,2047
3905,2026-07-21,KrzysztofKruk,t6,720575940569488790,37813,22744,2022
3906,2026-07-21,Nseraf,t7,720575940556252124,39914,22789,1980
3907,2026-07-21,Nseraf,t5o,720575940571576585,32220,22781,1998
3908,2026-07-21,KrzysztofKruk,RBC,720575940549446278,50982,22726,2020
3909,2026-07-21,KrzysztofKruk,RBC,720575940584216342,56777,22750,2002
3910,2026-07-21,KrzysztofKruk,RBC,720575940580935190,52176,22723,2022
3911,2026-07-21,Nseraf,t6,720575940569382322,51335,22784,2037
3912,2026-07-21,Annkri,GluMI,720575940569493654,39134,23869,2035
3913,2026-07-21,KrzysztofKruk,t1,720575940556259292,40792,22758,2044
3914,2026-07-21,Nseraf,RBC,720575940564734192,35802,22804,2018
3915,2026-07-21,Nseraf,t2,720575940565960861,31241,22781,1942
3916,2026-07-21,KrzysztofKruk,RBC,720575940553859672,28558,22727,2017
3917,2026-07-21,Nseraf,t3a,720575940562704522,33129,22787,2032
3918,2026-07-21,KrzysztofKruk,t5t,720575940555171584,44269,22722,2001
3919,2026-07-21,KrzysztofKruk,t1,720575940584183574,55166,22718,2029
3920,2026-07-21,August,RBC,720575940553230410,31606,23080,2026
3921,2026-07-21,KrzysztofKruk,t5i,720575940553085768,31741,22713,2027
3922,2026-07-21,Nseraf,t3a,720575940547342421,49865,22796,2052
3923,2026-07-21,KrzysztofKruk,RBC,720575940559496170,33515,22756,2027
3924,2026-07-21,KrzysztofKruk,t6,720575940569363210,53711,22726,2006
3925,2026-07-21,KrzysztofKruk,?,720575940547361877,28185,22745,2020
3926,2026-07-21,August,t6,720575940559113898,29254,23082,2037
3927,2026-07-21,KrzysztofKruk,t6,720575940547364693,39288,22729,2013
3928,2026-07-21,Nseraf,t1,720575940557540474,35115,22812,1994
3929,2026-07-21,Nseraf,t5i,720575940566164815,54360,22796,2049
3930,2026-07-21,KrzysztofKruk,t3a,720575940565746072,41180,22722,1935
3931,2026-07-21,Nseraf,RBC,720575940564732144,34471,22810,1975
3932,2026-07-21,Nseraf,RBC,720575940557543290,56406,22804,2030
3933,2026-07-21,Nseraf,t5i,720575940569471894,57527,22788,1987
3934,2026-07-21,KrzysztofKruk,t7,720575940553304920,28216,22706,2050
3935,2026-07-21,KrzysztofKruk,t4,720575940577925806,28264,22726,2009
3936,2026-07-21,KrzysztofKruk,t5i,720575940562713482,50561,22738,2003
3937,2026-07-21,KrzysztofKruk,t5i,720575940565960349,46748,22708,2013
3938,2026-07-21,KrzysztofKruk,t3a,720575940569492630,47784,22729,2056
3939,2026-07-21,KrzysztofKruk,t5i,720575940561230826,53235,22755,2052
3940,2026-07-21,Nseraf,RBC,720575940559055458,56185,22784,1972
3941,2026-07-21,KrzysztofKruk,RBC,720575940571575049,52464,22733,2031
3942,2026-07-21,KrzysztofKruk,RBC,720575940578319420,54392,22718,2026
3943,2026-07-21,KrzysztofKruk,t4,720575940573270420,28455,22721,1998
3944,2026-07-21,KrzysztofKruk,t4,720575940556516584,47394,22724,2030
3945,2026-07-21,Nseraf,t3b,720575940570023352,47789,22797,2011
3946,2026-07-21,Nseraf,t5o,720575940551985191,56904,22802,1983
3947,2026-07-21,KrzysztofKruk,t3b,720575940561206436,50469,22709,2029
3948,2026-07-21,KrzysztofKruk,t2,720575940566381413,45662,22712,1894
3949,2026-07-21,Nseraf,t5i,720575940561225194,49903,22810,2000
3950,2026-07-22,KrzysztofKruk,t1,720575940553220682,29474,22546,2031
3951,2026-07-22,KrzysztofKruk,t5t,720575940562724833,41732,22543,2049
3952,2026-07-22,Nseraf,RBC,720575940564811483,51365,22647,2020
3953,2026-07-22,KrzysztofKruk,RBC,720575940562634827,56550,22552,1986
3954,2026-07-22,August,t5o,720575940561620705,40838,23073,2058
3955,2026-07-22,KrzysztofKruk,t6,720575940555733266,50540,22692,2013
3956,2026-07-22,KrzysztofKruk,t4,720575940579602387,41785,22705,2005
3957,2026-07-22,Nseraf,t3b,720575940583020414,53887,22646,2020
3958,2026-07-22,Nseraf,t5i,720575940586464790,44970,22660,1982
3959,2026-07-22,Nseraf,RBC,720575940560992901,28232,22676,1998
3960,2026-07-22,August,t7,720575940563524939,49996,22442,2028
3961,2026-07-22,KrzysztofKruk,t4,720575940579536082,39261,22557,1957
3962,2026-07-22,KrzysztofKruk,XBC,720575940542139256,55734,22531,1991
3963,2026-07-22,August,t6,720575940562736140,43564,23064,2042
3964,2026-07-22,August,t5i,720575940563247884,47937,23064,2029
3965,2026-07-22,KrzysztofKruk,t3a,720575940562501284,51616,22545,2013
3966,2026-07-22,Nseraf,XBC,720575940563341982,33410,22652,1964
3967,2026-07-22,Nseraf,RBC,720575940553313919,51943,22670,2013
3968,2026-07-22,Nseraf,t7,720575940561914915,33905,22653,2015
3969,2026-07-22,August,RBC,720575940568228876,40006,22445,1685
3970,2026-07-22,Nseraf,t7,720575940575788873,31195,22774,2028
3971,2026-07-22,KrzysztofKruk,RBC,720575940552373114,35558,22563,2054
3972,2026-07-22,KrzysztofKruk,GluMI,720575940575935280,34287,22679,2063
3973,2026-07-22,KrzysztofKruk,t6,720575940575935536,35531,22542,2018
3974,2026-07-22,KrzysztofKruk,t5i,720575940564810715,38057,22677,2027
3975,2026-07-22,Nseraf,RBC,720575940576062971,55304,22676,2017
3976,2026-07-22,Nseraf,t6,720575940569707119,38671,22771,2057
3977,2026-07-22,August,t7,720575940574656288,38149,23072,2033
3978,2026-07-22,KrzysztofKruk,t6,720575940564810971,32240,22541,2013
3979,2026-07-22,KrzysztofKruk,t7,720575940566857904,45965,22703,1963
3980,2026-07-22,KrzysztofKruk,RBC,720575940561004421,55562,22532,2007
3981,2026-07-22,Nseraf,t2,720575940570167412,50462,23397,2064
3982,2026-07-22,August,t1,720575940580908822,50560,23567,2025
3983,2026-07-22,August,RBC,720575940551806842,40807,23063,1993
3984,2026-07-22,August,t3b,720575940562630475,56254,22449,2054
3985,2026-07-22,August,t5i,720575940560879524,56872,22454,2012
3986,2026-07-22,Nseraf,t6,720575940569495958,48411,22674,1992
3987,2026-07-22,KrzysztofKruk,t3b,720575940558738446,39211,22562,2022
3988,2026-07-22,KrzysztofKruk,RBC,720575940569497595,44963,22705,2062
3989,2026-07-22,Nseraf,RBC,720575940569497494,33424,22673,2029
3990,2026-07-22,Nseraf,t5t,720575940583871806,39278,22640,1953
3991,2026-07-22,KrzysztofKruk,RBC,720575940561002373,28982,22698,2025
3992,2026-07-22,KrzysztofKruk,RBC,720575940566859184,41127,22693,1973
3993,2026-07-22,Nseraf,RBC,720575940553313663,40627,22671,2012
3994,2026-07-22,KrzysztofKruk,t5t,720575940575125752,52160,22681,2028
3995,2026-07-22,KrzysztofKruk,XBC,720575940586463254,45139,22697,2009
3996,2026-07-22,Nseraf,t7,720575940564875936,53048,22652,2010
3997,2026-07-22,August,t3a,720575940579536594,41732,22455,2035
3998,2026-07-22,Nseraf,?,720575940577926062,57906,22780,2040
3999,2026-07-22,KrzysztofKruk,t2,720575940564984527,28266,22679,2027
4000,2026-07-22,Nseraf,RBC,720575940557868082,51405,22646,1946
4001,2026-07-22,Nseraf,RBC,720575940569495702,39230,22674,2006
4002,2026-07-22,KrzysztofKruk,RBC,720575940571005809,49266,22558,2042
4003,2026-07-22,KrzysztofKruk,t6,720575940575359128,32276,22558,2042
4004,2026-07-22,August,t6,720575940569358587,48500,23063,2028
4005,2026-07-22,Nseraf,t7,720575940547366485,58095,22669,2013
4006,2026-07-22,Nseraf,t3b,720575940548911801,41254,22771,1979
4007,2026-07-22,KrzysztofKruk,t3b,720575940562741772,43718,22701,2042
4008,2026-07-22,Nseraf,RBC,720575940586464534,35016,22665,2053
4009,2026-07-22,KrzysztofKruk,RBC,720575940571668925,35495,22573,2035
4010,2026-07-22,KrzysztofKruk,RBC,720575940570166644,33903,22697,2019
4011,2026-07-22,KrzysztofKruk,t3a,720575940558737678,34980,22685,2009
4012,2026-07-22,KrzysztofKruk,t5t,720575940583018878,32198,22565,2024
4013,2026-07-22,KrzysztofKruk,t4,720575940583018622,44889,22687,1914
4014,2026-07-23,KrzysztofKruk,t6,720575940569386235,46581,22505,2039
4015,2026-07-23,KrzysztofKruk,t3b,720575940559119530,32209,22521,2039
4016,2026-07-23,Nseraf,RBC,720575940564991183,35000,22636,2056
4017,2026-07-23,KrzysztofKruk,RBC,720575940580907798,52749,22510,2040
4018,2026-07-23,KrzysztofKruk,RBC,720575940563271180,47921,22526,2063
4019,2026-07-23,Nseraf,t3b,720575940572119089,39856,22629,2042
4020,2026-07-23,KrzysztofKruk,t3b,720575940551935318,50783,22518,2053
4021,2026-07-23,KrzysztofKruk,t6,720575940556696346,52482,22514,2048
4022,2026-07-23,KrzysztofKruk,RBC,720575940552372602,35521,22491,2019
4023,2026-07-23,Nseraf,t6,720575940565588471,55921,22634,2057
4024,2026-07-23,KrzysztofKruk,?,720575940572771092,57600,22517,2054
4025,2026-07-23,Nseraf,t6,720575940555751698,40697,22634,2061
4026,2026-07-23,Nseraf,t5i,720575940564876448,34640,22639,2021
4027,2026-07-23,Nseraf,?,720575940552013225,57030,22628,2057
4028,2026-07-23,KrzysztofKruk,RBC,720575940578339644,36083,22497,1975
4029,2026-07-23,KrzysztofKruk,t4,720575940560288051,56439,22519,2058
4030,2026-07-23,KrzysztofKruk,t4,720575940579712713,56745,22507,2057
4031,2026-07-23,Nseraf,t7,720575940549467270,37415,22632,2037
4032,2026-07-23,Nseraf,t5t,720575940570021919,32786,22633,2004
4033,2026-07-23,Nseraf,?,720575940548918403,56805,22635,2045
4034,2026-07-23,Nseraf,t3b,720575940557873186,46074,22633,2054
4035,2026-07-23,August,RBC,720575940579091053,41256,22440,2012
4036,2026-07-23,KrzysztofKruk,RBC,720575940565107949,36537,22505,2019
4037,2026-07-23,KrzysztofKruk,t7,720575940574380441,41766,22523,2053
4038,2026-07-23,Nseraf,t1,720575940586507286,43711,22638,2017
4039,2026-07-23,KrzysztofKruk,RBC,720575940563467020,46666,22516,2047
4040,2026-07-23,Nseraf,RBC,720575940564885152,31183,22636,2046
4041,2026-07-23,KrzysztofKruk,t5o,720575940559873373,39188,22514,2055
4042,2026-07-23,KrzysztofKruk,t5o,720575940574845381,36886,22491,2017
4043,2026-07-23,KrzysztofKruk,RBC,720575940552255354,39727,22492,2022
4044,2026-07-23,KrzysztofKruk,t7,720575940568300462,44712,22525,2001
4045,2026-07-23,KrzysztofKruk,t5o,720575940586516502,50346,22501,2015
4046,2026-07-23,Nseraf,t3b,720575940577976005,34958,22633,2037
4047,2026-07-23,KrzysztofKruk,t3a,720575940557556602,55876,22528,2016
4048,2026-07-24,KrzysztofKruk,t3b,720575940555772178,50083,22354,2043
4049,2026-07-24,KrzysztofKruk,t2,720575940579650002,42547,22330,2036
4050,2026-07-24,KrzysztofKruk,t3b,720575940578353980,50201,22352,2009
4051,2026-07-24,KrzysztofKruk,t6,720575940565722776,41078,22319,1956
4052,2026-07-24,KrzysztofKruk,RBC,720575940559103146,29378,22303,2035
4053,2026-07-24,KrzysztofKruk,t5i,720575940554024661,35096,22480,1961
4054,2026-07-24,KrzysztofKruk,t6,720575940570024479,28926,22351,1961
4055,2026-07-24,KrzysztofKruk,t6,720575940563545854,36883,22465,2012
4056,2026-07-24,KrzysztofKruk,RBC,720575940564862611,45456,22325,2023
4057,2026-07-24,KrzysztofKruk,t3a,720575940561539536,36695,22310,2029
4058,2026-07-24,Annkri,11,720575940571717489,49133,23869,2029
4059,2026-07-24,KrzysztofKruk,RBC,720575940560878500,57109,22285,2058
4060,2026-07-24,KrzysztofKruk,t5i,720575940586581526,36679,22342,2029
4061,2026-07-24,Annkri,?,720575940551945046,30048,23869,1420
4062,2026-07-24,KrzysztofKruk,t5o,720575940586579478,49629,22488,2019
4063,2026-07-24,KrzysztofKruk,RBC,720575940569385979,46076,22343,1988
4064,2026-07-24,KrzysztofKruk,t7,720575940563498764,47791,22336,1977
4065,2026-07-24,KrzysztofKruk,RBC,720575940577871171,41707,22470,2004
4066,2026-07-24,KrzysztofKruk,XBC,720575940586581014,52625,22342,2055
4067,2026-07-24,KrzysztofKruk,t3a,720575940584195094,55497,22482,2018
4068,2026-07-24,KrzysztofKruk,RBC,720575940580057752,30294,22350,1976
4069,2026-07-24,KrzysztofKruk,t5t,720575940579718345,55819,22470,2008
4070,2026-07-24,KrzysztofKruk,t5i,720575940559759018,29907,22479,2001
4071,2026-07-24,KrzysztofKruk,t2,720575940583121022,40190,22275,2055
4072,2026-07-24,KrzysztofKruk,RBC,720575940562637899,53942,22481,2018
4073,2026-07-24,KrzysztofKruk,t2,720575940553057402,33895,22303,2024
4074,2026-07-24,KrzysztofKruk,RBC,720575940556984207,57685,22348,2009
4075,2026-07-24,KrzysztofKruk,t2,720575940576219645,32892,22301,2035
4076,2026-07-24,KrzysztofKruk,t7,720575940548343508,56805,22457,2009
4077,2026-07-24,KrzysztofKruk,t3b,720575940548934275,48583,22487,2003
4078,2026-07-24,Annkri,t6,720575940573658008,33279,23863,2021
4079,2026-07-24,KrzysztofKruk,t2,720575940559102634,29419,22337,1958
4080,2026-07-24,KrzysztofKruk,t5o,720575940551089211,43072,22353,2026
4081,2026-07-24,KrzysztofKruk,4,720575940561539024,30280,22487,2028
4082,2026-07-24,KrzysztofKruk,t5i,720575940586580758,48160,22475,2046
4083,2026-07-24,KrzysztofKruk,t3a,720575940551944790,29927,22487,2026
4084,2026-07-24,KrzysztofKruk,?,720575940574400409,50216,22816,2062
4085,2026-07-24,KrzysztofKruk,t3a,720575940552716256,32886,22332,2059
4086,2026-07-24,Annkri,GluMI,720575940565004495,30303,23867,2058
4087,2026-07-24,KrzysztofKruk,t5o,720575940574697028,48775,22352,2022
4088,2026-07-24,KrzysztofKruk,t6,720575940584207894,56014,22292,2005
4089,2026-07-24,KrzysztofKruk,RBC,720575940553225034,32402,22349,2028
4090,2026-07-24,KrzysztofKruk,t2,720575940575980336,41131,22328,2057
4091,2026-07-24,KrzysztofKruk,?,720575940584253974,56277,22469,2045
4092,2026-07-24,KrzysztofKruk,RBC,720575940570249141,53986,22339,2013
4093,2026-07-24,KrzysztofKruk,RBC,720575940556367453,32919,22329,2019
4094,2026-07-24,KrzysztofKruk,GluMI,720575940569230587,48014,21310,2055
4095,2026-07-24,KrzysztofKruk,RBC,720575940563040573,49471,22300,2013
4096,2026-07-25,KrzysztofKruk,t6,720575940553177978,33366,22246,2032
4097,2026-07-25,Nseraf,RBC,720575940548935811,40314,22615,2008
4098,2026-07-25,Nseraf,?,720575940557892658,37392,22580,1984
4099,2026-07-25,Annkri,t7,720575940580907286,50429,23862,2008
4100,2026-07-25,Nseraf,RBC,720575940569859150,48741,22602,2025
4101,2026-07-25,Nseraf,t7,720575940548935555,51415,22617,2012
4102,2026-07-25,Nseraf,t5t,720575940562607435,55049,22625,2033
4103,2026-07-25,KrzysztofKruk,RBC,720575940553776984,28871,22264,2020
4104,2026-07-25,Nseraf,t2,720575940557891890,51087,22623,2055
4105,2026-07-25,Annkri,t2,720575940555425098,44157,23844,2041
4106,2026-07-25,Nseraf,t3b,720575940565005263,51616,22575,1998
4107,2026-07-25,Nseraf,GluMI,720575940563354014,53816,23030,1972
4108,2026-07-25,Nseraf,t7,720575940564903072,32783,22603,2017
4109,2026-07-25,KrzysztofKruk,RBC,720575940562060958,35944,22248,1444
4110,2026-07-25,Annkri,t3b,720575940583121278,43395,23845,2024
4111,2026-07-25,Annkri,RBC,720575940563454283,50516,23859,2047
4112,2026-07-25,Nseraf,t8,720575940570172612,29557,22593,2035
4113,2026-07-25,KrzysztofKruk,?,720575940555772690,32886,22259,2016
4114,2026-07-25,Nseraf,t3b,720575940560186278,49105,22579,2032
4115,2026-07-25,Nseraf,t8,720575940586583062,32256,22601,2045
4116,2026-07-25,Annkri,XBC,720575940575980592,40983,23843,2035
4117,2026-07-25,Nseraf,t4,720575940554022101,39201,22627,1993
4118,2026-07-25,Nseraf,t3b,720575940564912703,33986,22607,2018
4119,2026-07-25,KrzysztofKruk,t5t,720575940548935299,33551,22253,2018
4120,2026-07-25,KrzysztofKruk,t3b,720575940562393100,45335,22256,2029
4121,2026-07-25,KrzysztofKruk,RBC,720575940571138749,37172,22264,2014
4122,2026-07-25,KrzysztofKruk,t5t,720575940554198138,37651,22243,2003
4123,2026-07-25,KrzysztofKruk,t1,720575940552376186,33485,22254,2021
4124,2026-07-25,Nseraf,t3b,720575940555773202,58094,22609,2007
4125,2026-07-25,Annkri,RBC,720575940571041393,49458,23836,2024
4126,2026-07-25,Nseraf,t5o,720575940557892146,32746,22621,2018
4127,2026-07-25,Nseraf,t5t,720575940561033093,34006,22621,2013
4128,2026-07-25,Annkri,t2,720575940580951062,54055,23855,2014
4129,2026-07-25,Annkri,4,720575940565956248,44736,23832,2018
4130,2026-07-25,KrzysztofKruk,RBC,720575940559455525,37686,22238,2052
4131,2026-07-25,KrzysztofKruk,RBC,720575940575063440,43259,22237,2025
4132,2026-07-25,KrzysztofKruk,RBC,720575940567899822,41969,22258,1997
4133,2026-07-25,Nseraf,RBC,720575940563354270,43717,22602,2034
4134,2026-07-25,Nseraf,RBC,720575940575242198,44991,22614,2026
4135,2026-07-25,KrzysztofKruk,RBC,720575940562292627,43897,22258,1967
4136,2026-07-25,Annkri,t2,720575940573347013,34704,23859,1993
4137,2026-07-25,Nseraf,t5o,720575940551945814,29535,22577,1976
4138,2026-07-25,KrzysztofKruk,t5o,720575940573359172,39601,22255,2059
4139,2026-07-25,Nseraf,t1,720575940586583318,30591,22597,2044
4140,2026-07-25,KrzysztofKruk,RBC,720575940572909765,40870,22239,2015
4141,2026-07-25,Nseraf,t5i,720575940559082594,38651,22617,2038
4142,2026-07-25,Nseraf,?,720575940574401689,49365,22784,2049
4143,2026-07-25,KrzysztofKruk,t3a,720575940570866294,56455,22248,2056
4144,2026-07-25,KrzysztofKruk,RBC,720575940575151352,38812,22261,2032
4145,2026-07-25,Nseraf,t3b,720575940557892402,38635,22587,1987
4146,2026-07-26,KrzysztofKruk,RBC,720575940553071994,34684,22199,1995
4147,2026-07-26,Annkri,RBC,720575940556282973,32864,23804,2006
4148,2026-07-26,Annkri,t2,720575940564946286,29038,23780,2040
4149,2026-07-26,Annkri,RBC,720575940553203018,29785,23795,1977
4150,2026-07-26,Nseraf,t3a,720575940567873132,39787,22116,2059
4151,2026-07-26,KrzysztofKruk,RBC,720575940562279059,43006,22199,2009
4152,2026-07-26,Nseraf,t5i,720575940574401945,51657,22130,2033
4153,2026-07-26,KrzysztofKruk,t2,720575940583919166,31633,22177,2028
4154,2026-07-26,Nseraf,t6,720575940566616430,53135,22062,2024
4155,2026-07-26,Nseraf,?,720575940559150936,30513,22085,2016
4156,2026-07-26,Nseraf,t4,720575940582967816,45389,22111,1973
4157,2026-07-26,Nseraf,?,720575940551946326,46091,22119,2038
4158,2026-07-26,Annkri,t3a,720575940564913983,42870,23781,2006
4159,2026-07-26,Annkri,t1,720575940551946838,29500,23786,2010
4160,2026-07-26,Nseraf,t6,720575940558841102,50895,22113,2011
4161,2026-07-26,Nseraf,t6,720575940558840846,57022,22134,1961
4162,2026-07-26,KrzysztofKruk,RBC,720575940580906774,52410,22179,2041
4163,2026-07-26,Nseraf,RBC,720575940547421269,49956,22072,1968
4164,2026-07-26,KrzysztofKruk,GluMI,720575940552719072,35367,22188,2031
4165,2026-07-26,KrzysztofKruk,t5i,720575940552719328,35339,22175,2039
4166,2026-07-26,Annkri,RBC,720575940562735372,43340,23795,2001
4167,2026-07-26,KrzysztofKruk,XBC,720575940562854891,29736,22201,2033
4168,2026-07-26,Annkri,t2,720575940574629391,29729,23771,1959
4169,2026-07-26,KrzysztofKruk,RBC,720575940558841870,33575,22232,1980
4170,2026-07-26,KrzysztofKruk,t6,720575940574451133,37779,22213,1974
4171,2026-07-26,Nseraf,t3b,720575940548937859,53098,22118,2018
4172,2026-07-26,Annkri,RBC,720575940564334488,40954,23829,2014
4173,2026-07-26,Nseraf,RBC,720575940570173124,38214,22127,2048
4174,2026-07-26,Annkri,XBC,720575940583122814,42923,23810,2019
4175,2026-07-26,Annkri,t7,720575940566160254,49496,23783,2019
4176,2026-07-26,Annkri,RBC,720575940562619211,54089,23795,1990
4177,2026-07-26,Annkri,t6,720575940567083631,30423,23828,2028
4178,2026-07-26,Annkri,t5i,720575940574478781,39027,23801,2056
4179,2026-07-26,Annkri,RBC,720575940584243478,55061,23794,1988
4180,2026-07-26,Annkri,t3b,720575940553217866,30429,23821,2002
4181,2026-07-26,Nseraf,RBC,720575940552718048,46127,22131,1968
4182,2026-07-26,KrzysztofKruk,?,720575940557834924,58627,22694,2054
4183,2026-07-26,Annkri,t6,720575940562349281,41450,23810,1968
4184,2026-07-26,KrzysztofKruk,t4,720575940583124350,43341,22232,2032
4185,2026-07-26,KrzysztofKruk,t4,720575940554473229,56463,22200,2022
4186,2026-07-26,Nseraf,t7,720575940565108973,52070,22166,1948
4187,2026-07-26,Nseraf,?,720575940563546110,51875,21528,2057
4188,2026-07-26,Nseraf,t7,720575940566859428,58655,22038,1995
4189,2026-07-26,Annkri,t1,720575940570412816,41734,23796,2015
4190,2026-07-26,Nseraf,t3a,720575940563546622,57545,22030,1969
4191,2026-07-26,Nseraf,t3b,720575940552037797,55439,22047,2057
4192,2026-07-26,Nseraf,RBC,720575940558588255,35128,22026,2023
4193,2026-07-26,Nseraf,?,720575940565970653,50780,22104,2048
4194,2026-07-26,Annkri,GluMI,720575940555777298,55934,23771,2032
4195,2026-07-26,KrzysztofKruk,RBC,720575940582523603,57753,22213,1954
4196,2026-07-26,Nseraf,RBC,720575940548937091,49611,22121,2023
4197,2026-07-26,Nseraf,?,720575940565380198,53008,22029,2011
4198,2026-07-26,Annkri,RBC,720575940544881757,29077,23806,2032
4199,2026-07-26,Annkri,t1,720575940564410008,42777,23771,1976
4200,2026-07-26,KrzysztofKruk,t4,720575940552718304,50830,22232,2060
4201,2026-07-26,KrzysztofKruk,t4,720575940578356284,42482,22203,2038
4202,2026-07-26,KrzysztofKruk,t5i,720575940558842638,51224,22182,2055
4203,2026-07-26,Nseraf,t1,720575940554024917,38217,22092,1999
4204,2026-07-26,KrzysztofKruk,t3b,720575940563449931,51088,22220,2027
4205,2026-07-26,Nseraf,?,720575940564903328,58503,22143,2028
4206,2026-07-26,Nseraf,t1,720575940560788579,30946,22073,2027
4207,2026-07-26,KrzysztofKruk,t5t,720575940558842382,38072,22189,1984
4208,2026-07-26,Nseraf,t5i,720575940560274581,35654,22110,1323
4209,2026-07-26,Nseraf,RBC,720575940574797759,54996,22109,2041
4210,2026-07-26,Nseraf,RBC,720575940559151192,31644,22064,2046
4211,2026-07-26,Nseraf,RBC,720575940548937347,38719,22121,1965
4212,2026-07-26,KrzysztofKruk,RBC,720575940557893426,56474,22207,2053
4213,2026-07-26,KrzysztofKruk,t3b,720575940563239180,48160,22182,2022
4214,2026-07-26,Annkri,t5i,720575940563450187,51021,23794,1965
4215,2026-07-26,Nseraf,t6,720575940582968328,43839,22047,1992
4216,2026-07-26,Annkri,RBC,720575940563471116,46349,23819,2042
4217,2026-07-26,Nseraf,t5t,720575940571722463,50777,22052,1974
4218,2026-07-26,KrzysztofKruk,t6,720575940579653586,34718,22224,2024
4219,2026-07-26,KrzysztofKruk,RBC,720575940563509772,49125,22223,2037
4220,2026-07-26,Nseraf,t4,720575940577872195,54931,22086,2014
4221,2026-07-26,Annkri,t5i,720575940561035141,30461,23780,2056
4222,2026-07-26,Nseraf,?,720575940572460577,47114,22055,2052
4223,2026-07-26,KrzysztofKruk,t1,720575940586585622,34624,22235,2039
4224,2026-07-26,Nseraf,?,720575940560788835,57548,22049,2059
4225,2026-07-26,Nseraf,11,720575940551946582,46666,22025,1997
4226,2026-07-26,Nseraf,t5i,720575940552717792,58421,22136,2021
4227,2026-07-26,KrzysztofKruk,t2,720575940574189757,38204,22201,2037
4228,2026-07-26,Nseraf,t3a,720575940565597431,31692,22103,2006
4229,2026-07-26,Nseraf,RBC,720575940579719625,42455,22097,2018
4230,2026-07-26,Annkri,RBC,720575940553208138,31233,23805,2002
4231,2026-07-26,Annkri,t5i,720575940578875288,32908,23827,2005
4232,2026-07-26,Nseraf,t3b,720575940572777236,58233,22072,2017
4233,2026-07-26,KrzysztofKruk,RBC,720575940575539088,44055,22178,2025
4234,2026-07-26,Nseraf,t6,720575940555367192,38765,22063,1986
4235,2026-07-26,KrzysztofKruk,t2,720575940561478542,38764,22224,1997
4236,2026-07-26,Nseraf,RBC,720575940565109229,56619,22035,2008
4237,2026-07-26,KrzysztofKruk,t5i,720575940566913200,40604,22186,2014
4238,2026-07-26,Annkri,t7,720575940579885779,39069,23826,2051
4239,2026-07-26,Nseraf,t5i,720575940564549052,32652,22045,1999
4240,2026-07-26,Nseraf,RBC,720575940548937603,35876,22118,2003
4241,2026-07-26,Nseraf,t5t,720575940565201121,30963,22107,2028
4242,2026-07-26,Annkri,t7,720575940569666569,41025,23816,1994
4243,2026-07-26,Nseraf,RBC,720575940572898757,40742,22141,2026
4244,2026-07-26,KrzysztofKruk,RBC,720575940551802746,39642,22183,1990
4245,2026-07-26,Nseraf,t6,720575940568358406,30531,22087,2046
4246,2026-07-26,KrzysztofKruk,RBC,720575940569817083,47634,22235,2036
4247,2026-07-26,Nseraf,t7,720575940581753433,38241,22040,2005
4248,2026-07-26,KrzysztofKruk,t6,720575940574403481,49643,22213,2016
4249,2026-07-26,Nseraf,t4,720575940557884194,55274,22080,2058
4250,2026-07-26,Annkri,RBC,720575940575060368,41771,23801,2014
4251,2026-07-27,KrzysztofKruk,t4,720575940570433296,40660,22145,2037
4252,2026-07-27,Nseraf,t2,720575940561092682,42296,22007,2060
4253,2026-07-27,Nseraf,RBC,720575940562862827,50451,21990,2040
4254,2026-07-27,KrzysztofKruk,RBC,720575940569816827,45977,22168,2000
4255,2026-07-27,KrzysztofKruk,RBC,720575940578366780,36846,21848,2058
4256,2026-07-27,KrzysztofKruk,t6,720575940568297390,44444,21820,2011
4257,2026-07-27,Annkri,RBC,720575940572193213,37139,23758,2005
4258,2026-07-27,KrzysztofKruk,t3b,720575940561054853,58267,21853,2012
4259,2026-07-27,KrzysztofKruk,t3b,720575940570872950,30557,21808,2052
4260,2026-07-27,Annkri,11,720575940564917323,50041,23770,2060
4261,2026-07-27,KrzysztofKruk,RBC,720575940568297646,44491,21810,2023
4262,2026-07-27,KrzysztofKruk,t4,720575940564872667,49483,21863,2034
4263,2026-07-27,KrzysztofKruk,RBC,720575940579870163,40901,21863,2046
4264,2026-07-27,Nseraf,t5i,720575940561556176,30622,21983,2026
4265,2026-07-27,KrzysztofKruk,t3b,720575940562848268,44335,21822,2029
4266,2026-07-27,KrzysztofKruk,t5i,720575940548959875,34597,21850,1990
4267,2026-07-27,KrzysztofKruk,t3b,720575940562608971,55858,21836,2023
4268,2026-07-27,Nseraf,t5t,720575940570193604,47040,22003,2054
4269,2026-07-27,Nseraf,t6,720575940574434457,48668,22005,1968
4270,2026-07-27,Nseraf,RBC,720575940548958083,48347,21998,2042
4271,2026-07-27,Nseraf,4,720575940564870875,49303,22019,2016
4272,2026-07-27,KrzysztofKruk,t5i,720575940579724754,31185,21882,2044
4273,2026-07-27,Annkri,RBC,720575940569373435,47203,23731,2028
4274,2026-07-27,KrzysztofKruk,RBC,720575940553233994,31245,21886,2015
4275,2026-07-27,Annkri,t2,720575940573274309,37171,23767,1982
4276,2026-07-27,Nseraf,t3a,720575940575164152,47323,22002,2051
4277,2026-07-27,Nseraf,RBC,720575940579720914,57234,22007,1978
4278,2026-07-27,Annkri,XBC,720575940586630934,49058,23754,2034
4279,2026-07-27,Nseraf,t3b,720575940564918176,53929,21993,1980
4280,2026-07-27,Nseraf,t2,720575940548958339,35828,21990,2010
4281,2026-07-27,Nseraf,t3b,720575940561947939,28788,21977,2029
4282,2026-07-27,KrzysztofKruk,t3a,720575940553206090,31030,22170,2018
4283,2026-07-27,KrzysztofKruk,t1,720575940574461080,32689,21838,2048
4284,2026-07-27,KrzysztofKruk,t3a,720575940560202918,47954,21869,2054
4285,2026-07-27,Annkri,t3b,720575940584198934,54226,23730,2055
4286,2026-07-27,KrzysztofKruk,t8,720575940555805202,39019,21882,2021
4287,2026-07-27,KrzysztofKruk,t3b,720575940558897166,47479,22144,2024
4288,2026-07-27,KrzysztofKruk,t1,720575940558896654,45689,22172,2014
4289,2026-07-27,KrzysztofKruk,?,720575940559092834,51501,21827,2056
4290,2026-07-27,Nseraf,RBC,720575940560202662,58246,21980,2029
4291,2026-07-27,KrzysztofKruk,t5i,720575940566952112,48995,21896,2048
4292,2026-07-27,KrzysztofKruk,t7,720575940574779280,43396,21857,2056
4293,2026-07-27,KrzysztofKruk,t6,720575940583177086,54951,22173,2051
4294,2026-07-27,KrzysztofKruk,t5t,720575940573691284,30207,21853,2001
4295,2026-07-27,Nseraf,t3b,720575940586586134,32639,22024,1993
4296,2026-07-27,Nseraf,t3b,720575940575164664,50158,21977,1989
4297,2026-07-27,Nseraf,t5t,720575940561034629,43444,22022,2020
4298,2026-07-27,Nseraf,t6,720575940586662422,55412,22014,2053
4299,2026-07-27,KrzysztofKruk,RBC,720575940574183869,37260,21879,2019
4300,2026-07-27,Nseraf,RBC,720575940559092578,54100,21977,2053
4301,2026-07-27,Nseraf,t3b,720575940575163896,46641,22003,2031
4302,2026-07-27,August,t6,720575940557557114,35118,22438,1991
4303,2026-07-27,KrzysztofKruk,t3a,720575940570433808,43714,21858,2004
4304,2026-07-27,KrzysztofKruk,RBC,720575940556983695,57118,22154,1997
4305,2026-07-27,KrzysztofKruk,t5i,720575940564923711,43750,21833,1990
4306,2026-07-27,KrzysztofKruk,t5i,720575940563263244,47626,22174,1982
4307,2026-07-27,KrzysztofKruk,GluMI,720575940574436761,43749,21810,2059
4308,2026-07-27,KrzysztofKruk,RBC,720575940564918944,49959,21864,2002
4309,2026-07-27,KrzysztofKruk,t7,720575940564695934,49371,21848,1974
4310,2026-07-27,Annkri,RBC,720575940558694780,42835,23759,1989
4311,2026-07-27,Annkri,RBC,720575940569372667,46530,23723,2053
4312,2026-07-27,KrzysztofKruk,11,720575940555805714,46313,21838,2037
4313,2026-07-27,KrzysztofKruk,?,720575940560203174,49706,21850,2033
4314,2026-07-27,Nseraf,RBC,720575940567879532,30535,21990,2042
4315,2026-07-27,Annkri,t1,720575940569361147,48443,23718,2056
4316,2026-07-27,KrzysztofKruk,t2,720575940566951600,52797,21900,2061
4317,2026-07-27,KrzysztofKruk,t5o,720575940586666518,48674,22145,2003
4318,2026-07-27,Nseraf,t5o,720575940586663190,35131,21985,2020
4319,2026-07-27,KrzysztofKruk,t6,720575940572910021,40665,22157,2018
4320,2026-07-27,KrzysztofKruk,t2,720575940548959619,32576,21859,2056
4321,2026-07-27,Annkri,t6,720575940566023243,50501,23751,2048
4322,2026-07-27,KrzysztofKruk,t3a,720575940576012336,50750,21880,2061
4323,2026-07-27,KrzysztofKruk,?,720575940576012080,54905,21888,2025
4324,2026-07-27,KrzysztofKruk,t6,720575940574682656,50241,21814,2005
4325,2026-07-27,KrzysztofKruk,t3b,720575940564919200,44345,21830,2054
4326,2026-07-27,KrzysztofKruk,RBC,720575940553205834,29670,22155,2030
4327,2026-07-27,KrzysztofKruk,RBC,720575940574789264,43461,21852,2004
4328,2026-07-27,KrzysztofKruk,RBC,720575940569370107,46632,21853,1973
4329,2026-07-27,KrzysztofKruk,t6,720575940573178821,36900,21881,2011
4330,2026-07-27,KrzysztofKruk,t1,720575940551964246,37218,21865,2020
4331,2026-07-27,KrzysztofKruk,t7,720575940571043185,49187,21871,2030
4332,2026-07-27,KrzysztofKruk,t3b,720575940548960387,44857,21818,2030
4333,2026-07-27,Annkri,t3b,720575940565998155,52607,23741,1993
4334,2026-07-27,KrzysztofKruk,t3b,720575940552767200,50013,22158,1995
4335,2026-07-27,KrzysztofKruk,t4,720575940552767712,43529,21890,2046
4336,2026-07-28,Nseraf,t3a,720575940559885917,49121,21923,2050
4337,2026-07-28,KrzysztofKruk,RBC,720575940569964726,30237,21769,1944
4338,2026-07-28,KrzysztofKruk,t3a,720575940563260172,48211,21800,2027
4339,2026-07-28,Nseraf,RBC,720575940552806368,49061,21941,2011
4340,2026-07-28,KrzysztofKruk,t5t,720575940565613047,58629,21766,2020
4341,2026-07-28,KrzysztofKruk,t5o,720575940567054995,37832,21791,1985
4342,2026-07-28,Nseraf,t4,720575940570142802,46933,21900,2045
4343,2026-07-28,Nseraf,?,720575940551972950,48365,20446,2064
4344,2026-07-28,KrzysztofKruk,t6,720575940568710907,43234,21780,1988
4345,2026-07-28,KrzysztofKruk,RBC,720575940553458113,47712,21771,2017
4346,2026-07-28,KrzysztofKruk,t5t,720575940565612535,42157,21767,2030
4347,2026-07-28,KrzysztofKruk,11,720575940555836946,47757,21691,2059
4348,2026-07-28,KrzysztofKruk,t3b,720575940569588118,48047,21771,2043
4349,2026-07-28,Nseraf,t2,720575940565213153,45299,21966,2016
4350,2026-07-28,Nseraf,t3a,720575940579733449,42330,21907,2018
4351,2026-07-28,KrzysztofKruk,RBC,720575940553072506,35156,21793,2024
4352,2026-07-28,Nseraf,t6,720575940564896219,32581,21958,2035
4353,2026-07-28,Nseraf,t6,720575940578940932,53913,21936,2019
4354,2026-07-28,KrzysztofKruk,RBC,720575940563504396,47980,21771,2047
4355,2026-07-28,Nseraf,t3a,720575940552041381,39053,21902,2009
4356,2026-07-28,KrzysztofKruk,t2,720575940577983685,34657,21796,1959
4357,2026-07-28,KrzysztofKruk,t5o,720575940573123216,44246,21781,2028
4358,2026-07-28,Nseraf,RBC,720575940555833874,53372,21957,2060
4359,2026-07-28,KrzysztofKruk,t1,720575940564935840,39558,21772,2059
4360,2026-07-28,Nseraf,t3a,720575940586723094,45084,21902,2032
4361,2026-07-28,Nseraf,GluMI,720575940577945262,28825,21924,2030
4362,2026-07-28,Nseraf,t3b,720575940586723862,36788,21899,2020
4363,2026-07-28,KrzysztofKruk,RBC,720575940568085872,58319,21767,2002
4364,2026-07-28,KrzysztofKruk,t1,720575940579733193,47361,22384,2063
4365,2026-07-28,Nseraf,t5i,720575940559102306,38511,21914,1746
4366,2026-07-28,Nseraf,GluMI,720575940557638196,44937,21968,2053
4367,2026-07-28,Nseraf,?,720575940549493704,32480,21658,2006
4368,2026-07-28,Nseraf,t4,720575940574870333,54010,21929,1992
4369,2026-07-28,KrzysztofKruk,RBC,720575940559759530,29229,21779,2026
4370,2026-07-28,Nseraf,RBC,720575940583230590,44785,21919,2031
4371,2026-07-28,Nseraf,t1,720575940565612279,28762,21932,2053
4372,2026-07-28,Nseraf,RBC,720575940555836434,44446,21915,2025
4373,2026-07-28,KrzysztofKruk,t3b,720575940554156270,58211,21788,2021
4374,2026-07-28,Nseraf,?,720575940572781588,58009,21841,2064
4375,2026-07-28,Nseraf,t6,720575940542191224,41645,21955,2041
4376,2026-07-28,KrzysztofKruk,t3b,720575940563470092,45381,21781,2025
4377,2026-07-28,Nseraf,t3b,720575940577886019,43703,21933,2046
4378,2026-07-28,Nseraf,RBC,720575940583231614,49341,21897,2051
4379,2026-07-28,Nseraf,XBC,720575940571938228,49413,21905,2018
4380,2026-07-28,KrzysztofKruk,t2,720575940561073541,36784,21778,2027
4381,2026-07-28,KrzysztofKruk,t7,720575940572463905,39614,21787,2020
4382,2026-07-28,Nseraf,t6,720575940583231102,34031,21909,2032
4383,2026-07-28,Nseraf,t5o,720575940565612791,47965,21913,2015
4384,2026-07-28,Nseraf,t2,720575940569867342,54993,21972,2047
4385,2026-07-28,KrzysztofKruk,RBC,720575940573249787,44218,21775,2028
4386,2026-07-28,KrzysztofKruk,t7,720575940574458521,56054,21798,2037
4387,2026-07-28,Nseraf,t5t,720575940571729631,54933,21910,1970
4388,2026-07-28,Nseraf,RBC,720575940576035120,41907,21941,2005
4389,2026-07-28,Nseraf,t3b,720575940578987308,49660,21933,1989
4390,2026-07-28,KrzysztofKruk,t7,720575940562181518,37728,21780,2016
4391,2026-07-28,KrzysztofKruk,RBC,720575940562780235,56021,21775,2038
4392,2026-07-28,Nseraf,RBC,720575940564897755,32643,21945,2014
4393,2026-07-28,Nseraf,t5t,720575940548959363,49799,21975,1990
4394,2026-07-28,Nseraf,t4,720575940579722450,28751,21972,2023
4395,2026-07-28,KrzysztofKruk,t5o,720575940573691540,29767,21766,2019
4396,2026-07-28,Nseraf,RBC,720575940579722706,52688,21970,1954
4397,2026-07-28,Nseraf,RBC,720575940583231358,58372,21897,1980
4398,2026-07-28,Nseraf,t1,720575940563556862,54137,21962,2032
4399,2026-07-28,KrzysztofKruk,t5o,720575940554908391,57764,21802,1988
4400,2026-07-28,Nseraf,RBC,720575940588438781,47892,21927,1962
4401,2026-07-28,Nseraf,RBC,720575940571729375,55183,21923,2031
4402,2026-07-28,Nseraf,t3a,720575940579781586,41948,21918,2012
4403,2026-07-28,Nseraf,?,720575940570454544,48308,21958,2025
4404,2026-07-28,Nseraf,RBC,720575940566983344,45219,21918,2000
4405,2026-07-29,Nseraf,GluMI,720575940586786838,56846,22054,2057
4406,2026-07-29,KrzysztofKruk,t3a,720575940562607179,54215,21728,2000
4407,2026-07-29,KrzysztofKruk,RBC,720575940562629451,57200,21741,2031
4408,2026-07-29,KrzysztofKruk,RBC,720575940562779979,54475,21750,2046
4409,2026-07-29,KrzysztofKruk,t4,720575940559158872,29192,21733,2003
4410,2026-07-29,KrzysztofKruk,t3a,720575940573176724,29747,21753,1969
4411,2026-07-29,KrzysztofKruk,t3b,720575940553217098,29798,21737,2022
4412,2026-07-29,KrzysztofKruk,t8,720575940560813411,51142,21728,2001
4413,2026-07-29,Nseraf,4,720575940574720580,34333,21632,2024
4414,2026-07-29,KrzysztofKruk,t5i,720575940567061395,57633,21738,2003
4415,2026-07-29,KrzysztofKruk,RBC,720575940561632225,41212,21732,2014
4416,2026-07-29,KrzysztofKruk,RBC,720575940574490265,29777,21760,2053
4417,2026-07-29,Nseraf,RBC,720575940549525894,49689,21590,2027
4418,2026-07-29,Nseraf,?,720575940565625335,50124,21610,2046
4419,2026-07-29,KrzysztofKruk,t5t,720575940553177466,34732,21740,2020
4420,2026-07-29,Nseraf,t4,720575940573420401,49475,21592,2012
4421,2026-07-29,Nseraf,RBC,720575940552147648,42706,21589,2000
4422,2026-07-29,Nseraf,t3a,720575940555873810,36562,21625,2023
4423,2026-07-29,Nseraf,?,720575940559113058,46130,21063,2064
4424,2026-07-29,Nseraf,t6,720575940559003918,35619,21608,2032
4425,2026-07-29,Nseraf,t5i,720575940552851936,41081,21603,1982
4426,2026-07-29,KrzysztofKruk,t4,720575940554036181,54431,21734,2056
4427,2026-07-29,KrzysztofKruk,t2,720575940577896771,37712,21746,2009
4428,2026-07-29,KrzysztofKruk,t5o,720575940575276246,30339,21756,1986
4429,2026-07-29,KrzysztofKruk,t3b,720575940554507533,47907,21754,1999
4430,2026-07-29,Nseraf,t6,720575940555874066,29036,21601,2045
4431,2026-07-29,KrzysztofKruk,t3b,720575940565044943,52337,21758,2006
4432,2026-07-29,KrzysztofKruk,RBC,720575940563516940,48922,21752,2056
4433,2026-07-29,Nseraf,t5i,720575940551111739,42356,21587,2040
4434,2026-07-29,KrzysztofKruk,RBC,720575940570345076,45169,21763,2017
4435,2026-07-29,KrzysztofKruk,RBC,720575940582842646,51439,21749,1962
4436,2026-07-29,Nseraf,t5i,720575940552851680,33411,21605,2015
4437,2026-07-29,KrzysztofKruk,t8,720575940572479521,54542,21728,2029
4438,2026-07-29,Nseraf,t6,720575940581237617,30872,21590,2018
4439,2026-07-29,Nseraf,GluMI,720575940570476304,32508,21597,1979
4440,2026-07-29,Nseraf,RBC,720575940570042399,36610,21627,2027
4441,2026-07-30,KrzysztofKruk,RBC,720575940553071738,34301,21690,1987
4442,2026-07-30,Nseraf,RBC,720575940559118946,38615,21521,2027
4443,2026-07-30,KrzysztofKruk,t8,720575940574511001,29187,21696,2028
4444,2026-07-30,KrzysztofKruk,XBC,720575940567071920,50428,21715,1992
4445,2026-07-30,Nseraf,t6,720575940567072944,31630,21510,2028
4446,2026-07-30,Nseraf,t3b,720575940576811453,47394,21536,2031
4447,2026-07-30,Nseraf,t6,720575940560238246,50321,21507,2026
4448,2026-07-30,Nseraf,t5i,720575940552911584,44762,21576,2027
4449,2026-07-30,KrzysztofKruk,RBC,720575940579943890,49183,21722,2058
4450,2026-07-30,Nseraf,RBC,720575940560238502,42231,21502,1995
4451,2026-07-30,Nseraf,t5o,720575940563400350,36141,21577,2027
4452,2026-07-30,Nseraf,t2,720575940571740895,40853,21577,2055
4453,2026-07-30,Nseraf,t6,720575940561595344,41664,21547,2012
4454,2026-07-30,Nseraf,t3a,720575940564952127,42706,21559,2006
4455,2026-07-30,KrzysztofKruk,t4,720575940559077390,29212,21685,2022
4456,2026-07-30,Nseraf,?,720575940586872854,57816,21575,2059
4457,2026-07-30,Nseraf,11,720575940561595856,51178,21506,2043
4458,2026-07-30,Nseraf,?,720575940569336571,46899,21561,1979
4459,2026-07-30,KrzysztofKruk,t5i,720575940562615627,54412,21710,1981
4460,2026-07-30,KrzysztofKruk,t6,720575940559075086,35211,21726,2043
4461,2026-07-30,KrzysztofKruk,RBC,720575940575384699,29762,21707,2031
4462,2026-07-30,Nseraf,t5i,7.20576E+17,48127,21549,2015
4463,2026-07-30,Nseraf,t5o,720575940555399704,47213,21527,2028
4464,2026-07-30,Nseraf,t6,720575940549019779,51683,21527,1999
4465,2026-07-30,Nseraf,RBC,720575940577901379,30841,21524,2024
4466,2026-07-30,KrzysztofKruk,t6,720575940582539219,57924,21695,2008
4467,2026-07-30,Nseraf,t3a,720575940561127045,38623,21570,2011
4468,2026-07-30,KrzysztofKruk,t5i,720575940570506768,51458,21669,2018
4469,2026-07-30,KrzysztofKruk,t5i,720575940574185405,37564,21706,2011
4470,2026-07-30,KrzysztofKruk,RBC,720575940584185366,54484,21685,1988
4471,2026-07-30,Nseraf,?,720575940547442005,47277,21133,2064
4472,2026-07-30,Nseraf,RBC,720575940564840944,35572,21524,2022
4473,2026-07-30,Nseraf,RBC,720575940563403166,42495,21538,2020
4474,2026-07-30,Nseraf,t2,720575940579944914,43894,21533,2048
4475,2026-07-30,KrzysztofKruk,t1,720575940586881558,29170,21678,1996
4476,2026-07-30,KrzysztofKruk,t3b,720575940573759941,35150,21708,2059
4477,2026-07-30,Nseraf,?,720575940552002902,48712,21567,2029
4478,2026-07-30,Nseraf,t4,720575940576098608,42452,21550,2052
4479,2026-07-30,KrzysztofKruk,t1,720575940562853644,44118,21712,2058
4480,2026-07-30,KrzysztofKruk,t4,720575940554296983,41530,21718,2010
4481,2026-07-30,Nseraf,t5o,720575940583870742,56369,21525,2022
4482,2026-07-30,KrzysztofKruk,RBC,720575940572906640,45221,21718,2047
4483,2026-07-30,Nseraf,t4,720575940579937234,35603,21585,1991
4484,2026-07-30,KrzysztofKruk,t3a,720575940575764349,32530,21689,2035
4485,2026-07-30,Nseraf,11,720575940549020035,49997,21502,2044
4486,2026-07-30,KrzysztofKruk,t5i,720575940552915936,29723,21673,2044
4487,2026-07-30,Nseraf,RBC,720575940579946194,40186,21514,2025
4488,2026-07-30,KrzysztofKruk,4,720575940560237990,48462,21714,2020
4489,2026-07-30,Nseraf,?,720575940565233121,50530,21517,2048
4490,2026-07-30,Nseraf,t5o,720575940586879510,33847,21537,2046
4491,2026-07-30,KrzysztofKruk,t6,720575940552499066,33383,21677,2000
4492,2026-07-30,Nseraf,RBC,720575940555904786,33802,21545,2044
4493,2026-07-30,KrzysztofKruk,t1,720575940583364990,44446,21717,2054
4494,2026-07-30,Nseraf,t3b,720575940564956635,33756,21507,2053
4495,2026-07-30,KrzysztofKruk,RBC,720575940571674301,35235,21713,1980
4496,2026-07-30,Nseraf,t5o,720575940549019011,31687,21546,1975
4497,2026-07-30,Nseraf,XBC,720575940561128581,31686,21517,2027
4498,2026-07-30,KrzysztofKruk,t8,720575940584055358,44357,21725,2046
4499,2026-07-30,Nseraf,t3a,720575940552914912,51421,21553,2010
4500,2026-07-30,Nseraf,t2,720575940561999907,55871,21890,2063
4501,2026-07-30,Nseraf,t4,720575940549018243,52396,21575,2002
4502,2026-07-30,Nseraf,t3b,720575940586873878,30824,21559,2018
4503,2026-07-31,Nseraf,t1,720575940563579646,30246,21499,2044
4504,2026-07-31,KrzysztofKruk,t5i,720575940576460116,56135,21643,2023
4505,2026-07-31,KrzysztofKruk,RBC,720575940567925356,50712,21654,2008
4506,2026-07-31,Nseraf,t5i,720575940557282536,56774,21494,2056
4507,2026-07-31,KrzysztofKruk,t5t,720575940562894827,45273,21646,2024
4508,2026-07-31,KrzysztofKruk,RBC,720575940573182661,36754,21668,2024
4509,2026-07-31,KrzysztofKruk,RBC,720575940555217530,38159,21664,2032
4510,2026-07-31,KrzysztofKruk,GluMI,720575940566013341,31647,21652,2021
4511,2026-07-31,KrzysztofKruk,t7,720575940553178234,33839,21651,1949
4512,2026-07-31,KrzysztofKruk,t3a,720575940552851834,33419,21652,2037
4513,2026-07-31,KrzysztofKruk,t1,720575940564555304,41846,21668,2058
4514,2026-07-31,KrzysztofKruk,t7,720575940562911164,52829,21665,1970
4515,2026-07-31,KrzysztofKruk,t6,720575940571671485,36078,21663,2010
4516,2026-07-31,KrzysztofKruk,t5t,720575940576459604,36379,21646,1962
4517,2026-07-31,KrzysztofKruk,t5o,720575940586921750,43232,21653,1998
4518,2026-08-01,KrzysztofKruk,t3a,720575940562895339,58158,21632,2002
4519,2026-08-01,Nseraf,11,720575940563097806,49361,21266,2064
4520,2026-08-01,Nseraf,t8,720575940563415198,48474,21171,2022
4521,2026-08-01,KrzysztofKruk,t5t,720575940560297621,37369,21252,2063
4522,2026-08-01,KrzysztofKruk,RBC,720575940568294830,45040,21394,2024
4523,2026-08-01,Nseraf,t6,720575940586320694,29316,21454,2009
4524,2026-08-01,KrzysztofKruk,t3b,720575940570026590,48263,21291,2020
4525,2026-08-01,KrzysztofKruk,RBC,720575940552011642,34259,21227,2048
4526,2026-08-01,Nseraf,t5t,720575940560295829,53705,21453,2027
4527,2026-08-01,KrzysztofKruk,t6,720575940562895083,58535,21642,2011
4528,2026-08-01,KrzysztofKruk,t3b,720575940553428735,36752,21635,1984
4529,2026-08-01,Nseraf,RBC,720575940557286376,33228,21440,2017
4530,2026-08-01,Nseraf,RBC,720575940564563388,39289,21163,1976
4531,2026-08-01,KrzysztofKruk,RBC,720575940551801466,40724,21361,2020
4532,2026-08-01,KrzysztofKruk,t3b,720575940571318205,34220,21238,2045
4533,2026-08-01,KrzysztofKruk,t6,720575940574188477,39862,21354,1997
4534,2026-08-01,KrzysztofKruk,t5t,720575940562749708,42518,21348,2045
4535,2026-08-01,KrzysztofKruk,t1,720575940555918354,42809,21258,2055
4536,2026-08-01,Nseraf,t7,720575940555065763,35529,21456,2015
4537,2026-08-01,Nseraf,t2,720575940568336481,50833,21142,2064
4538,2026-08-01,KrzysztofKruk,RBC,720575940564637310,49703,21269,1971
4539,2026-08-01,KrzysztofKruk,RBC,720575940555171622,46261,21280,2011
4540,2026-08-01,KrzysztofKruk,t3a,720575940553207626,32074,21359,1993
4541,2026-08-01,Nseraf,t6,720575940570265540,49628,21428,2018
4542,2026-08-01,Nseraf,?,720575940552012630,48819,21844,2064
4543,2026-08-01,KrzysztofKruk,t3b,720575940576460884,44964,21386,2047
4544,2026-08-01,KrzysztofKruk,GluMI,720575940552004391,55778,21287,2059
4545,2026-08-01,KrzysztofKruk,t6,720575940569369595,46536,21269,1987
4546,2026-08-01,Nseraf,t3b,720575940561121866,39826,21182,2016
4547,2026-08-01,KrzysztofKruk,t3a,720575940538967987,43547,21253,2003
4548,2026-08-01,Nseraf,t5t,720575940576101115,29804,21162,2045
4549,2026-08-01,Nseraf,t6,720575940560001671,58267,21171,2009
4550,2026-08-01,KrzysztofKruk,RBC,720575940560414253,54228,21278,2052
4551,2026-08-01,KrzysztofKruk,RBC,720575940559758506,30530,21293,1998
4552,2026-08-01,KrzysztofKruk,t1,720575940570265028,40818,21352,2062
4553,2026-08-01,Nseraf,XBC,720575940552152512,29339,21413,2017
4554,2026-08-01,KrzysztofKruk,t2,720575940562751500,42864,21243,2063
4555,2026-08-01,KrzysztofKruk,t4,720575940559163224,55900,21372,2056
4556,2026-08-01,KrzysztofKruk,t7,720575940575239160,58023,21231,2012
4557,2026-08-01,KrzysztofKruk,t3b,720575940563581950,42301,21311,1982
4558,2026-08-01,KrzysztofKruk,t5t,720575940571378033,48724,21300,2024
4559,2026-08-01,KrzysztofKruk,RBC,720575940552476282,36881,21297,2053
4560,2026-08-01,KrzysztofKruk,t3b,720575940560031457,41295,21252,2048
4561,2026-08-01,Nseraf,t6,720575940563094478,45020,21489,2042
4562,2026-08-01,KrzysztofKruk,t3b,720575940561216676,50813,21254,2030
4563,2026-08-01,KrzysztofKruk,t5o,720575940573079229,35506,21347,1971
4564,2026-08-01,Nseraf,t5i,720575940563778479,31610,21487,2033
4565,2026-08-01,Nseraf,t4,720575940579751113,37555,21402,1966
4566,2026-08-01,Nseraf,t5i,720575940558408653,58614,21405,2020
4567,2026-08-01,KrzysztofKruk,RBC,720575940559107754,31287,21310,2013
4568,2026-08-01,Nseraf,t5o,720575940571663902,34738,21151,2034
4569,2026-08-01,Nseraf,RBC,720575940554533389,58978,21407,1968
4570,2026-08-01,KrzysztofKruk,RBC,720575940555176167,57958,21271,1910
4571,2026-08-01,Nseraf,t1,720575940560296341,55396,22084,2062
4572,2026-08-01,Nseraf,t7,720575940560310067,50718,21160,1968
4573,2026-08-01,KrzysztofKruk,t6,720575940553592558,58709,21004,2054
4574,2026-08-01,KrzysztofKruk,t3a,720575940572070546,39840,21240,2013
4575,2026-08-01,KrzysztofKruk,RBC,720575940573754516,29797,21240,2025
4576,2026-08-01,KrzysztofKruk,RBC,720575940563475980,47335,21401,1996
4577,2026-08-01,KrzysztofKruk,RBC,720575940569276428,35234,21299,1964
4578,2026-08-01,KrzysztofKruk,RBC,720575940575543696,44037,21292,2045
4579,2026-08-01,KrzysztofKruk,XBC,720575940562898923,46287,21348,2021
4580,2026-08-01,Nseraf,t5i,720575940556490734,39794,21152,2022
4581,2026-08-01,KrzysztofKruk,t5i,720575940569751883,46606,21292,2027
4582,2026-08-01,KrzysztofKruk,RBC,720575940568591278,44558,21290,2044
4583,2026-08-01,Nseraf,RBC,720575940558494791,50204,21156,2020
4584,2026-08-01,KrzysztofKruk,t2,720575940581681845,35177,21302,2008
4585,2026-08-01,KrzysztofKruk,GluMI,720575940578429717,40626,21634,2053
4586,2026-08-01,Nseraf,t3b,720575940552012118,50215,21454,1998
4587,2026-08-01,KrzysztofKruk,t3b,720575940584238358,55636,21277,2026
4588,2026-08-01,KrzysztofKruk,t6,720575940570086687,53155,21342,1978
4589,2026-08-01,KrzysztofKruk,t3b,720575940556582442,47899,21277,2036
4590,2026-08-01,KrzysztofKruk,t5o,720575940569387018,40551,21241,2059
4591,2026-08-01,KrzysztofKruk,t5t,720575940550532564,40955,21332,2059
4592,2026-08-01,Nseraf,t2,720575940568156472,33542,21170,2036
4593,2026-08-01,Nseraf,4,720575940581509497,31642,21486,2020
4594,2026-08-01,Nseraf,t5t,720575940560905051,31580,21486,2001
4595,2026-08-01,KrzysztofKruk,t3b,720575940559102890,29818,21256,2022
4596,2026-08-01,Nseraf,t7,720575940570265284,36464,21437,1938
4597,2026-08-01,KrzysztofKruk,t3b,720575940572065426,58685,21642,2015
4598,2026-08-01,KrzysztofKruk,GluMI,720575940579001388,40929,21370,2038
4599,2026-08-01,Nseraf,RBC,720575940562895595,58420,21469,1995
4600,2026-08-01,KrzysztofKruk,RBC,720575940574451645,39405,21394,2023
4601,2026-08-01,Nseraf,t5o,720575940576462676,55115,21458,2038
4602,2026-08-01,Nseraf,t5o,720575940559894365,46397,21472,2002
4603,2026-08-01,KrzysztofKruk,t6,720575940562780747,56063,21366,2002
4604,2026-08-01,KrzysztofKruk,RBC,720575940556870883,52171,21379,1951
4605,2026-08-01,KrzysztofKruk,t3a,720575940577845178,52784,21298,1984
4606,2026-08-01,Nseraf,t5i,720575940563780015,36429,21432,1959
4607,2026-08-01,KrzysztofKruk,t2,720575940565983819,51741,21237,2059
4608,2026-08-01,Nseraf,t2,720575940563581694,56533,21434,2060
4609,2026-08-01,KrzysztofKruk,RBC,720575940563995044,53744,21294,2037
4610,2026-08-01,Nseraf,t2,720575940562899691,55849,21162,2029
4611,2026-08-01,KrzysztofKruk,RBC,720575940552238970,40617,21256,1981
4612,2026-08-01,Nseraf,RBC,720575940557686836,55534,21184,2014
4613,2026-08-01,KrzysztofKruk,RBC,720575940561158350,31619,21634,2027
4614,2026-08-01,Nseraf,RBC,720575940580935312,32539,21189,1950
4615,2026-08-01,Nseraf,t3b,720575940581680821,40871,21482,2041
4616,2026-08-01,KrzysztofKruk,t6,720575940563232780,47207,21280,2006
4617,2026-08-01,KrzysztofKruk,t3b,720575940568583086,44268,21287,2007
4618,2026-08-01,Nseraf,t5i,720575940568155960,51186,21445,2024
4619,2026-08-01,KrzysztofKruk,RBC,720575940584242454,55939,21373,1991
4620,2026-08-01,Nseraf,t6,720575940569752175,30174,21416,2060
4621,2026-08-01,Nseraf,RBC,720575940570086431,46490,21452,2047
4622,2026-08-01,Nseraf,t2,720575940579751625,44446,20984,2054
4623,2026-08-01,KrzysztofKruk,11,720575940553115720,46161,21276,2020
4624,2026-08-01,Nseraf,?,720575940567088816,57381,21491,2052
4625,2026-08-01,KrzysztofKruk,RBC,720575940565991243,52556,21370,1986
4626,2026-08-01,Nseraf,t6,720575940555171878,56441,21176,1999
4627,2026-08-01,KrzysztofKruk,XBC,720575940553672721,44661,21231,2025
4628,2026-08-01,Nseraf,RBC,720575940563097550,51169,21420,1983
4629,2026-08-01,KrzysztofKruk,RBC,720575940558724841,35557,21395,2046
4630,2026-08-01,Nseraf,GluMI,720575940552050601,38612,21487,2010
4631,2026-08-01,KrzysztofKruk,t6,720575940557283048,47677,21638,2041
4632,2026-08-01,Nseraf,t2,720575940552050853,41371,21462,2061
4633,2026-08-01,KrzysztofKruk,t1,720575940564186771,44931,21263,2035
4634,2026-08-01,KrzysztofKruk,?,720575940566632302,37484,21282,2028
4635,2026-08-01,KrzysztofKruk,RBC,720575940569386491,47759,21283,2008
4636,2026-08-01,KrzysztofKruk,t4,720575940573760453,34357,21352,1989
4637,2026-08-01,Nseraf,t6,720575940564062069,45580,21455,2055
4638,2026-08-01,KrzysztofKruk,t2,720575940569869051,44887,21322,2023
4639,2026-08-02,Nseraf,t2,720575940564063861,42433,21060,2061
4640,2026-08-02,Nseraf,t5i,720575940581512057,57817,21099,2013
4641,2026-08-02,KrzysztofKruk,t5i,720575940573073853,34717,21195,2013
4642,2026-08-02,Nseraf,RBC,720575940553213170,50387,21009,2012
4643,2026-08-02,Nseraf,XBC,720575940572071826,58101,21112,2029
4644,2026-08-02,Nseraf,t4,720575940554163139,33567,21129,2002
4645,2026-08-02,Nseraf,t1,720575940559395032,54596,21024,2064
4646,2026-08-02,KrzysztofKruk,t5t,720575940569753419,47976,21002,2012
4647,2026-08-02,Nseraf,?,720575940561801820,49713,20750,2063
4648,2026-08-02,Nseraf,t1,720575940551445986,39045,21027,2057
4649,2026-08-02,Nseraf,t3a,720575940559419428,47530,21121,2031
4650,2026-08-02,KrzysztofKruk,4,720575940561659569,33066,20961,2029
4651,2026-08-02,KrzysztofKruk,RBC,720575940573160443,42669,20955,2015
4652,2026-08-02,Nseraf,t4,720575940558496071,47470,21005,2034
4653,2026-08-02,Nseraf,t3b,720575940560298389,46414,21082,1969
4654,2026-08-02,Nseraf,RBC,720575940572158257,33977,21090,2023
4655,2026-08-02,Nseraf,t5t,720575940555173926,38934,21012,1960
4656,2026-08-02,Nseraf,t3b,720575940558495047,43281,21079,2055
4657,2026-08-02,Nseraf,RBC,720575940551445474,56611,21079,1973
4658,2026-08-02,Nseraf,?,720575940563582718,50851,21389,2064
4659,2026-08-02,Nseraf,t2,720575940569277196,37751,21033,2040
4660,2026-08-02,Nseraf,RBC,720575940563582974,39906,21092,2039
4661,2026-08-02,KrzysztofKruk,t7,720575940570437232,30650,20953,2011
4662,2026-08-02,Nseraf,t3a,720575940564064117,53434,21049,2047
4663,2026-08-02,Nseraf,?,720575940558410189,42992,21020,1962
4664,2026-08-02,KrzysztofKruk,t5o,720575940562901227,48401,20944,1991
4665,2026-08-02,Nseraf,RBC,720575940566633838,38270,21004,2012
4666,2026-08-02,Nseraf,?,720575940562538430,57753,21279,2064
4667,2026-08-02,KrzysztofKruk,t7,720575940561635041,40456,20955,1961
4668,2026-08-02,Nseraf,t3b,720575940570140493,50506,21022,2013
4669,2026-08-02,Nseraf,t4,720575940570268100,39829,21031,1962
4670,2026-08-02,Nseraf,RBC,720575940569387274,47685,21032,1972
4671,2026-08-02,KrzysztofKruk,t5i,720575940563098830,30487,21192,2036
4672,2026-08-02,KrzysztofKruk,t5o,720575940555919122,49988,20957,1954
4673,2026-08-02,KrzysztofKruk,t2,720575940568157240,55098,20971,2044
4674,2026-08-02,Nseraf,t4,720575940570426996,42543,21024,2002
4675,2026-08-02,KrzysztofKruk,t6,720575940568323802,51323,21192,1981
4676,2026-08-02,KrzysztofKruk,t5i,720575940550533844,42217,20998,2032
4677,2026-08-02,KrzysztofKruk,t5i,720575940581512569,47328,21000,1980
4678,2026-08-02,KrzysztofKruk,t5i,720575940557287400,44425,21200,2047
4679,2026-08-02,KrzysztofKruk,?,720575940556583210,30572,20961,2038
4680,2026-08-02,KrzysztofKruk,t5o,720575940553212402,43540,21210,2038
4681,2026-08-02,Nseraf,RBC,720575940554534157,38988,21031,2042
4682,2026-08-02,Nseraf,RBC,720575940563978566,46801,21126,2058
4683,2026-08-02,Nseraf,t7,720575940570426484,54990,21092,1997
4684,2026-08-02,Nseraf,t2,720575940575290070,31805,21048,1986
4685,2026-08-02,Nseraf,t3a,720575940562879205,36128,21019,1990
4686,2026-08-02,Nseraf,t6,720575940566633582,33575,21013,2054
4687,2026-08-02,Nseraf,t1,720575940550533332,33528,21092,1995
4688,2026-08-02,Nseraf,RBC,720575940555172390,55319,21122,2025
4689,2026-08-02,KrzysztofKruk,t3b,720575940566876068,37675,21001,2032
4690,2026-08-02,Nseraf,t7,720575940564555560,46408,21115,2017
4691,2026-08-02,KrzysztofKruk,t2,720575940574729796,40396,21212,2056
4692,2026-08-02,KrzysztofKruk,t6,720575940554163395,43271,21206,1939
4693,2026-08-02,Nseraf,t3a,720575940586322230,46941,21090,1953
4694,2026-08-02,KrzysztofKruk,GluMI,720575940552052133,31093,21004,2006
4695,2026-08-02,Nseraf,t5i,720575940561122634,38053,21024,2019
4696,2026-08-02,KrzysztofKruk,t3b,720575940589871764,46536,20963,2025
4697,2026-08-02,Nseraf,t6,720575940569278193,38047,21005,1971
4698,2026-08-02,KrzysztofKruk,RBC,720575940568588718,43676,20952,1987
4699,2026-08-02,Nseraf,t4,720575940570159954,32438,21062,2040
4700,2026-08-02,KrzysztofKruk,RBC,720575940571318717,33183,20951,1973
4701,2026-08-02,Nseraf,t6,720575940547443285,53650,21120,1996
4702,2026-08-02,Nseraf,t7,720575940569276940,37768,21078,2002
4703,2026-08-02,KrzysztofKruk,RBC,720575940553211978,31749,21002,2020
4704,2026-08-02,Nseraf,RBC,720575940570087199,29730,21080,2002
4705,2026-08-02,KrzysztofKruk,t4,720575940554164163,46722,20963,2023
4706,2026-08-02,Nseraf,t5o,720575940547802885,53444,21031,2038
4707,2026-08-02,Nseraf,t5i,720575940564844272,37157,21035,2012
4708,2026-08-02,Nseraf,?,720575940570426228,48929,21039,2064
4709,2026-08-02,KrzysztofKruk,t3a,720575940583488967,29924,21219,1953
4710,2026-08-02,KrzysztofKruk,t5o,720575940561122890,32191,20958,1545
4711,2026-08-02,Nseraf,RBC,720575940558495303,31498,21059,2046
4712,2026-08-02,KrzysztofKruk,GluMI,720575940562785930,30471,21209,2006
4713,2026-08-02,KrzysztofKruk,RBC,720575940572981693,36362,20997,2033
4714,2026-08-02,Nseraf,t1,720575940575290326,31490,21030,2031
4715,2026-08-02,KrzysztofKruk,t7,720575940556582954,43538,20966,1995
4716,2026-08-02,KrzysztofKruk,?,720575940566428261,58208,20976,2059
4717,2026-08-02,KrzysztofKruk,t2,720575940566633070,32835,20969,2029
4718,2026-08-02,KrzysztofKruk,t3b,720575940578431765,47802,21004,2018
4719,2026-08-02,KrzysztofKruk,t5t,720575940550534100,49888,20982,2015
4720,2026-08-02,KrzysztofKruk,t4,720575940578791277,41791,20991,2039
4721,2026-08-02,Nseraf,t5i,720575940557912866,41221,21142,2007
4722,2026-08-02,KrzysztofKruk,t7,720575940573630141,37135,20985,2023
4723,2026-08-02,KrzysztofKruk,RBC,720575940559130460,33140,20944,2048
4724,2026-08-02,KrzysztofKruk,t3a,720575940572484385,40913,21209,2042
4725,2026-08-02,KrzysztofKruk,t4,720575940562511116,45179,21215,2041
4726,2026-08-02,Nseraf,RBC,720575940579002668,53494,21048,1976
4727,2026-08-02,KrzysztofKruk,RBC,720575940584242966,56156,21200,2035
4728,2026-08-02,KrzysztofKruk,t7,720575940582922707,56671,20958,2039
4729,2026-08-02,KrzysztofKruk,t7,720575940565227339,51667,20957,2021
4730,2026-08-02,KrzysztofKruk,t3b,720575940574613484,51696,20955,2019
4731,2026-08-02,Nseraf,t5o,720575940565392486,41857,21011,2043
4732,2026-08-02,Nseraf,RBC,720575940572072338,56366,21101,1992
4733,2026-08-02,Nseraf,RBC,720575940570267588,37888,21049,1996
4734,2026-08-02,KrzysztofKruk,?,720575940554813015,58095,21217,2008
4735,2026-08-02,KrzysztofKruk,t6,720575940555216762,38265,20984,2011
4736,2026-08-02,Nseraf,RBC,720575940581682101,58903,21095,1945
4737,2026-08-02,KrzysztofKruk,RBC,720575940549096792,58002,20988,2034
4738,2026-08-02,KrzysztofKruk,RBC,720575940584585750,51539,21214,2040
4739,2026-08-02,KrzysztofKruk,?,720575940569928443,45483,21200,2032
4740,2026-08-02,Nseraf,t5i,720575940585016187,50226,21118,2019
4741,2026-08-03,Nseraf,11,720575940563611390,57395,20851,2042
4742,2026-08-03,KrzysztofKruk,RBC,720575940568591022,44760,20927,2047
4743,2026-08-03,KrzysztofKruk,RBC,720575940573079741,34519,20919,2000
4744,2026-08-03,Nseraf,RBC,720575940555203840,40559,20863,2038
4745,2026-08-03,KrzysztofKruk,t6,720575940572885392,45164,20748,2051
4746,2026-08-03,KrzysztofKruk,t6,720575940579764584,30700,20928,2032
4747,2026-08-03,Nseraf,t5i,720575940558516295,55270,20850,2001
4748,2026-08-03,Nseraf,RBC,720575940568633207,30527,20850,2026
4749,2026-08-03,KrzysztofKruk,t3b,720575940560874404,56551,20911,2029
4750,2026-08-03,KrzysztofKruk,t5t,720575940585034107,32373,20742,2024
4751,2026-08-03,KrzysztofKruk,RBC,720575940569266427,42650,20742,2053
4752,2026-08-03,KrzysztofKruk,11,720575940552017238,51649,20936,2050
4753,2026-08-03,Nseraf,GluMI,720575940555188518,34492,20860,1981
4754,2026-08-03,KrzysztofKruk,t5t,720575940583908374,55970,20870,2035
4755,2026-08-03,Annkri,t7,720575940567062127,30434,23718,2031
4756,2026-08-03,KrzysztofKruk,t6,720575940561613476,55044,20885,2020
4757,2026-08-03,KrzysztofKruk,t7,720575940568850171,47445,20920,1992
4758,2026-08-03,KrzysztofKruk,RBC,720575940565982027,52607,20933,1964
4759,2026-08-03,KrzysztofKruk,RBC,720575940555217018,37208,20893,2016
4760,2026-08-03,KrzysztofKruk,t2,720575940570041182,41963,20941,2028
4761,2026-08-03,KrzysztofKruk,t5t,720575940581707957,57982,20899,1953
4762,2026-08-03,KrzysztofKruk,t3b,720575940563816367,52493,20901,2025
4763,2026-08-03,KrzysztofKruk,?,720575940563551819,49957,20911,2012
4764,2026-08-03,KrzysztofKruk,t3b,720575940556499694,31093,20943,2054
4765,2026-08-03,Nseraf,t2,720575940571671838,44619,20849,2060
4766,2026-08-03,KrzysztofKruk,RBC,720575940552438394,39605,20923,2004
4767,2026-08-03,KrzysztofKruk,t2,720575940568351194,34394,20884,1961
4768,2026-08-03,Nseraf,4,720575940579008556,44754,20861,2020
4769,2026-08-03,KrzysztofKruk,t4,720575940550544596,45621,20919,2031
4770,2026-08-03,KrzysztofKruk,t3b,720575940563816111,37223,20934,2037
4771,2026-08-03,KrzysztofKruk,RBC,720575940562808395,50379,20867,2003
4772,2026-08-03,KrzysztofKruk,RBC,720575940563995812,51778,20940,2010
4773,2026-08-03,KrzysztofKruk,t2,720575940570101535,38167,20924,2040
4774,2026-08-03,KrzysztofKruk,RBC,720575940569379835,48492,20887,2025
4775,2026-08-03,KrzysztofKruk,t3a,720575940552099241,31096,20900,2022
4776,2026-08-03,KrzysztofKruk,RBC,720575940569322235,45923,20931,2007
4777,2026-08-03,KrzysztofKruk,t6,720575940572166085,34367,20747,1963
4778,2026-08-03,Nseraf,t3b,720575940575473605,38818,20854,1976
4779,2026-08-03,KrzysztofKruk,RBC,720575940563234316,46021,20938,2011
4780,2026-08-03,KrzysztofKruk,RBC,720575940573160955,43180,20738,1965
4781,2026-08-03,Nseraf,?,720575940572508193,36662,20863,2028
4782,2026-08-03,KrzysztofKruk,t5o,720575940581707701,30594,20943,2028
4783,2026-08-03,KrzysztofKruk,RBC,720575940563232524,47606,20904,2042
4784,2026-08-03,Nseraf,RBC,720575940558525942,55003,20861,1931
4785,2026-08-03,KrzysztofKruk,t5t,720575940555168231,57606,20929,2004
4786,2026-08-03,KrzysztofKruk,RBC,720575940584185110,54221,20916,2010
4787,2026-08-04,KrzysztofKruk,t4,720575940576593236,37176,20679,2027
4788,2026-08-04,KrzysztofKruk,t6,720575940547236339,42069,20709,2012
4789,2026-08-04,KrzysztofKruk,t6,720575940557423336,44246,20715,2028
4790,2026-08-04,KrzysztofKruk,RBC,720575940575449240,33188,20728,2014
4791,2026-08-04,KrzysztofKruk,t6,720575940572268434,34952,20663,2043
4792,2026-08-04,KrzysztofKruk,4,720575940572266130,39139,20698,1996
4793,2026-08-04,Nseraf,t5o,720575940557421800,37208,20828,2039
4794,2026-08-04,Nseraf,t3b,720575940568377050,48838,20834,2005
4795,2026-08-04,KrzysztofKruk,GluMI,720575940555200294,33770,20716,2060
4796,2026-08-04,Nseraf,t3b,720575940578499093,49232,20843,2036
4797,2026-08-04,KrzysztofKruk,4,720575940558825961,36627,20737,2033
4798,2026-08-04,KrzysztofKruk,?,720575940578963204,45625,19839,2061
4799,2026-08-04,KrzysztofKruk,t5i,720575940576592724,52491,20709,2009
4800,2026-08-04,Nseraf,?,720575940563629566,59363,20838,2029
4801,2026-08-04,KrzysztofKruk,t6,720575940553780829,32439,20712,2044
4802,2026-08-04,KrzysztofKruk,RBC,720575940562632267,56009,20728,2010
4803,2026-08-04,KrzysztofKruk,RBC,720575940581830678,53717,20693,2000
4804,2026-08-04,KrzysztofKruk,t5t,720575940581567865,51893,20672,2013
4805,2026-08-04,Nseraf,RBC,720575940557423080,52898,20824,2042
4806,2026-08-04,KrzysztofKruk,RBC,720575940571670717,36573,20709,2058
4807,2026-08-04,KrzysztofKruk,t3b,720575940570393028,52596,20692,2035
4808,2026-08-04,Nseraf,t7,720575940568329724,53339,20844,1966
4809,2026-08-04,KrzysztofKruk,t6,720575940563582220,47856,20692,1963
4810,2026-08-04,KrzysztofKruk,t6,720575940572266898,40533,20689,2029
4811,2026-08-04,KrzysztofKruk,?,720575940573189115,47541,20879,2057
4812,2026-08-04,KrzysztofKruk,4,720575940578499861,53043,20679,2033
4813,2026-08-04,KrzysztofKruk,?,720575940557386650,50427,20722,2009
4814,2026-08-04,KrzysztofKruk,RBC,720575940574359917,59579,20731,1968
4815,2026-08-04,KrzysztofKruk,RBC,720575940554637690,34537,20696,2005
4816,2026-08-04,KrzysztofKruk,t2,720575940563052779,36798,20714,2056
4817,2026-08-04,KrzysztofKruk,XBC,720575940564309587,36941,20732,2038
4818,2026-08-04,KrzysztofKruk,t2,720575940563055595,29676,20662,1959
4819,2026-08-04,KrzysztofKruk,RBC,720575940572446661,35479,20690,1978
4820,2026-08-04,Nseraf,t3b,720575940558830313,53571,20828,1991
4821,2026-08-04,Nseraf,RBC,720575940581723061,30584,20838,2018
4822,2026-08-04,KrzysztofKruk,t3a,720575940547446613,58115,20720,1995
4823,2026-08-04,Nseraf,t1,720575940547236083,55514,20669,2064
4824,2026-08-04,KrzysztofKruk,?,720575940553693678,58529,20701,2040
4825,2026-08-04,Nseraf,t3b,720575940564854256,45207,20845,2031
4826,2026-08-04,Nseraf,t3a,720575940578499349,57584,20838,2043
4827,2026-08-04,KrzysztofKruk,t1,720575940563055339,35774,20669,1998
4828,2026-08-04,Nseraf,t6,720575940557422568,53284,20827,2033
4829,2026-08-04,KrzysztofKruk,t5i,720575940564777553,59534,20701,2025
4830,2026-08-04,KrzysztofKruk,t3b,720575940581759798,49637,20690,2057
4831,2026-08-04,KrzysztofKruk,RBC,720575940553235530,30060,20721,2020
4832,2026-08-04,KrzysztofKruk,4,720575940563053035,35008,20706,2022
4833,2026-08-04,KrzysztofKruk,RBC,720575940580909078,51915,20717,1976
4834,2026-08-05,KrzysztofKruk,t5t,720575940569775983,51250,20611,2037
4835,2026-08-05,Nseraf,XBC,720575940569917006,43092,22376,2046
4836,2026-08-05,KrzysztofKruk,11,720575940581594233,42670,20616,2055
4837,2026-08-05,Nseraf,RBC,720575940563656446,38757,20802,2004
4838,2026-08-05,Nseraf,t3b,720575940553568767,30281,22356,2047
4839,2026-08-05,KrzysztofKruk,t2,720575940581594489,35815,20611,2032
4840,2026-08-05,Nseraf,?,720575940555203878,47988,20803,2033
4841,2026-08-05,KrzysztofKruk,t3a,720575940564317267,42954,20644,1996
4842,2026-08-05,Nseraf,RBC,720575940557483752,41297,20790,2002
4843,2026-08-05,KrzysztofKruk,t5t,720575940552025686,44331,20608,2023
4844,2026-08-05,KrzysztofKruk,t5o,720575940568402650,51887,20614,1976
4845,2026-08-05,Nseraf,RBC,720575940557484776,46033,20756,1969
4846,2026-08-05,KrzysztofKruk,t1,720575940547267571,52436,20619,2035
4847,2026-08-05,KrzysztofKruk,t7,720575940563126763,54900,20621,2036
4848,2026-08-05,Nseraf,?,720575940560440621,50826,21969,2064
4849,2026-08-05,Nseraf,t3b,720575940567149744,36297,22361,2013
4850,2026-08-05,KrzysztofKruk,RBC,720575940564421016,41268,20604,2021
4851,2026-08-05,Nseraf,t3b,720575940570116383,59319,20792,2035
4852,2026-08-05,Nseraf,?,720575940568505083,42462,20773,2018
4853,2026-08-05,Nseraf,?,720575940581743797,48199,22356,2021
4854,2026-08-05,Nseraf,t5i,720575940557484008,40875,20769,2053
4855,2026-08-05,KrzysztofKruk,t3b,720575940558060335,48688,20623,2032
4856,2026-08-05,Nseraf,t4,720575940572352146,56438,20789,2054
4857,2026-08-05,Nseraf,RBC,720575940557485800,40055,20755,1995
4858,2026-08-05,Nseraf,t5i,720575940585061755,49078,22365,2013
4859,2026-08-05,KrzysztofKruk,GluMI,720575940572357522,35479,20589,2034
4860,2026-08-05,Nseraf,t7,720575940572354450,52636,20762,2022
4861,2026-08-05,KrzysztofKruk,GluMI,720575940579105577,31949,20596,2017
4862,2026-08-05,KrzysztofKruk,t3a,720575940556726599,53118,20647,1987
4863,2026-08-05,Nseraf,t7,720575940560346773,34325,22376,2021
4864,2026-08-05,Nseraf,t4,720575940567150256,32935,22377,2047
4865,2026-08-05,KrzysztofKruk,RBC,720575940569962045,49318,20614,1990
4866,2026-08-05,KrzysztofKruk,t7,720575940574618821,38816,20646,2014
4867,2026-08-05,Nseraf,?,720575940550562004,57441,21333,2063
4868,2026-08-05,Nseraf,t6,720575940570178130,51676,20807,1965
4869,2026-08-05,Nseraf,t3b,720575940563128043,58375,20749,2021
4870,2026-08-05,Nseraf,t5i,720575940574899005,34267,20798,2019
4871,2026-08-05,Nseraf,t5o,720575940564861424,33200,20823,2049
4872,2026-08-05,Nseraf,RBC,720575940557486056,40912,20749,2058
4873,2026-08-05,KrzysztofKruk,t3a,720575940570475124,45191,20582,2026
4874,2026-08-05,Nseraf,t2,720575940571366589,39266,20941,2064
4875,2026-08-05,KrzysztofKruk,t4,720575940574300017,48953,20639,2057
4876,2026-08-05,Nseraf,t6,720575940572356498,39263,22356,2049
4877,2026-08-05,Nseraf,RBC,720575940552084133,51827,22366,1994
4878,2026-08-05,Nseraf,t3b,720575940564868336,56483,20801,2044
4879,2026-08-05,Nseraf,t3b,720575940563865263,39597,22371,1966
4880,2026-08-05,Nseraf,t6,720575940560440365,39946,20821,2019
4881,2026-08-05,KrzysztofKruk,t5o,720575940572357778,41102,20588,2020
4882,2026-08-05,Nseraf,t3a,720575940581595257,34303,22377,2019
4883,2026-08-05,KrzysztofKruk,t4,720575940553567743,53962,20657,2032
4884,2026-08-05,Nseraf,?,720575940574325558,49491,19947,2064
4885,2026-08-05,Nseraf,RBC,720575940572354962,58567,20762,2044
4886,2026-08-05,KrzysztofKruk,RBC,720575940578083126,49671,20630,2013
4887,2026-08-05,KrzysztofKruk,t5i,720575940581593721,53834,20642,2048
4888,2026-08-05,KrzysztofKruk,XBC,720575940579017516,35503,20630,2005
4889,2026-08-05,KrzysztofKruk,t7,720575940560345749,48586,20654,2045
4890,2026-08-05,KrzysztofKruk,t5t,720575940572351122,54243,20651,2000
4891,2026-08-05,Nseraf,t3a,720575940553569279,49474,22376,2055
4892,2026-08-05,Nseraf,t4,720575940563656958,30323,22370,2014
4893,2026-08-05,KrzysztofKruk,t3b,720575940558060079,51092,20652,1988
4894,2026-08-05,Nseraf,t3a,720575940565073908,41994,20818,2054
4895,2026-08-05,KrzysztofKruk,RBC,720575940575738821,35919,20632,2042
4896,2026-08-05,KrzysztofKruk,?,720575940579782248,53835,20599,2055
4897,2026-08-05,Nseraf,GluMI,720575940564092789,56594,20800,1993
4898,2026-08-06,Nseraf,RBC,720575940564571176,44077,20444,2047
4899,2026-08-06,KrzysztofKruk,t3b,720575940574627728,43729,20507,2036
4900,2026-08-06,KrzysztofKruk,t3a,720575940561091464,39169,20503,2039
4901,2026-08-06,KrzysztofKruk,t3b,720575940565120207,42750,20565,2049
4902,2026-08-06,Nseraf,t1,720575940562568894,55959,22411,2057
4903,2026-08-06,KrzysztofKruk,t4,720575940563730835,43270,20514,2048
4904,2026-08-06,Nseraf,GluMI,720575940571572843,50721,24049,2053
4905,2026-08-06,Nseraf,?,720575940562177700,50570,19925,2064
4906,2026-08-06,Nseraf,t6,720575940555234304,56276,20452,2061
4907,2026-08-06,Nseraf,t3a,720575940572399291,44674,22414,2009
4908,2026-08-06,KrzysztofKruk,t6,720575940566467173,52070,20558,2013
4909,2026-08-06,Nseraf,t5i,720575940569784687,55358,22392,2042
4910,2026-08-06,Nseraf,t3a,720575940554554125,46005,20455,2052
4911,2026-08-06,Nseraf,RBC,720575940554554381,51672,20450,2050
4912,2026-08-06,KrzysztofKruk,t5o,720575940549517000,50326,20549,1985
4913,2026-08-06,KrzysztofKruk,t8,720575940561189521,47039,20509,1987
4914,2026-08-06,KrzysztofKruk,t6,720575940576130960,30151,20575,2051
4915,2026-08-06,Nseraf,t2,720575940557396890,43506,20445,2056
4916,2026-08-06,Nseraf,GluMI,720575940571284505,56265,20756,2046
4917,2026-08-06,Nseraf,t7,720575940578051013,35050,22395,1983
4918,2026-08-06,KrzysztofKruk,t1,720575940565121999,37698,20512,2041
4919,2026-08-06,KrzysztofKruk,?,720575940564102475,51165,20538,2059
4920,2026-08-06,KrzysztofKruk,t6,720575940577459069,57477,20578,2039
4921,2026-08-06,Nseraf,RBC,720575940564331859,54569,20445,2012
4922,2026-08-06,Nseraf,XBC,720575940555233024,48622,22412,1999
4923,2026-08-06,KrzysztofKruk,t3b,720575940572509637,37711,20550,2030
4924,2026-08-06,Nseraf,t6,720575940571281177,54067,22402,1976
4925,2026-08-06,Nseraf,t3b,720575940572462284,49636,22423,1982
4926,2026-08-06,Nseraf,t5i,720575940547943308,46524,22416,1978
4927,2026-08-06,KrzysztofKruk,t5i,720575940564570664,45467,20549,1770
4928,2026-08-06,Nseraf,t3a,720575940549046403,40615,20442,1965
4929,2026-08-06,Nseraf,t2,720575940577461373,50845,20463,2042
4930,2026-08-06,KrzysztofKruk,t3a,720575940574058693,38571,20506,2029
4931,2026-08-06,Nseraf,t5o,720575940578049221,53185,22389,2055
4932,2026-08-06,Nseraf,t3b,720575940577453949,50184,22383,1973
4933,2026-08-06,KrzysztofKruk,t6,720575940572318653,35926,20516,1990
4934,2026-08-06,KrzysztofKruk,GluMI,720575940565120975,46538,20605,2064
4935,2026-08-06,Nseraf,GluMI,720575940561858140,47118,22427,2041
4936,2026-08-06,Nseraf,t1,720575940581619577,52762,20452,2033
4937,2026-08-06,Nseraf,RBC,720575940547942796,44117,22415,2026
4938,2026-08-06,KrzysztofKruk,GluMI,720575940562569662,40026,20518,2056
4939,2026-08-06,Nseraf,XBC,720575940566465637,34618,22390,1983
4940,2026-08-06,KrzysztofKruk,t7,720575940559530154,30679,20538,1986
4941,2026-08-06,Nseraf,t4,720575940561859420,32383,20457,2019
4942,2026-08-06,Nseraf,RBC,720575940561088392,53306,22398,2043
4943,2026-08-06,KrzysztofKruk,?,720575940586943254,49856,20544,2024
4944,2026-08-06,KrzysztofKruk,t5t,720575940555180519,56894,20558,2019
4945,2026-08-06,Nseraf,RBC,720575940581617529,48557,22402,1962
4946,2026-08-06,Nseraf,t4,720575940572400315,40436,20462,2017
4947,2026-08-06,KrzysztofKruk,t5i,720575940578056645,45588,20505,2028
4948,2026-08-06,Nseraf,t4,720575940578054341,41352,22420,1971
4949,2026-08-06,KrzysztofKruk,t5i,720575940556534254,50835,20526,2023
4950,2026-08-06,Nseraf,t2,720575940552594298,36745,22380,2062
4951,2026-08-06,KrzysztofKruk,RBC,720575940560589836,42594,20524,2060
4952,2026-08-06,KrzysztofKruk,t5i,720575940566453254,40365,20560,2021
4953,2026-08-06,KrzysztofKruk,t5i,720575940559531813,44781,20560,2026
4954,2026-08-06,KrzysztofKruk,RBC,720575940552238714,40547,20577,2054
4955,2026-08-06,KrzysztofKruk,RBC,720575940566466174,49154,20560,2003
4956,2026-08-06,KrzysztofKruk,RBC,720575940575096517,36493,20578,2020
4957,2026-08-06,Nseraf,RBC,720575940565113295,39382,22381,2036
4958,2026-08-06,KrzysztofKruk,t8,720575940552458314,30133,20552,2033
4959,2026-08-06,Nseraf,?,720575940560839779,51364,20465,1327
4960,2026-08-06,KrzysztofKruk,t3b,720575940557396122,45302,20571,1995
4961,2026-08-06,KrzysztofKruk,RBC,720575940561565348,50774,20552,1999
4962,2026-08-06,Nseraf,t3b,720575940561089672,57060,22420,2000
4963,2026-08-06,KrzysztofKruk,t3b,720575940571282969,44967,20520,2046
4964,2026-08-06,KrzysztofKruk,RBC,720575940561580708,51142,20529,2012
4965,2026-08-06,Nseraf,t5t,720575940581619065,57647,22432,2022
4966,2026-08-06,KrzysztofKruk,t5o,720575940573304827,47098,20505,2000
4967,2026-08-07,Nseraf,t2,720575940552454976,36906,20376,2043
4968,2026-08-07,KrzysztofKruk,RBC,720575940561081100,44691,20499,2028
4969,2026-08-07,KrzysztofKruk,RBC,720575940552355146,30020,20273,2021
4970,2026-08-07,KrzysztofKruk,t5t,720575940559830283,40908,20297,2022
4971,2026-08-07,KrzysztofKruk,?,720575940585373907,55690,20263,2012
4972,2026-08-07,Nseraf,t6,720575940554442586,53622,20435,2014
4973,2026-08-07,KrzysztofKruk,RBC,720575940573265915,47615,20477,2051
4974,2026-08-07,Nseraf,t3b,720575940570071646,51262,20438,1979
4975,2026-08-07,KrzysztofKruk,t1,720575940558064490,54934,20287,2055
4976,2026-08-07,KrzysztofKruk,t3a,720575940553999738,37101,20288,1971
4977,2026-08-07,Nseraf,t6,720575940553715827,52914,20419,2041
4978,2026-08-07,KrzysztofKruk,t5o,720575940569931086,45933,20478,2023
4979,2026-08-07,Nseraf,t3b,720575940575549563,31361,20385,2018
4980,2026-08-07,Nseraf,RBC,720575940556521410,34901,20405,2035
4981,2026-08-07,KrzysztofKruk,RBC,720575940570932333,58021,20291,2011
4982,2026-08-07,KrzysztofKruk,RBC,720575940573850565,33485,20476,2011
4983,2026-08-07,KrzysztofKruk,RBC,720575940575290264,32383,20497,2021
4984,2026-08-07,KrzysztofKruk,t1,720575940559425752,40999,20807,2059
4985,2026-08-07,Nseraf,t3b,720575940563274702,37908,20380,2026
4986,2026-08-07,KrzysztofKruk,t3b,720575940573534133,59296,20428,2061
4987,2026-08-07,Nseraf,t3b,720575940570196306,50834,20411,1979
4988,2026-08-07,KrzysztofKruk,RBC,720575940558064234,59215,20478,2020
4989,2026-08-07,KrzysztofKruk,t4,720575940578415932,31828,20494,2015
4990,2026-08-07,Nseraf,RBC,720575940547824389,46524,20415,2027
4991,2026-08-07,Nseraf,RBC,720575940554442842,41960,20428,2047
4992,2026-08-07,Nseraf,?,720575940547824901,57003,20388,2054
4993,2026-08-07,KrzysztofKruk,RBC,720575940573269437,38778,20470,1977
4994,2026-08-07,Nseraf,t3b,720575940561153354,45866,20372,2032
4995,2026-08-07,KrzysztofKruk,t3b,720575940564103827,41809,20481,1994
4996,2026-08-07,KrzysztofKruk,RBC,720575940578150815,39742,20494,2022
4997,2026-08-07,KrzysztofKruk,t6,720575940572816581,37893,20285,2028
4998,2026-08-07,Nseraf,RBC,720575940563274446,40974,20388,2056
4999,2026-08-07,Nseraf,t1,720575940573867920,41991,20748,2064
5000,2026-08-07,KrzysztofKruk,t5t,720575940551483002,40010,20469,1986
5001,2026-08-07,Nseraf,t5i,720575940559426008,49109,20399,2028
5002,2026-08-07,KrzysztofKruk,RBC,720575940584592406,55542,20499,2062
5003,2026-08-07,Nseraf,t6,720575940559435556,46538,20377,2009
5004,2026-08-07,Nseraf,t6,720575940571583083,48007,20373,2003
5005,2026-08-07,Nseraf,11,720575940552452672,42308,20425,2004
5006,2026-08-07,Nseraf,RBC,720575940565022777,31339,20417,2014
5007,2026-08-07,Nseraf,t5t,720575940569928782,38990,20428,2024
5008,2026-08-07,KrzysztofKruk,RBC,720575940571558333,33592,20295,1968
5009,2026-08-07,Nseraf,RBC,720575940552182720,56715,20409,1948
5010,2026-08-07,KrzysztofKruk,RBC,720575940565419110,29981,20295,2018
5011,2026-08-07,KrzysztofKruk,t6,720575940571260605,38674,20467,2042
5012,2026-08-07,KrzysztofKruk,t4,720575940558008114,50260,20266,2039
5013,2026-08-07,Nseraf,?,720575940572956357,37037,20373,2036
5014,2026-08-07,KrzysztofKruk,t5t,720575940575245976,33848,20291,1966
5015,2026-08-07,KrzysztofKruk,t2,720575940570196050,54019,20499,2056
5016,2026-08-07,KrzysztofKruk,RBC,720575940576807312,31907,20496,2002
5017,2026-08-07,Nseraf,t3a,720575940569930574,56244,20386,1989
5018,2026-08-07,Nseraf,RBC,720575940556143497,54253,20415,2012
5019,2026-08-07,KrzysztofKruk,RBC,720575940561463460,53413,20497,1937
5020,2026-08-07,Nseraf,t5i,720575940558005810,58014,20393,2005
5021,2026-08-07,Nseraf,t5i,720575940569930830,56772,20379,2042
5022,2026-08-07,Nseraf,t5i,720575940566026084,41750,20389,2024
5023,2026-08-07,Nseraf,11,720575940581762229,51870,20416,2063
5024,2026-08-07,KrzysztofKruk,?,720575940558008370,47885,20261,2056
5025,2026-08-07,Nseraf,t3b,720575940568349180,57714,20377,2037
5026,2026-08-07,KrzysztofKruk,t4,720575940558006578,49939,20277,2053
5027,2026-08-07,Nseraf,t6,720575940562892773,41678,20420,1992
5028,2026-08-07,KrzysztofKruk,t5i,720575940566360820,46687,20269,1992
5029,2026-08-07,KrzysztofKruk,RBC,720575940570003450,48613,20280,2028
5030,2026-08-07,Nseraf,11,720575940585085563,45849,20442,2064
5031,2026-08-07,KrzysztofKruk,t5i,720575940566360308,48288,20270,2021
5032,2026-08-07,KrzysztofKruk,t7,720575940573532597,59869,20274,2037
5033,2026-08-07,Nseraf,4,720575940570491844,47463,20383,2031
5034,2026-08-08,Nseraf,t3a,720575940560014983,51560,20326,1980
5035,2026-08-08,KrzysztofKruk,t3b,720575940563688958,55138,20235,2003
5036,2026-08-08,Nseraf,?,720575940560973147,57726,20340,2022
5037,2026-08-08,Nseraf,4,720575940571763765,59561,20111,2029
5038,2026-08-08,Nseraf,t6,720575940567087362,59370,20365,2045
5039,2026-08-08,KrzysztofKruk,GluMI,720575940558919657,30376,20196,2026
5040,2026-08-08,KrzysztofKruk,RBC,720575940570074718,53930,20254,2029
5041,2026-08-08,Nseraf,RBC,720575940560973403,33934,20340,2060
5042,2026-08-08,Nseraf,RBC,720575940552036647,56229,20297,2002
5043,2026-08-08,Nseraf,RBC,720575940558737020,56504,20085,1968
5044,2026-08-08,KrzysztofKruk,RBC,720575940568635054,47519,20016,2014
5045,2026-08-08,KrzysztofKruk,t6,720575940558735996,41644,20006,2026
5046,2026-08-08,Nseraf,RBC,720575940564217995,41909,20130,2017
5047,2026-08-08,KrzysztofKruk,RBC,720575940554001786,36942,20238,2017
5048,2026-08-08,Nseraf,RBC,720575940578077125,45277,20322,1933
5049,2026-08-08,Nseraf,t6,720575940562196243,34637,20120,2009
5050,2026-08-08,Nseraf,t2,720575940564102517,31336,20364,2015
5051,2026-08-08,Nseraf,RBC,720575940568439770,39003,20130,2025
5052,2026-08-08,KrzysztofKruk,t6,720575940571764021,48424,20016,2055
5053,2026-08-08,Nseraf,t4,720575940571303193,46113,20303,2032
5054,2026-08-08,Nseraf,RBC,720575940576122619,58452,20301,2054
5055,2026-08-08,Nseraf,4,720575940556910563,54235,20328,2026
5056,2026-08-08,Nseraf,RBC,720575940570125599,50530,20323,1958
5057,2026-08-08,Nseraf,?,720575940575257336,55261,20085,2046
5058,2026-08-08,KrzysztofKruk,RBC,720575940574260603,31597,20002,1996
5059,2026-08-08,Nseraf,t7,720575940554835287,33060,20096,2002
5060,2026-08-08,Nseraf,RBC,720575940578977796,45920,20114,2060
5061,2026-08-08,Nseraf,?,720575940578976516,53163,20190,2060
5062,2026-08-08,KrzysztofKruk,t6,720575940564218763,30781,20033,2056
5063,2026-08-08,Nseraf,t5i,720575940567317865,46062,20145,2006
5064,2026-08-08,Nseraf,t5t,720575940572557601,52882,20351,2042
5065,2026-08-08,Nseraf,t3b,720575940579905994,47575,20302,1985
5066,2026-08-08,Nseraf,XBC,720575940562581438,30016,20302,2019
5067,2026-08-08,KrzysztofKruk,t2,720575940564984127,33439,20207,1982
5068,2026-08-08,Nseraf,t5i,720575940583508423,50196,20102,2034
5069,2026-08-08,Nseraf,t3a,720575940570075998,49377,20081,1987
5070,2026-08-08,Nseraf,RBC,720575940583508167,44016,20106,2018
5071,2026-08-08,Nseraf,t3b,720575940538994355,56247,20143,2012
5072,2026-08-08,Nseraf,?,720575940578979844,48145,20085,2048
5073,2026-08-08,KrzysztofKruk,RBC,720575940570884285,36144,20206,2031
5074,2026-08-08,KrzysztofKruk,XBC,720575940560330291,32937,20222,2021
5075,2026-08-08,KrzysztofKruk,RBC,720575940572745925,36219,20015,2034
5076,2026-08-08,KrzysztofKruk,RBC,720575940564857235,42359,20233,2025
5077,2026-08-08,KrzysztofKruk,t5t,720575940555248128,57141,20028,1997
5078,2026-08-08,Nseraf,t3a,720575940564340051,50703,20342,2009
5079,2026-08-08,KrzysztofKruk,RBC,720575940568172462,47135,20003,1970
5080,2026-08-08,Nseraf,GluMI,720575940564574140,51141,20743,2064
5081,2026-08-08,KrzysztofKruk,RBC,720575940574207165,39359,20000,1950
5082,2026-08-08,KrzysztofKruk,t3b,720575940560687884,42729,20007,1984
5083,2026-08-08,KrzysztofKruk,t5o,720575940578738029,41752,20251,2055
5084,2026-08-08,Nseraf,GluMI,720575940576838845,38067,20301,2047
5085,2026-08-08,Nseraf,RBC,720575940555247360,35210,20130,2044
5086,2026-08-08,KrzysztofKruk,RBC,720575940574236027,30730,20033,2026
5087,2026-08-08,Nseraf,t7,720575940562207374,34554,20323,2010
5088,2026-08-08,KrzysztofKruk,t2,720575940568343201,40745,20204,2054
5089,2026-08-08,Nseraf,RBC,720575940573915548,46197,20080,2041
5090,2026-08-08,Nseraf,t3b,720575940557958375,33514,20343,1969
5091,2026-08-08,KrzysztofKruk,t5i,720575940575256312,31073,20209,2057
5092,2026-08-08,KrzysztofKruk,t5i,720575940564831003,54574,20248,2027
5093,2026-08-08,Nseraf,t8,720575940564574396,47542,20368,1981
5094,2026-08-08,Nseraf,t6,720575940562810506,55620,20362,2026
5095,2026-08-08,Nseraf,RBC,720575940578076357,50073,20323,2050
5096,2026-08-08,KrzysztofKruk,RBC,720575940571545789,35620,20204,1991
5097,2026-08-08,KrzysztofKruk,t6,720575940557906269,32910,20204,2045
5098,2026-08-08,KrzysztofKruk,t2,720575940562210210,38227,20221,2046
5099,2026-08-08,KrzysztofKruk,t5t,720575940562210466,51133,20216,2028
5100,2026-08-08,KrzysztofKruk,RBC,720575940560772364,42834,19999,1962
5101,2026-08-08,KrzysztofKruk,t3b,720575940584344598,55598,20003,2012
5102,2026-08-08,Nseraf,t7,720575940575257080,42286,20088,2043
5103,2026-08-08,Nseraf,RBC,720575940570125343,34488,20324,1980
5104,2026-08-08,Nseraf,t3b,720575940560974427,30043,20315,2026
5105,2026-08-08,Nseraf,RBC,720575940581763509,43478,20359,2036
5106,2026-08-08,KrzysztofKruk,t3b,720575940556152412,32850,20213,2020
5107,2026-08-08,KrzysztofKruk,t7,720575940555248384,59254,20024,2021
5108,2026-08-08,Nseraf,t7,720575940556909539,43796,20339,1995
5109,2026-08-08,KrzysztofKruk,RBC,720575940568002734,48240,20234,2046
5110,2026-08-08,KrzysztofKruk,t5i,720575940583420286,35213,20213,2011
5111,2026-08-08,KrzysztofKruk,t7,720575940557272964,38042,20190,2006
5112,2026-08-08,KrzysztofKruk,t3a,720575940583420030,35701,20228,2033
5113,2026-08-08,Nseraf,RBC,720575940562582462,32861,20186,1993
5114,2026-08-08,Nseraf,RBC,720575940566050891,55698,20140,2001
5115,2026-08-08,Nseraf,RBC,720575940558734460,38306,20155,1978
5116,2026-08-08,Nseraf,t5o,720575940578419004,43474,20165,1973
5117,2026-08-08,Nseraf,t3a,720575940570536976,33822,20189,2013
5118,2026-08-08,Nseraf,t5o,720575940571762741,35769,20142,2040
5119,2026-08-08,Nseraf,t4,720575940583419774,58378,20157,2028
5120,2026-08-08,Nseraf,RBC,720575940568440538,37004,20086,2012
5121,2026-08-08,Nseraf,t3b,720575940568193336,35198,20117,2026
5122,2026-08-08,KrzysztofKruk,GluMI,720575940559436580,41818,20261,2042
5123,2026-08-08,Nseraf,?,720575940556909795,56839,20329,2045
5124,2026-08-08,Nseraf,t5i,720575940561676977,47520,20304,1983
5125,2026-08-08,Nseraf,t5t,720575940538994867,42829,20099,2030
5126,2026-08-08,Nseraf,t1,720575940566512485,44025,21357,2044
5127,2026-08-08,Nseraf,t3a,720575940578076869,39679,20322,2012
5128,2026-08-08,KrzysztofKruk,t5i,720575940578979076,57802,20001,2012
5129,2026-08-08,Nseraf,t5i,720575940583419262,57298,20175,2040
5130,2026-08-08,Nseraf,GluMI,720575940575309526,45339,20088,2017
5131,2026-08-08,KrzysztofKruk,t3a,720575940570921334,32838,20253,2012
5132,2026-08-08,Nseraf,RBC,720575940578417980,52759,20298,2004
5133,2026-08-08,KrzysztofKruk,t2,720575940554519930,37289,20011,2054
5134,2026-08-08,KrzysztofKruk,t7,720575940553916026,37117,20228,2027
5135,2026-08-08,Nseraf,RBC,720575940566895234,31198,20362,2018
5136,2026-08-08,KrzysztofKruk,t3b,720575940551997306,39606,20244,2061
5137,2026-08-08,Nseraf,t5o,720575940560013959,59807,20326,2042
5138,2026-08-08,Nseraf,?,720575940566559471,51564,20144,2055
5139,2026-08-08,KrzysztofKruk,t2,720575940576122363,33899,20258,1986
5140,2026-08-08,Nseraf,RBC,720575940570920822,42783,20180,2044
5141,2026-08-08,KrzysztofKruk,XBC,720575940578077381,56063,20280,2010
5142,2026-08-08,Nseraf,RBC,720575940538995379,55136,20086,2017
5143,2026-08-08,Nseraf,t3b,720575940559195224,40932,20349,2010
5144,2026-08-08,Nseraf,RBC,720575940572478668,55189,20345,2036
5145,2026-08-08,KrzysztofKruk,RBC,720575940569491963,46752,20199,2017
5146,2026-08-08,Nseraf,t6,720575940568439514,39453,20183,2012
5147,2026-08-09,KrzysztofKruk,?,720575940575587984,46151,19927,2063
5148,2026-08-09,Nseraf,RBC,720575940566520933,39527,23662,1974
5149,2026-08-09,KrzysztofKruk,RBC,720575940575453637,40529,19952,2034
5150,2026-08-09,KrzysztofKruk,RBC,720575940568198062,49022,19985,2028
5151,2026-08-09,Nseraf,t6,720575940559437860,51002,23618,1970
5152,2026-08-09,Nseraf,t5t,720575940538996659,41151,19836,1806
5153,2026-08-09,Nseraf,t5o,720575940568344993,51664,23696,1761
5154,2026-08-09,Nseraf,RBC,720575940560981339,38441,23635,2023
5155,2026-08-09,KrzysztofKruk,t3b,720575940566756257,38274,19995,1914
5156,2026-08-09,Nseraf,RBC,720575940578981636,54450,20052,2060
5157,2026-08-09,KrzysztofKruk,t6,720575940563691518,56026,19954,2051
5158,2026-08-09,KrzysztofKruk,RBC,720575940557230922,57365,19997,2003
5159,2026-08-09,KrzysztofKruk,t3b,720575940572564157,36444,19916,2053
5160,2026-08-09,Nseraf,t5t,720575940553604095,35085,23614,1976
5161,2026-08-09,Nseraf,RBC,720575940581633176,44377,19819,2010
5162,2026-08-09,KrzysztofKruk,t2,720575940563691262,45277,20215,2055
5163,2026-08-09,KrzysztofKruk,t6,720575940562271379,43258,19932,2059
5164,2026-08-09,Nseraf,?,720575940562814090,47858,19843,2052
5165,2026-08-09,Nseraf,t8,720575940564833051,50299,23658,2006
5166,2026-08-09,Nseraf,t5o,720575940559444004,38366,23649,2015
5167,2026-08-09,Nseraf,t3b,720575940557603450,55140,20061,2033
5168,2026-08-09,Nseraf,RBC,720575940564832539,31550,23635,2024
5169,2026-08-09,Nseraf,t4,720575940570076766,47674,20073,2034
5170,2026-08-09,Nseraf,t5i,720575940564834075,37667,23693,1970
5171,2026-08-09,Nseraf,RBC,720575940551145787,49135,23696,2044
5172,2026-08-09,Nseraf,RBC,720575940581628793,38422,23633,2049
5173,2026-08-09,KrzysztofKruk,t3b,720575940562581835,54901,19930,2018
5174,2026-08-09,KrzysztofKruk,XBC,720575940579909066,48658,19988,2030
5175,2026-08-09,KrzysztofKruk,RBC,720575940562269452,45151,19992,2050
5176,2026-08-09,Nseraf,t5i,720575940570924150,29742,23677,2024
5177,2026-08-09,Nseraf,t8,720575940562813322,46260,23692,2004
5178,2026-08-09,Nseraf,t3a,720575940568195128,55870,23694,2038
5179,2026-08-09,Nseraf,?,720575940578085573,50587,23641,2055
5180,2026-08-09,Nseraf,t5o,720575940561886556,28063,23630,1996
5181,2026-08-09,KrzysztofKruk,t3b,720575940569654925,31426,19939,1996
5182,2026-08-09,Nseraf,t3a,720575940557716020,43844,23686,2037
5183,2026-08-09,KrzysztofKruk,RBC,720575940568344225,31357,19933,2045
5184,2026-08-09,KrzysztofKruk,t6,720575940562209171,42361,19977,2048
5185,2026-08-09,Nseraf,RBC,720575940563692030,35961,23681,1995
5186,2026-08-09,Nseraf,t5t,720575940562814346,36250,19839,2030
5187,2026-08-09,Nseraf,11,720575940559168826,43498,19823,1997
5188,2026-08-09,Nseraf,t3b,720575940551145275,53137,23665,2035
5189,2026-08-09,KrzysztofKruk,RBC,720575940573195152,43858,19927,2046
5190,2026-08-09,KrzysztofKruk,t4,720575940562213538,52071,19921,2008
5191,2026-08-09,KrzysztofKruk,RBC,720575940563881803,51528,19931,2021
5192,2026-08-09,KrzysztofKruk,t5i,720575940576844989,52754,19942,2018
5193,2026-08-09,Nseraf,t3a,720575940560983899,53563,23645,1985
5194,2026-08-09,Nseraf,t5t,720575940560983643,51057,23642,2030
5195,2026-08-09,Nseraf,t3b,720575940561786140,50467,19825,2037
5196,2026-08-09,KrzysztofKruk,t2,720575940551822202,39808,19941,2013
5197,2026-08-09,KrzysztofKruk,t6,720575940573216912,44244,19997,2055
5198,2026-08-09,Nseraf,RBC,720575940583510983,55506,19819,2019
5199,2026-08-09,Nseraf,?,720575940558739836,48740,19841,2019
5200,2026-08-09,KrzysztofKruk,t5t,720575940562583230,30761,19986,2021
5201,2026-08-09,KrzysztofKruk,11,720575940560980059,46519,20338,2060
5202,2026-08-09,Nseraf,RBC,720575940579026988,35519,19824,2036
5203,2026-08-09,Nseraf,t3a,720575940561888604,47550,23639,1990
5204,2026-08-09,Nseraf,RBC,720575940554194883,37112,23700,2010
5205,2026-08-09,Nseraf,t7,720575940562813066,48404,23682,1998
5206,2026-08-09,KrzysztofKruk,11,720575940549182932,42196,19917,1988
5207,2026-08-09,KrzysztofKruk,t5o,720575940569655437,53936,19921,2028
5208,2026-08-09,KrzysztofKruk,t7,720575940560925196,44300,19976,2034
5209,2026-08-09,Nseraf,t6,720575940568194616,56534,23665,1954
5210,2026-08-09,Nseraf,GluMI,720575940583511239,43435,20369,2064
5211,2026-08-09,KrzysztofKruk,t3b,720575940567860654,47225,19984,2012
5212,2026-08-09,Nseraf,RBC,720575940563569420,48292,23685,2012
5213,2026-08-09,Nseraf,11,720575940563182506,52914,20047,2058
5214,2026-08-09,Nseraf,t3a,720575940579026732,55995,19825,2043
5215,2026-08-09,Nseraf,t6,720575940579912906,28097,23653,2010
5216,2026-08-09,Nseraf,XBC,720575940560015495,42511,19835,2022
5217,2026-08-09,Nseraf,t1,720575940569423026,52488,19819,2045
5218,2026-08-09,Nseraf,t3a,720575940561883996,30746,23621,2022
5219,2026-08-09,Nseraf,t3b,720575940571304985,27810,23623,2025
5220,2026-08-09,KrzysztofKruk,RBC,720575940579913674,52549,19953,2046
5221,2026-08-09,Nseraf,t3b,720575940581631353,41808,23663,2044
5222,2026-08-09,KrzysztofKruk,t5i,720575940570540304,49432,19933,2038
5223,2026-08-09,Nseraf,t5t,720575940583509703,56501,23700,1975
5224,2026-08-09,KrzysztofKruk,t6,720575940575106757,36872,19975,2023
5225,2026-08-09,Nseraf,t3b,720575940564355992,38214,23701,2024
5226,2026-08-09,Nseraf,t7,720575940559442724,47391,23639,1991
5227,2026-08-09,Nseraf,t4,720575940557603962,37610,23712,2006
5228,2026-08-09,Nseraf,RBC,720575940563182506,49310,20036,2053
5229,2026-08-09,Nseraf,11,720575940557715764,40897,20056,2045
5230,2026-08-09,KrzysztofKruk,RBC,720575940582154262,50755,19965,2002
5231,2026-08-09,KrzysztofKruk,t3b,720575940569301499,45847,19929,2010
5232,2026-08-09,Nseraf,GluMI,720575940576844221,27799,23653,2032
5233,2026-08-09,Nseraf,t2,720575940568194872,36006,23675,2013
5234,2026-08-09,Nseraf,GluMI,720575940555249408,54999,23688,2009
5235,2026-08-09,Nseraf,RBC,720575940564985663,37644,23690,2005
5236,2026-08-09,KrzysztofKruk,t2,720575940557716276,30794,19917,1992
5237,2026-08-09,Nseraf,t4,720575940554837847,35776,20056,2030
5238,2026-08-09,KrzysztofKruk,XBC,720575940561680817,57243,19965,2011
5239,2026-08-09,Nseraf,t5t,720575940561679537,48194,23627,2019
5240,2026-08-09,KrzysztofKruk,t2,720575940572738237,35955,19934,2037
5241,2026-08-09,Nseraf,t5i,720575940576843709,54662,23649,2000
5242,2026-08-09,KrzysztofKruk,t6,720575940568194360,52495,19937,2022
5243,2026-08-09,Nseraf,t6,720575940578084037,54782,23636,2024
5244,2026-08-09,KrzysztofKruk,t7,720575940561868861,49599,19929,2016
5245,2026-08-09,Nseraf,t5t,720575940570487412,58161,20051,2046
5246,2026-08-09,Nseraf,RBC,720575940581629817,53100,23655,2021
5247,2026-08-09,Nseraf,RBC,720575940563182250,46779,20055,1975
5248,2026-08-09,KrzysztofKruk,?,720575940564256420,55262,19932,2032
5249,2026-08-09,Nseraf,t6,720575940557603706,40894,23710,1998
5250,2026-08-09,Nseraf,t1,720575940554837335,54971,19896,2063
5251,2026-08-09,Nseraf,t4,720575940560979547,27870,23628,2055
5252,2026-08-09,KrzysztofKruk,t2,720575940570923382,31557,19962,1972
5253,2026-08-09,Nseraf,?,720575940571764277,46349,20079,2057
5254,2026-08-09,Nseraf,t5o,720575940564985919,41784,23692,2051
5255,2026-08-09,KrzysztofKruk,RBC,720575940561045139,44855,19959,1978
5256,2026-08-09,Nseraf,t3b,720575940570540560,49213,23667,1977
5257,2026-08-10,KrzysztofKruk,t2,720575940559439320,38756,19896,2056
5258,2026-08-10,KrzysztofKruk,RBC,720575940575466181,40095,19857,2020
5259,2026-08-10,AzureJay,t5o,720575940583512007,26788,25823,2045
5260,2026-08-10,KrzysztofKruk,t5i,720575940561157509,35920,19846,1999
5261,2026-08-10,Nseraf,RBC,720575940577888186,32803,19735,2045
5262,2026-08-10,KrzysztofKruk,RBC,720575940552856814,59786,19866,2012
5263,2026-08-10,KrzysztofKruk,?,720575940572484044,55761,20050,2059
5264,2026-08-10,KrzysztofKruk,?,720575940561500443,57293,19886,2017
5265,2026-08-10,KrzysztofKruk,RBC,720575940569490939,47044,19580,2007
5266,2026-08-10,Nseraf,t5i,720575940560449325,56082,19802,2015
5267,2026-08-10,KrzysztofKruk,t7,720575940560897956,56712,19572,2041
5268,2026-08-10,KrzysztofKruk,?,720575940566046308,36823,19895,2045
5269,2026-08-10,KrzysztofKruk,t7,720575940556828815,58208,19883,2004
5270,2026-08-10,Nseraf,RBC,720575940552184512,53643,19762,1998
5271,2026-08-10,KrzysztofKruk,t1,720575940551529954,34093,19849,2015
5272,2026-08-10,Nseraf,t3a,720575940571675913,32748,19731,2006
5273,2026-08-10,Nseraf,t4,720575940584103742,40478,19755,2062
5274,2026-08-10,KrzysztofKruk,t5t,720575940561124744,54887,19908,2023
5275,2026-08-10,Nseraf,t8,720575940555453208,31617,19811,2010
5276,2026-08-10,Nseraf,t4,720575940552971744,35046,19799,2035
5277,2026-08-10,KrzysztofKruk,t3b,720575940565266401,52902,19592,1996
5278,2026-08-10,Nseraf,RBC,720575940563395148,34641,19791,2052
5279,2026-08-10,KrzysztofKruk,RBC,720575940563436812,48098,19873,2007
5280,2026-08-10,KrzysztofKruk,t3b,720575940569508859,46486,19895,2018
5281,2026-08-10,Nseraf,XBC,720575940573674343,44364,19744,2025
5282,2026-08-10,KrzysztofKruk,?,720575940561404580,52668,19578,2028
5283,2026-08-10,Nseraf,RBC,720575940569423794,38404,19816,2037
5284,2026-08-10,KrzysztofKruk,RBC,720575940568200504,45728,19602,1965
5285,2026-08-10,KrzysztofKruk,RBC,720575940562801691,57684,19850,2029
5286,2026-08-10,Nseraf,?,720575940560449581,57307,19801,2047
5287,2026-08-10,KrzysztofKruk,?,720575940579036204,40648,19648,2052
5288,2026-08-10,Nseraf,t3a,720575940574746144,37884,19790,2017
5289,2026-08-10,KrzysztofKruk,RBC,720575940583122198,52311,19618,1958
5290,2026-08-10,KrzysztofKruk,RBC,720575940553200458,31966,19884,2011
5291,2026-08-10,Nseraf,11,720575940565659383,39502,19811,2043
5292,2026-08-10,Nseraf,t6,720575940565660151,58516,19809,1994
5293,2026-08-10,KrzysztofKruk,t5i,720575940557280900,40326,19860,2035
5294,2026-08-10,Nseraf,RBC,720575940571301800,38665,19777,2017
5295,2026-08-10,KrzysztofKruk,RBC,720575940566046283,56253,19914,1996
5296,2026-08-10,Nseraf,t4,720575940561901660,55780,19780,2024
5297,2026-08-10,KrzysztofKruk,RBC,720575940574387125,58708,19857,1992
5298,2026-08-10,KrzysztofKruk,t8,720575940561635024,48393,19850,2017
5299,2026-08-10,Nseraf,t3a,720575940572435643,45531,19755,2042
5300,2026-08-10,Nseraf,RBC,720575940565430118,55740,19781,2000
5301,2026-08-10,Nseraf,t5t,720575940583511751,48868,19812,2037
5302,2026-08-10,KrzysztofKruk,t6,720575940559000006,31919,19909,2006
5303,2026-08-10,KrzysztofKruk,t3b,720575940566027485,53994,19857,2037
5304,2026-08-10,KrzysztofKruk,t5o,720575940552979182,58916,19608,2014
5305,2026-08-10,KrzysztofKruk,t3a,720575940552185280,54745,19596,2047
5306,2026-08-10,KrzysztofKruk,RBC,720575940560949139,41958,19896,1951
5307,2026-08-10,KrzysztofKruk,t3a,720575940570176589,33959,19857,1977
5308,2026-08-10,KrzysztofKruk,t3b,720575940576780959,47537,19908,2026
5309,2026-08-10,Nseraf,t3b,720575940551529698,34678,19803,2054
5310,2026-08-10,KrzysztofKruk,RBC,720575940563954507,50025,19883,1987
5311,2026-08-10,KrzysztofKruk,t7,720575940548170077,32513,19863,2028
5312,2026-08-10,KrzysztofKruk,t7,720575940547828741,44378,19576,2010
5313,2026-08-10,Nseraf,t3b,720575940574748192,33480,19748,2021
5314,2026-08-10,KrzysztofKruk,t5o,720575940561634256,32121,19868,1988
5315,2026-08-10,Nseraf,XBC,720575940559957085,53198,19771,1968
5316,2026-08-10,Nseraf,t5t,720575940568669047,33675,19731,2025
5317,2026-08-10,Nseraf,t6,720575940552183488,33688,19788,2000
5318,2026-08-10,Nseraf,t7,720575940579797096,53313,19789,2054
5319,2026-08-10,KrzysztofKruk,RBC,720575940554147962,35041,19896,2059
5320,2026-08-10,KrzysztofKruk,t6,720575940568656046,48526,19575,2054
5321,2026-08-10,Nseraf,RBC,720575940555454488,33780,19792,2016
5322,2026-08-10,Nseraf,t6,720575940559957341,36231,19763,2030
5323,2026-08-10,Nseraf,t3a,720575940560786379,52781,19770,1993
5324,2026-08-10,Nseraf,RBC,720575940573673063,52995,19786,2022
5325,2026-08-10,KrzysztofKruk,t6,720575940575466949,39692,19890,2023
5326,2026-08-10,KrzysztofKruk,t6,720575940564520365,42535,19894,2027
5327,2026-08-10,Nseraf,t3b,720575940560786635,56148,19742,2026
5328,2026-08-10,KrzysztofKruk,t7,720575940570863549,36477,19903,2033
5329,2026-08-10,KrzysztofKruk,t5i,720575940561125512,51473,19887,1979
5330,2026-08-10,KrzysztofKruk,t3b,720575940574284411,31517,19573,1523
5331,2026-08-10,Nseraf,?,720575940561902684,47114,19766,2055
5332,2026-08-10,KrzysztofKruk,t3b,720575940562147236,51187,19616,2048
5333,2026-08-10,KrzysztofKruk,RBC,720575940561055635,42983,19574,1948
5334,2026-08-10,Nseraf,GluMI,720575940551148347,33588,19793,2015
5335,2026-08-10,Nseraf,t5i,720575940574748448,34802,19747,2003
5336,2026-08-10,Nseraf,t7,720575940578154911,33941,19791,2031
5337,2026-08-10,KrzysztofKruk,RBC,720575940555215994,38598,19628,2048
5338,2026-08-10,Nseraf,?,720575940571701022,55013,19784,2045
5339,2026-08-11,KrzysztofKruk,?,720575940581154326,50193,19672,2062
5340,2026-08-11,Nseraf,RBC,720575940574560409,31967,19300,2028
5341,2026-08-11,Nseraf,t3b,720575940571803957,49806,19336,2060
5342,2026-08-11,Nseraf,RBC,720575940575324630,33525,19375,2011
5343,2026-08-11,KrzysztofKruk,RBC,720575940554145658,34042,19548,2007
5344,2026-08-11,Nseraf,t3b,720575940569447346,40027,19683,2024
5345,2026-08-11,KrzysztofKruk,RBC,720575940581286513,45886,19530,1994
5346,2026-08-11,Nseraf,t3b,720575940574752032,56610,19643,2039
5347,2026-08-11,Nseraf,t8,720575940548988601,34278,19644,2012
5348,2026-08-11,Nseraf,t6,720575940576945679,33709,19722,2010
5349,2026-08-11,Nseraf,?,720575940554863191,58361,19333,2046
5350,2026-08-11,Nseraf,t6,7.20576E+17,50765,19357,1970
5351,2026-08-11,Nseraf,?,720575940564230795,42035,19715,2063
5352,2026-08-11,Nseraf,t3b,720575940564786257,42250,19712,2051
5353,2026-08-11,Annkri,t5i,720575940556631082,40897,18809,2016
5354,2026-08-11,KrzysztofKruk,t5o,720575940561782077,49530,19540,1984
5355,2026-08-11,Nseraf,t3b,720575940573923484,52966,19301,2048
5356,2026-08-11,Nseraf,t3b,720575940581287537,55424,19376,2046
5357,2026-08-11,KrzysztofKruk,t3b,720575940574237563,30625,19555,1985
5358,2026-08-11,KrzysztofKruk,RBC,720575940560933284,54898,19490,2015
5359,2026-08-11,Nseraf,RBC,720575940552186560,36537,19699,2032
5360,2026-08-11,Nseraf,t3a,720575940589911444,30984,19693,1969
5361,2026-08-11,Nseraf,t3b,720575940565017051,44086,19639,2048
5362,2026-08-11,Nseraf,?,720575940552186048,40884,19717,2014
5363,2026-08-11,Nseraf,RBC,720575940564586940,53644,19309,1955
5364,2026-08-11,Nseraf,RBC,720575940557283716,44845,19685,2005
5365,2026-08-11,KrzysztofKruk,?,720575940573214096,44172,19505,2026
5366,2026-08-11,KrzysztofKruk,?,720575940573968176,53151,19816,2062
5367,2026-08-11,KrzysztofKruk,t5i,720575940566040989,34093,19540,1708
5368,2026-08-11,Nseraf,RBC,720575940565267169,58800,19715,1988
5369,2026-08-11,Annkri,t8,720575940584426542,44538,18806,1970
5370,2026-08-11,KrzysztofKruk,11,720575940581636662,49494,19527,2023
5371,2026-08-11,Nseraf,?,720575940561163909,56858,19674,1972
5372,2026-08-11,KrzysztofKruk,t6,720575940560933540,53961,19542,2032
5373,2026-08-11,Nseraf,RBC,720575940566914212,50928,19638,1953
5374,2026-08-11,Nseraf,GluMI,720575940547834117,32991,19321,1995
5375,2026-08-11,KrzysztofKruk,t3b,720575940560883108,55974,19520,2038
5376,2026-08-11,Annkri,t8,720575940567923096,58277,18815,1990
5377,2026-08-11,Nseraf,RBC,720575940557533928,59370,19667,2018
5378,2026-08-11,Nseraf,t2,720575940552186304,38546,19710,2054
5379,2026-08-11,Nseraf,RBC,720575940576945167,50355,19727,2003
5380,2026-08-11,Nseraf,t3a,720575940548990393,50230,19329,2025
5381,2026-08-11,KrzysztofKruk,t5i,720575940569449138,30581,19497,2007
5382,2026-08-11,KrzysztofKruk,t8,720575940559182690,42685,19555,1987
5383,2026-08-11,KrzysztofKruk,XBC,720575940570099038,51345,19558,2023
5384,2026-08-11,KrzysztofKruk,t5i,720575940581286769,45688,19525,2029
5385,2026-08-11,KrzysztofKruk,RBC,720575940562792267,55257,19505,2058
5386,2026-08-11,Nseraf,t3b,720575940570138911,36759,19322,2059
5387,2026-08-11,Nseraf,GluMI,720575940571340313,43799,19325,2024
5388,2026-08-11,Nseraf,RBC,720575940554862167,39046,19394,2018
5389,2026-08-11,Nseraf,RBC,720575940554862935,57287,19350,2021
5390,2026-08-11,KrzysztofKruk,t5i,720575940566590191,39410,19544,2060
5391,2026-08-11,Nseraf,t1,720575940554201027,32719,19727,1979
5392,2026-08-11,Nseraf,RBC,720575940575325654,34026,19365,2017
5393,2026-08-11,KrzysztofKruk,t5i,720575940562837642,37432,19554,1660
5394,2026-08-11,Nseraf,t4,720575940566910594,33463,19327,1996
5395,2026-08-11,Nseraf,t6,720575940561164933,47987,19300,2014
5396,2026-08-11,Nseraf,t6,720575940564525997,33459,19371,1995
5397,2026-08-11,KrzysztofKruk,RBC,720575940575334032,43747,19537,1954
5398,2026-08-11,Nseraf,t6,720575940576850877,49274,19710,1966
5399,2026-08-11,KrzysztofKruk,?,720575940570924141,58732,19558,2038
5400,2026-08-11,Nseraf,t7,720575940575278840,38939,19381,2022
5401,2026-08-11,KrzysztofKruk,RBC,720575940569526523,47732,19494,2019
5402,2026-08-11,KrzysztofKruk,RBC,720575940583124502,51993,19511,2038
5403,2026-08-11,Nseraf,t6,720575940559568165,40348,19308,1998
5404,2026-08-11,Nseraf,RBC,720575940553541313,31790,19393,2022
5405,2026-08-11,KrzysztofKruk,t7,720575940568376929,50060,19550,2026
5406,2026-08-11,KrzysztofKruk,t3a,720575940561912979,42789,19500,2056
5407,2026-08-11,Nseraf,t3b,720575940555057221,50247,19693,2036
5408,2026-08-11,KrzysztofKruk,4,720575940554145658,56070,19547,2003
5409,2026-08-11,KrzysztofKruk,?,720575940548988345,51216,19527,2054
5410,2026-08-11,KrzysztofKruk,t4,720575940581288305,58561,19490,2060
5411,2026-08-11,KrzysztofKruk,t3a,720575940584345622,54118,19556,2007
5412,2026-08-11,KrzysztofKruk,RBC,720575940581797654,53432,19539,1990
5413,2026-08-11,Nseraf,RBC,720575940581288561,36385,19375,2052
5414,2026-08-11,Nseraf,GluMI,720575940566040733,36470,19666,2048
5415,2026-08-11,Nseraf,t3a,720575940563028697,49585,19354,1996
5416,2026-08-11,KrzysztofKruk,t5i,720575940582105622,52039,19526,2034
5417,2026-08-11,KrzysztofKruk,t6,720575940551439994,35480,19546,2030
5418,2026-08-11,Nseraf,RBC,720575940586351158,42271,19700,2014
5419,2026-08-11,Nseraf,GluMI,720575940562904037,34520,19726,2040
5420,2026-08-11,KrzysztofKruk,?,720575940568420870,49772,19570,2056
5421,2026-08-11,KrzysztofKruk,11,720575940570289077,54413,19544,1995
5422,2026-08-11,Nseraf,t7,720575940579797864,51235,19721,2033
5423,2026-08-11,Nseraf,t4,720575940575278584,44865,19386,2042
5424,2026-08-11,Annkri,?,720575940575325910,42113,18308,2056
5425,2026-08-11,Nseraf,RBC,720575940584426286,59210,19302,2003
5426,2026-08-11,Nseraf,t6,720575940564586172,46972,19680,2047
5427,2026-08-11,Nseraf,t5o,720575940559567653,33550,19315,2061
5428,2026-08-11,Nseraf,RBC,720575940558933225,47281,19325,1997
5429,2026-08-11,KrzysztofKruk,t5i,720575940578431036,31541,19568,2021
5430,2026-08-11,KrzysztofKruk,t1,720575940553756019,37692,19559,2038
5431,2026-08-11,Nseraf,?,720575940557534952,58986,19658,2021
5432,2026-08-11,Nseraf,RBC,720575940564587196,50638,19305,2019
5433,2026-08-11,Nseraf,t2,720575940556628522,32809,19649,2032
5434,2026-08-11,Nseraf,t5o,720575940567098515,52768,19654,2035
5435,2026-08-11,KrzysztofKruk,11,720575940573942717,40549,19548,2006
5436,2026-08-11,Nseraf,t3b,720575940548988857,38564,19643,1980
5437,2026-08-11,Nseraf,?,720575940566912676,57487,19675,2060
5438,2026-08-11,Nseraf,RBC,720575940570017018,33628,19695,1957
5439,2026-08-11,KrzysztofKruk,RBC,720575940584280854,55976,19538,2008
5440,2026-08-11,Nseraf,t5i,720575940556629034,55254,19379,1989
5441,2026-08-11,Nseraf,11,720575940561162885,51641,19685,2063
5442,2026-08-11,KrzysztofKruk,t7,720575940570916205,58794,19542,1957
5443,2026-08-11,Nseraf,t3b,720575940572484556,48786,19701,2038
5444,2026-08-11,Nseraf,RBC,720575940579059500,33534,19691,2003
5445,2026-08-11,Nseraf,t4,720575940552608349,32697,19690,2023
5446,2026-08-11,KrzysztofKruk,t1,720575940551488890,40357,20110,2060
5447,2026-08-12,Nseraf,RBC,720575940552911787,40782,19291,2043
5448,2026-08-12,Nseraf,RBC,720575940547498325,38247,19225,2035
5449,2026-08-12,Nseraf,t3b,720575940563049945,47949,19295,2029
5450,2026-08-12,Nseraf,t3b,720575940574933053,36125,19233,1966
5451,2026-08-12,KrzysztofKruk,t6,720575940570765245,35060,19458,2028
5452,2026-08-12,KrzysztofKruk,?,720575940557838764,58242,19164,2046
5453,2026-08-12,KrzysztofKruk,t6,720575940561887123,45118,19485,1999
5454,2026-08-12,Nseraf,t3b,720575940558642271,52172,19236,2037
5455,2026-08-12,KrzysztofKruk,t6,720575940556824463,57378,19433,2015
5456,2026-08-12,Nseraf,t5o,720575940556666410,34618,19260,2005
5457,2026-08-12,KrzysztofKruk,t8,720575940547847429,51100,19479,1996
5458,2026-08-12,KrzysztofKruk,RBC,720575940557265738,57532,19412,1997
5459,2026-08-12,Nseraf,RBC,720575940572241457,48954,19252,2006
5460,2026-08-12,KrzysztofKruk,t7,720575940572448699,41515,19440,2038
5461,2026-08-12,KrzysztofKruk,RBC,720575940574827664,44198,19406,2015
5462,2026-08-12,Nseraf,?,720575940581315441,42216,19227,2018
5463,2026-08-12,KrzysztofKruk,t4,720575940570149663,53938,19441,2048
5464,2026-08-12,KrzysztofKruk,RBC,720575940567875758,46218,19450,2010
5465,2026-08-12,Nseraf,?,720575940558641247,48063,19256,2056
5466,2026-08-12,Nseraf,?,720575940575243664,45316,19392,2064
5467,2026-08-12,Nseraf,t3b,720575940564804689,32403,19248,2060
5468,2026-08-12,KrzysztofKruk,GluMI,720575940569947726,41761,19394,2059
5469,2026-08-12,KrzysztofKruk,t4,720575940567976556,49988,19408,2060
5470,2026-08-12,KrzysztofKruk,t6,720575940581728278,53154,19459,1976
5471,2026-08-12,KrzysztofKruk,t5o,720575940562234530,48413,19400,2026
5472,2026-08-12,Nseraf,t5i,720575940561192837,48764,19223,2028
5473,2026-08-12,KrzysztofKruk,t3a,720575940563782731,51391,19405,2039
5474,2026-08-12,KrzysztofKruk,RBC,720575940584282134,56358,19425,2013
5475,2026-08-12,Nseraf,t5i,720575940569478578,38628,19264,2034
5476,2026-08-12,Nseraf,t6,720575940572242225,56995,19246,1978
5477,2026-08-12,KrzysztofKruk,t3b,720575940579066668,44796,19445,2031
5478,2026-08-12,KrzysztofKruk,RBC,720575940557623674,37934,19465,1966
5479,2026-08-12,KrzysztofKruk,t3b,720575940564954864,41508,19409,2010
5480,2026-08-12,Nseraf,t7,720575940561165701,54296,19297,2008
5481,2026-08-12,KrzysztofKruk,RBC,720575940563882827,51712,19446,1955
5482,2026-08-12,Nseraf,t4,720575940556791834,42377,19291,2056
5483,2026-08-12,KrzysztofKruk,RBC,720575940552115322,37117,19472,2050
5484,2026-08-12,Nseraf,t2,720575940581013648,31227,19291,1979
5485,2026-08-12,Nseraf,?,720575940568568842,42898,19604,2064
5486,2026-08-12,KrzysztofKruk,RBC,720575940571117245,35182,19412,2008
5487,2026-08-12,KrzysztofKruk,t2,720575940573050309,33485,19412,2000
5488,2026-08-12,KrzysztofKruk,t1,720575940555472920,44839,19635,2054
5489,2026-08-12,Nseraf,t5o,720575940560057991,47181,19251,2028
5490,2026-08-12,Nseraf,11,720575940558642015,42703,19086,2064
5491,2026-08-12,Nseraf,?,720575940572240945,36321,19257,2021
5492,2026-08-12,Nseraf,t5i,720575940547496533,47201,19291,2031
5493,2026-08-12,Nseraf,t3a,720575940564954608,31956,19274,2009
5494,2026-08-12,Nseraf,?,720575940571335080,54781,19274,2041
5495,2026-08-12,Nseraf,t3a,720575940563413068,44627,19276,2052
5496,2026-08-12,KrzysztofKruk,RBC,720575940574475965,39809,19413,2015
5497,2026-08-12,KrzysztofKruk,11,720575940579131689,50610,19434,2030
5498,2026-08-12,KrzysztofKruk,t3a,720575940560057735,36046,19409,1963
5499,2026-08-12,KrzysztofKruk,t5i,720575940566941348,54535,19165,2056
5500,2026-08-12,Nseraf,t6,720575940559607077,54605,19291,1999
5501,2026-08-12,KrzysztofKruk,t5i,720575940551555554,36324,19427,1995
5502,2026-08-12,Nseraf,t6,720575940564912880,46099,19298,1949
5503,2026-08-12,Nseraf,t3b,720575940559227620,53155,19283,2037
5504,2026-08-12,Nseraf,11,720575940563708670,48402,19290,2027
5505,2026-08-12,KrzysztofKruk,t6,720575940575436667,30614,19410,2056
5506,2026-08-12,KrzysztofKruk,t1,720575940553015008,30609,19454,1938
5507,2026-08-12,KrzysztofKruk,t3b,720575940574202813,38526,19483,2054
5508,2026-08-12,Nseraf,RBC,720575940557624442,58020,19256,1943
5509,2026-08-12,KrzysztofKruk,t5t,720575940553014752,35262,19454,2031
5510,2026-08-12,Nseraf,RBC,720575940559227876,58639,19277,1982
5511,2026-08-12,KrzysztofKruk,t5i,720575940578435900,41886,19416,1998
5512,2026-08-12,KrzysztofKruk,t3b,720575940555995154,44787,19169,2028
5513,2026-08-12,KrzysztofKruk,t6,720575940552443118,58693,19158,2023
5514,2026-08-12,KrzysztofKruk,t3b,720575940561128356,53262,19436,2030
5515,2026-08-12,KrzysztofKruk,t4,720575940551390024,41198,19416,2024
5516,2026-08-12,Nseraf,RBC,720575940567976300,44489,19262,2032
5517,2026-08-12,KrzysztofKruk,RBC,720575940568457467,44960,19432,2027
5518,2026-08-12,KrzysztofKruk,t4,720575940561192325,38996,19397,1984
5519,2026-08-13,Nseraf,11,720575940570532292,50144,17919,2064
5520,2026-08-13,Nseraf,t3b,720575940566980772,52934,19186,2026
5521,2026-08-13,Nseraf,t5i,720575940567124371,41415,19219,1998
5522,2026-08-13,Nseraf,RBC,720575940569530034,40707,18647,1976
5523,2026-08-13,KrzysztofKruk,t3b,720575940551830906,40307,19054,2018
5524,2026-08-13,KrzysztofKruk,11,720575940564570541,40366,18738,2055
5525,2026-08-13,KrzysztofKruk,RBC,720575940570301109,53936,19079,1939
5526,2026-08-13,Nseraf,t4,720575940561234821,38625,19209,1993
5527,2026-08-13,KrzysztofKruk,RBC,720575940570914669,58052,19099,2013
5528,2026-08-13,Nseraf,t3b,720575940561194373,53365,19292,2045
5529,2026-08-13,KrzysztofKruk,RBC,720575940565090635,49557,19130,1952
5530,2026-08-13,Nseraf,RBC,720575940567125651,37185,19213,1956
5531,2026-08-13,KrzysztofKruk,RBC,720575940584326166,54456,19021,2017
5532,2026-08-13,KrzysztofKruk,t5i,720575940561232773,51265,19127,2012
5533,2026-08-13,KrzysztofKruk,RBC,720575940561885331,44903,19135,1966
5534,2026-08-13,KrzysztofKruk,GluMI,720575940567158675,39144,19092,2055
5535,2026-08-13,Nseraf,?,720575940565002224,46653,19153,2064
5536,2026-08-13,KrzysztofKruk,RBC,720575940563028644,50024,19152,1988
5537,2026-08-13,KrzysztofKruk,t4,720575940575335109,40087,19027,2011
5538,2026-08-13,KrzysztofKruk,?,720575940574643088,45313,19074,2052
5539,2026-08-13,KrzysztofKruk,t6,720575940549042361,58424,19030,2002
5540,2026-08-13,Nseraf,RBC,720575940552272297,45211,19171,1946
5541,2026-08-13,KrzysztofKruk,t6,720575940554143098,34422,19091,2025
5542,2026-08-13,KrzysztofKruk,t5i,720575940575384022,43476,19036,2010
5543,2026-08-13,KrzysztofKruk,RBC,720575940562766107,57551,19099,1973
5544,2026-08-13,Nseraf,?,720575940575336184,43737,19176,2010
5545,2026-08-13,Nseraf,t4,720575940569531826,49794,18644,2028
5546,2026-08-13,Nseraf,RBC,720575940567159187,41462,19193,2003
5547,2026-08-13,KrzysztofKruk,t5t,720575940565001456,54057,19107,1995
5548,2026-08-13,Nseraf,t6,720575940561245061,42500,18641,2010
5549,2026-08-13,KrzysztofKruk,t6,720575940566418302,49496,19053,2003
5550,2026-08-13,KrzysztofKruk,t3a,720575940581344369,41115,19045,2022
5551,2026-08-13,KrzysztofKruk,t7,720575940563127521,40775,19026,2028
5552,2026-08-13,Nseraf,t5i,720575940555995922,44474,19221,1970
5553,2026-08-13,Nseraf,RBC,720575940566981028,34349,19185,2009
5554,2026-08-13,KrzysztofKruk,?,720575940569524146,49868,19119,2005
5555,2026-08-13,KrzysztofKruk,t3b,720575940569708795,47349,19121,2040
5556,2026-08-13,Nseraf,t5t,720575940566980516,50304,19195,2045
5557,2026-08-13,Nseraf,t7,720575940569532082,45394,18642,2039
5558,2026-08-13,KrzysztofKruk,?,720575940569529010,53795,19627,2058
5559,2026-08-13,Nseraf,t5i,720575940572341932,52233,19181,1986
5560,2026-08-13,KrzysztofKruk,t5t,720575940556701738,44709,19013,2012
5561,2026-08-13,Nseraf,?,720575940566979492,57610,19203,2010
5562,2026-08-13,KrzysztofKruk,t5t,720575940569423114,53910,19064,2039
5563,2026-08-13,Nseraf,RBC,720575940566943908,56009,19212,2035
5564,2026-08-13,KrzysztofKruk,t5t,720575940570913645,58437,19070,1978
5565,2026-08-13,KrzysztofKruk,t3a,720575940581386774,52372,19118,2029
5566,2026-08-13,Nseraf,t5t,720575940586385974,43717,19199,2019
5567,2026-08-13,Nseraf,t5i,720575940549043385,57257,19170,1990
5568,2026-08-13,KrzysztofKruk,?,720575940575335928,38604,19049,1971
5569,2026-08-13,KrzysztofKruk,t6,720575940571848501,54562,19017,2030
5570,2026-08-13,KrzysztofKruk,11,720575940561231493,39599,19147,1990
5571,2026-08-13,Nseraf,4,720575940557589992,39760,19182,2026
5572,2026-08-13,Nseraf,t5i,720575940566181277,31216,19201,2023
5573,2026-08-13,Nseraf,RBC,720575940562924773,53418,18661,1970
5574,2026-08-13,KrzysztofKruk,t5i,720575940557590248,39232,19070,2027
5575,2026-08-13,KrzysztofKruk,t5t,720575940574342845,39723,19089,2019
5576,2026-08-13,Nseraf,?,720575940567157139,55182,19204,2012
5577,2026-08-13,KrzysztofKruk,?,720575940554806247,57712,19026,2026
5578,2026-08-13,Nseraf,t3b,720575940567157907,38866,19198,2011
5579,2026-08-13,KrzysztofKruk,t7,720575940567156115,52633,19118,2000
5580,2026-08-13,KrzysztofKruk,t3a,720575940572342188,34332,19061,2012
5581,2026-08-13,Nseraf,RBC,720575940562924773,55899,18665,1985
5582,2026-08-13,KrzysztofKruk,t4,720575940553282652,32454,19074,1989
5583,2026-08-13,KrzysztofKruk,?,720575940566181021,56173,19094,2030
5584,2026-08-13,KrzysztofKruk,11,720575940561233285,36330,19121,2051
5585,2026-08-13,Nseraf,4,720575940561239685,46271,19180,2019
5586,2026-08-13,KrzysztofKruk,t3b,720575940569818363,46538,19043,2021
5587,2026-08-13,KrzysztofKruk,t1,720575940561231749,33952,19144,2012
5588,2026-08-13,Nseraf,t1,720575940557560040,32962,19213,1995
5589,2026-08-13,KrzysztofKruk,RBC,720575940563028900,50757,19070,2015
5590,2026-08-13,KrzysztofKruk,GluMI,720575940553821306,37735,19138,1985
5591,2026-08-13,Nseraf,t5o,720575940567161491,51862,18647,2043
5592,2026-08-13,KrzysztofKruk,t5i,720575940561234309,54018,19091,2038
5593,2026-08-13,KrzysztofKruk,t4,720575940561232261,43563,19131,2048
5594,2026-08-13,Nseraf,RBC,720575940566182301,32020,19184,2047
5595,2026-08-13,KrzysztofKruk,RBC,720575940567354217,31179,19141,1991
5596,2026-08-13,Nseraf,t3a,720575940574796320,34492,19177,2046
5597,2026-08-13,KrzysztofKruk,t7,720575940576404376,31990,19123,1978
5598,2026-08-13,Nseraf,t3b,720575940566982820,54392,18659,2056
5599,2026-08-13,KrzysztofKruk,t3b,720575940569523378,51521,19146,2038
5600,2026-08-13,KrzysztofKruk,t2,720575940570104158,35486,19134,2018
5601,2026-08-13,KrzysztofKruk,t7,720575940556700970,42064,19026,1965
5602,2026-08-13,KrzysztofKruk,t7,720575940570143416,47538,19142,2011
5603,2026-08-13,Nseraf,XBC,720575940575305464,32037,19214,2029
5604,2026-08-13,KrzysztofKruk,?,720575940563818387,41744,19083,2040
5605,2026-08-13,Nseraf,t5i,720575940561243269,33934,18644,2021
5606,2026-08-13,KrzysztofKruk,t3b,720575940561233029,43187,19125,1968
5607,2026-08-13,KrzysztofKruk,t6,720575940556154698,40795,19155,2016
5608,2026-08-13,Nseraf,t5i,720575940567997292,36226,19169,2014
5609,2026-08-13,KrzysztofKruk,RBC,720575940552279418,38843,19124,2062
5610,2026-08-13,Nseraf,t6,720575940565065435,42271,19176,2021
5611,2026-08-13,Nseraf,?,720575940561240965,52001,18652,2059
5612,2026-08-13,KrzysztofKruk,RBC,720575940574824848,44426,19081,1977
5613,2026-08-13,KrzysztofKruk,t7,720575940561234565,57511,19081,1988
5614,2026-08-14,Nseraf,t3a,720575940566186909,39978,18641,2054
5615,2026-08-14,Annkri,t3b,720575940560933796,54216,18776,2007
5616,2026-08-14,KrzysztofKruk,RBC,720575940584284182,57002,19005,1982
5617,2026-08-14,KrzysztofKruk,RBC,720575940569511419,46447,18953,2055
5618,2026-08-14,KrzysztofKruk,t6,720575940564596909,43898,18823,1999
5619,2026-08-14,Annkri,t7,720575940573222085,34059,18796,2002
5620,2026-08-14,KrzysztofKruk,t3a,720575940568264366,46030,19000,2032
5621,2026-08-14,Nseraf,t3b,720575940567265200,45156,18601,2031
5622,2026-08-14,Nseraf,t2,720575940574826016,31514,18628,2017
5623,2026-08-14,KrzysztofKruk,RBC,720575940562792523,55251,18952,2003
5624,2026-08-14,KrzysztofKruk,4,720575940566963586,43139,18915,1986
5625,2026-08-14,KrzysztofKruk,t6,720575940582168854,52268,18940,2017
5626,2026-08-14,Annkri,t2,720575940573048005,34393,18793,2034
5627,2026-08-14,KrzysztofKruk,t8,720575940574826272,37137,18915,2055
5628,2026-08-14,KrzysztofKruk,?,720575940562595659,56316,18846,2059
5629,2026-08-14,KrzysztofKruk,t4,720575940567265712,34346,18871,2011
5630,2026-08-14,Nseraf,RBC,720575940566254493,34321,18636,2001
5631,2026-08-14,KrzysztofKruk,t5t,720575940574134928,44424,18472,2031
5632,2026-08-14,KrzysztofKruk,t5t,720575940577050873,46964,19007,2037
5633,2026-08-14,KrzysztofKruk,t7,720575940566172235,53884,19011,2014
5634,2026-08-14,Nseraf,t6,720575940561245573,48329,18639,1952
5635,2026-08-14,KrzysztofKruk,RBC,720575940568666542,46828,18879,2015
5636,2026-08-14,KrzysztofKruk,RBC,720575940583122710,52001,18908,1986
5637,2026-08-14,KrzysztofKruk,RBC,720575940564844947,42089,18939,2008
5638,2026-08-14,Nseraf,t7,720575940566256029,43476,18636,2018
5639,2026-08-14,KrzysztofKruk,t3b,720575940573200784,44306,18982,2022
5640,2026-08-14,KrzysztofKruk,t6,720575940566253725,56385,18968,2015
5641,2026-08-14,KrzysztofKruk,RBC,720575940572229829,39250,18479,1976
5642,2026-08-14,KrzysztofKruk,RBC,720575940564746899,43506,18846,1995
5643,2026-08-14,Annkri,t3b,720575940564069028,55731,18791,2058
5644,2026-08-14,Nseraf,t3b,720575940561366762,35266,18630,1968
5645,2026-08-14,KrzysztofKruk,t7,720575940569017661,48926,18950,1975
5646,2026-08-14,KrzysztofKruk,t6,720575940561282437,50098,18945,2012
5647,2026-08-14,KrzysztofKruk,RBC,720575940563242404,52880,18478,1980
5648,2026-08-14,KrzysztofKruk,t7,720575940551339100,32949,18475,2006
5649,2026-08-14,KrzysztofKruk,RBC,720575940572747197,35454,18911,1956
5650,2026-08-14,KrzysztofKruk,t2,720575940567199379,37718,18565,2057
5651,2026-08-14,Annkri,RBC,720575940575443653,40351,18773,2039
5652,2026-08-14,KrzysztofKruk,RBC,720575940551442298,33388,19006,1992
5653,2026-08-14,KrzysztofKruk,t3a,720575940549072515,48222,19009,2027
5654,2026-08-14,Nseraf,t3b,720575940570294453,55507,18601,2047
5655,2026-08-14,KrzysztofKruk,RBC,720575940555211130,37322,18931,1994
5656,2026-08-14,KrzysztofKruk,RBC,720575940574825872,44074,18917,2059
5657,2026-08-14,KrzysztofKruk,GluMI,720575940563100633,35366,18911,2034
5658,2026-08-14,Annkri,t5i,720575940565090779,47499,18803,2033
5659,2026-08-14,Nseraf,GluMI,720575940566256797,36475,18072,2062
5660,2026-08-14,KrzysztofKruk,RBC,720575940561534476,45332,18934,2050
5661,2026-08-14,KrzysztofKruk,?,720575940564001188,56768,18858,1990
5662,2026-08-14,KrzysztofKruk,t7,720575940582982166,51853,18861,2017
5663,2026-08-14,KrzysztofKruk,RBC,720575940574970776,32723,18959,2020
5664,2026-08-14,KrzysztofKruk,RBC,720575940565051120,39458,18992,2019
5665,2026-08-14,KrzysztofKruk,11,720575940567265968,54633,18853,2026
5666,2026-08-14,KrzysztofKruk,t3b,720575940569341179,48506,18483,2014
5667,2026-08-14,KrzysztofKruk,?,720575940563710732,47809,18940,2045
5668,2026-08-14,KrzysztofKruk,XBC,720575940581371505,35392,18956,2031
5669,2026-08-14,KrzysztofKruk,t3b,720575940561377444,52775,19100,2063
5670,2026-08-14,KrzysztofKruk,t3a,720575940575361784,37311,18990,2034
5671,2026-08-14,Nseraf,RBC,720575940567199123,35879,18589,2054
5672,2026-08-14,KrzysztofKruk,RBC,720575940551817850,40194,18948,2002
5673,2026-08-14,Nseraf,?,720575940569574066,52336,18593,2059
5674,2026-08-14,KrzysztofKruk,GluMI,720575940565051888,32474,18981,2055
5675,2026-08-14,KrzysztofKruk,t3b,720575940566252957,37568,18990,1990
5676,2026-08-14,KrzysztofKruk,RBC,720575940553197642,31662,18931,2048
5677,2026-08-14,KrzysztofKruk,RBC,720575940570760893,33491,18989,1985
5678,2026-08-14,KrzysztofKruk,RBC,720575940582985171,57398,18905,1988
5679,2026-08-14,KrzysztofKruk,t3b,720575940561367018,34455,18944,2040
5680,2026-08-14,KrzysztofKruk,t6,720575940562568779,54947,18963,2026
5681,2026-08-14,KrzysztofKruk,t6,720575940573255869,35920,18845,2020
5682,2026-08-14,Nseraf,RBC,720575940575363320,58148,18590,1974
5683,2026-08-14,KrzysztofKruk,t5i,720575940551591394,36676,18878,2061
5684,2026-08-14,KrzysztofKruk,?,720575940569307131,47528,18838,2024
5685,2026-08-14,KrzysztofKruk,t3b,720575940554152058,36159,18475,1991
5686,2026-08-14,KrzysztofKruk,11,720575940553329786,39231,18959,1982
5687,2026-08-14,KrzysztofKruk,t2,720575940561367274,34879,18926,2046
5688,2026-08-14,KrzysztofKruk,GluMI,720575940575361272,40199,18998,2042
5689,2026-08-14,KrzysztofKruk,t3b,720575940575364088,39433,18849,2032
5690,2026-08-14,KrzysztofKruk,RBC,720575940561819709,49481,18998,2048
5691,2026-08-14,KrzysztofKruk,t7,720575940561283461,31122,18857,1981
5692,2026-08-14,KrzysztofKruk,11,720575940556740138,48110,18825,2057
5693,2026-08-14,KrzysztofKruk,t3b,720575940561424548,50490,18892,2056
5694,2026-08-14,KrzysztofKruk,t5o,720575940564280979,45604,18829,2032
5695,2026-08-14,Annkri,t5t,720575940554093656,31076,18803,2022
5696,2026-08-14,Nseraf,?,720575940581664408,47218,18610,2019
5697,2026-08-14,KrzysztofKruk,t3b,720575940565091915,50009,18997,2029
5698,2026-08-14,KrzysztofKruk,t2,720575940565052656,38445,18898,2058
5699,2026-08-14,Annkri,t3a,720575940549890107,38851,18796,2055
5700,2026-08-14,KrzysztofKruk,RBC,720575940574121360,41387,18875,2007
5701,2026-08-14,KrzysztofKruk,t6,720575940555210362,39146,18978,2061
5702,2026-08-14,Annkri,t3b,720575940582490902,54926,18769,2054
5703,2026-08-14,KrzysztofKruk,RBC,720575940573126341,34552,18897,2016
5704,2026-08-14,Nseraf,t6,720575940557620712,44742,18630,2051
5705,2026-08-14,Nseraf,t7,720575940581372785,46337,18586,2027
5706,2026-08-14,KrzysztofKruk,t7,720575940551055785,36015,19005,1577
5707,2026-08-14,KrzysztofKruk,t4,720575940567022756,48214,18941,2059
5708,2026-08-14,KrzysztofKruk,t5o,720575940553189194,31697,18933,2034
5709,2026-08-14,KrzysztofKruk,t5o,720575940581363667,40911,18983,2006
5710,2026-08-14,Nseraf,RBC,720575940575408598,47103,18628,2000
5711,2026-08-14,KrzysztofKruk,t5o,720575940583854870,52497,18931,1967
5712,2026-08-14,KrzysztofKruk,RBC,720575940562814372,52560,18925,2039
5713,2026-08-14,KrzysztofKruk,?,720575940569571250,51437,18596,2055
5714,2026-08-14,Nseraf,t6,720575940574825504,50959,18632,2002
5715,2026-08-14,KrzysztofKruk,RBC,720575940563028388,50084,19001,2046
5716,2026-08-14,KrzysztofKruk,11,720575940575362552,41155,18946,1985
5717,2026-08-15,KrzysztofKruk,?,720575940567228563,54819,18311,2057
5718,2026-08-15,Annkri,?,720575940561319045,41588,19705,2064
5719,2026-08-15,KrzysztofKruk,RBC,720575940570366827,47071,18386,1628
5720,2026-08-15,Annkri,RBC,720575940562272403,43033,18709,1952
5721,2026-08-15,KrzysztofKruk,t6,720575940570254261,55953,18391,2013
5722,2026-08-15,Annkri,RBC,720575940564072083,42647,18711,2014
5723,2026-08-15,Nseraf,RBC,720575940557638120,57870,18545,1970
5724,2026-08-15,KrzysztofKruk,t3b,720575940566291101,43171,18431,1974
5725,2026-08-15,Nseraf,t5i,720575940561318021,55922,18550,2043
5726,2026-08-15,Annkri,?,720575940566938785,40494,18726,2031
5727,2026-08-15,KrzysztofKruk,XBC,720575940581384049,42221,18400,2019
5728,2026-08-15,Annkri,t3a,720575940563501836,46500,18731,2059
5729,2026-08-15,KrzysztofKruk,RBC,720575940564821395,42196,18409,2004
5730,2026-08-15,Annkri,t5t,720575940562566475,56299,18760,2048
5731,2026-08-15,Annkri,t3a,720575940573580229,35885,18700,2008
5732,2026-08-15,Nseraf,RBC,720575940552250490,38667,18583,1984
5733,2026-08-15,Annkri,RBC,720575940565640600,41230,18732,1940
5734,2026-08-15,Nseraf,t5i,720575940567230355,48362,18534,1996
5735,2026-08-15,KrzysztofKruk,RBC,720575940582245910,51931,18415,2042
5736,2026-08-15,Nseraf,t5i,720575940565072624,32454,18547,2044
5737,2026-08-15,KrzysztofKruk,t3b,720575940572894661,39796,18433,2015
5738,2026-08-15,Annkri,t3b,720575940563877195,53822,18765,2057
5739,2026-08-15,Annkri,t5t,720575940574834576,42697,18711,2014
5740,2026-08-15,KrzysztofKruk,4,720575940582240278,49772,18469,2038
5741,2026-08-15,Nseraf,RBC,720575940561317253,34597,18567,2053
5742,2026-08-15,KrzysztofKruk,t3b,720575940570215931,44621,18390,2031
5743,2026-08-15,Annkri,t3b,720575940555541084,33318,18714,2013
5744,2026-08-15,Annkri,t1,720575940567050148,39367,18976,2064
5745,2026-08-15,KrzysztofKruk,t5i,720575940569611954,31557,18414,1987
5746,2026-08-15,Nseraf,t7,720575940561317765,44702,18562,2017
5747,2026-08-15,Nseraf,t5i,720575940561326213,40546,18532,2026
5748,2026-08-15,Nseraf,t5t,720575940561326981,52425,18532,2027
5749,2026-08-15,KrzysztofKruk,t5o,720575940566291357,56478,18422,2035
5750,2026-08-15,Nseraf,t5o,720575940561324165,43174,18539,2022
5751,2026-08-15,Nseraf,XBC,720575940561316485,55413,18578,1999
5752,2026-08-15,Annkri,t4,720575940567226771,56431,18731,2059
5753,2026-08-15,KrzysztofKruk,?,720575940581400342,52010,18469,2063
5754,2026-08-15,KrzysztofKruk,t6,720575940555088615,57712,18443,1990
5755,2026-08-15,KrzysztofKruk,RBC,720575940562794660,52761,18449,1963
5756,2026-08-15,Nseraf,t3b,720575940574787953,49289,18568,2037
5757,2026-08-15,Annkri,t5i,720575940573925565,38318,18737,1993
5758,2026-08-15,Nseraf,t3a,720575940561316997,41733,18568,2046
5759,2026-08-15,Annkri,?,720575940568269230,47008,19010,2064
5760,2026-08-15,Annkri,t3b,720575940560786444,41717,18768,2049
5761,2026-08-15,KrzysztofKruk,RBC,720575940567229075,44175,18410,1998
5762,2026-08-15,KrzysztofKruk,t3a,720575940563304595,44759,18374,2021
5763,2026-08-15,KrzysztofKruk,RBC,720575940566024011,53921,18391,2029
5764,2026-08-15,KrzysztofKruk,?,720575940561322885,40401,18885,2056
5765,2026-08-15,Nseraf,t5t,720575940561315461,35893,18584,1987
5766,2026-08-15,Annkri,RBC,720575940574386869,58318,18710,2010
5767,2026-08-15,KrzysztofKruk,t3b,720575940553078138,36526,18414,1983
5768,2026-08-15,Annkri,t5o,720575940583435286,50856,18716,1957
5769,2026-08-15,Nseraf,RBC,720575940566292637,32392,18535,2048
5770,2026-08-15,Annkri,t5i,720575940564261796,56048,18745,2020
5771,2026-08-15,KrzysztofKruk,RBC,720575940566026571,54485,18385,2030
5772,2026-08-15,KrzysztofKruk,RBC,720575940574998680,32991,18372,1997
5773,2026-08-15,KrzysztofKruk,?,720575940569490427,47939,18385,2019
5774,2026-08-15,Nseraf,t5t,720575940565072880,48906,18542,2057
5775,2026-08-15,KrzysztofKruk,RBC,720575940567867566,47981,18418,1990
5776,2026-08-15,Annkri,RBC,720575940566449534,49321,18740,1935
5777,2026-08-15,Annkri,t5i,720575940571997117,34763,18764,2031
5778,2026-08-15,Nseraf,?,720575940569606834,55983,18568,2007
5779,2026-08-15,Nseraf,t5t,720575940558034226,41989,18583,1968
5780,2026-08-15,KrzysztofKruk,RBC,720575940554149498,35214,18449,2035
5781,2026-08-15,KrzysztofKruk,RBC,720575940562218643,44710,18372,1951
5782,2026-08-15,KrzysztofKruk,t3a,720575940569612466,43103,18402,2043
5783,2026-08-15,KrzysztofKruk,?,720575940557638376,41787,18426,2038
5784,2026-08-15,KrzysztofKruk,t3b,720575940554150010,35984,18389,2045
5785,2026-08-15,KrzysztofKruk,?,720575940583659286,49835,18408,2039
5786,2026-08-15,KrzysztofKruk,t3b,720575940561231761,31986,18384,2014
5787,2026-08-15,Annkri,t2,720575940572281533,33948,18711,2052
5788,2026-08-15,Annkri,t5i,720575940567230867,41836,18693,2042
5789,2026-08-15,Annkri,t3b,720575940563329548,45831,18704,1975
5790,2026-08-15,KrzysztofKruk,t5t,720575940569613746,47401,18379,1938
5791,2026-08-15,Annkri,t5i,720575940561318789,58181,18760,2016
5792,2026-08-15,Annkri,t3b,720575940573737616,44139,18727,2005
5793,2026-08-15,KrzysztofKruk,RBC,720575940582096918,51902,18614,2054
5794,2026-08-15,Annkri,t3b,720575940580192693,49656,18721,2060
5795,2026-08-15,Nseraf,RBC,720575940567224723,45097,18565,2016
5796,2026-08-15,Annkri,t6,720575940565095755,51896,18736,2024
5797,2026-08-15,KrzysztofKruk,RBC,720575940581851926,50675,18467,1995
5798,2026-08-15,KrzysztofKruk,t3b,720575940566369355,53846,18383,2035
5799,2026-08-15,KrzysztofKruk,?,720575940567051428,46947,18375,2010
5800,2026-08-15,Annkri,t6,720575940581361107,40925,18743,2024
5801,2026-08-15,KrzysztofKruk,RBC,720575940584226326,55849,18384,2002
5802,2026-08-15,Annkri,RBC,720575940568646574,47926,18761,2044
5803,2026-08-16,KrzysztofKruk,t8,720575940580033746,38287,18341,2005
5804,2026-08-16,KrzysztofKruk,t3b,720575940564168523,52191,18210,2019
5805,2026-08-16,KrzysztofKruk,t3b,720575940561790781,49402,18250,1990
5806,2026-08-16,KrzysztofKruk,?,720575940570216699,44756,18354,2056
5807,2026-08-16,Annkri,t7,720575940565238192,33696,17770,1992
5808,2026-08-16,Annkri,t6,720575940572042181,35429,17778,2040
5809,2026-08-16,Nseraf,RBC,720575940558574326,36214,18503,2039
5810,2026-08-16,KrzysztofKruk,t6,720575940574353265,48830,18198,1945
5811,2026-08-16,KrzysztofKruk,RBC,720575940570233013,56655,18331,2012
5812,2026-08-16,KrzysztofKruk,RBC,720575940552908666,33503,18363,2038
5813,2026-08-16,KrzysztofKruk,?,720575940568635131,46803,18321,2000
5814,2026-08-16,Annkri,?,720575940572506828,54341,17726,2032
5815,2026-08-16,Nseraf,t5t,720575940565448550,32859,17408,2027
5816,2026-08-16,Annkri,t8,720575940568441606,35179,17789,2036
5817,2026-08-16,KrzysztofKruk,?,720575940577506941,39566,18241,2053
5818,2026-08-16,KrzysztofKruk,RBC,720575940553195338,31970,18357,2019
5819,2026-08-16,KrzysztofKruk,11,720575940574340285,37591,18197,1998
5820,2026-08-16,KrzysztofKruk,?,720575940557303684,37319,18279,2056
5821,2026-08-16,Nseraf,RBC,720575940570520180,33052,18488,2023
5822,2026-08-16,Annkri,t1,720575940572504780,38348,17768,2019
5823,2026-08-16,KrzysztofKruk,t5t,720575940580035794,56891,18289,2057
5824,2026-08-16,KrzysztofKruk,XBC,720575940562228622,53471,18223,2017
5825,2026-08-16,KrzysztofKruk,t3b,720575940568441350,52467,18265,2032
5826,2026-08-16,Annkri,?,720575940560546060,44295,19328,2064
5827,2026-08-16,Nseraf,t5i,720575940567129346,49205,18527,2053
5828,2026-08-16,KrzysztofKruk,t5i,720575940574134672,43609,18229,2035
5829,2026-08-16,KrzysztofKruk,GluMI,720575940565686775,44230,18263,2058
5830,2026-08-16,KrzysztofKruk,?,720575940574346429,37712,18183,2058
5831,2026-08-16,KrzysztofKruk,t4,720575940565685239,34076,18278,2060
5832,2026-08-16,KrzysztofKruk,RBC,720575940560912292,53766,18206,1989
5833,2026-08-16,KrzysztofKruk,t7,720575940580036562,56583,18274,1960
5834,2026-08-16,KrzysztofKruk,t5o,720575940567131394,41470,18294,2005
5835,2026-08-16,Annkri,t3b,720575940563690059,50071,17724,2053
5836,2026-08-16,Nseraf,RBC,720575940570150328,42494,17405,2010
5837,2026-08-16,Nseraf,t7,720575940570150840,35457,17400,2001
5838,2026-08-16,Annkri,GluMI,720575940565179629,52560,17772,2058
5839,2026-08-16,KrzysztofKruk,t7,720575940583436054,50151,18370,2025
5840,2026-08-16,KrzysztofKruk,t5o,720575940566552677,39295,18234,2038
5841,2026-08-16,Nseraf,t7,720575940570519924,48895,18503,2035
5842,2026-08-16,Annkri,t5i,720575940564270995,45515,18670,2013
5843,2026-08-16,Nseraf,t6,720575940583035912,38200,18517,2031
5844,2026-08-16,Annkri,XBC,720575940561821980,56099,17770,2027
5845,2026-08-16,KrzysztofKruk,XBC,720575940571858497,40635,18230,2016
5846,2026-08-16,Annkri,t6,720575940574834320,42964,18686,2000
5847,2026-08-16,Nseraf,t5i,720575940565447526,56570,17418,1997
5848,2026-08-16,Nseraf,RBC,720575940565448294,50379,17409,1949
5849,2026-08-16,KrzysztofKruk,t8,720575940559263972,45641,18177,1988
5850,2026-08-16,KrzysztofKruk,t2,720575940570744509,35061,18215,2060
5851,2026-08-16,KrzysztofKruk,?,720575940567129858,41439,18284,2059
5852,2026-08-16,KrzysztofKruk,XBC,720575940557299332,57741,18355,2031
5853,2026-08-16,Annkri,RBC,720575940569923645,49063,18675,1990
5854,2026-08-16,KrzysztofKruk,t3b,720575940569313787,45514,18179,2013
5855,2026-08-16,Nseraf,t8,720575940579819368,31556,18518,2021
5856,2026-08-16,KrzysztofKruk,t5i,720575940584484910,54643,18192,2038
5857,2026-08-16,KrzysztofKruk,t4,720575940562097049,33643,18371,2002
5858,2026-08-16,Nseraf,t8,720575940565447270,54813,17430,2025
5859,2026-08-16,KrzysztofKruk,?,720575940552910458,34368,18206,2061
5860,2026-08-16,KrzysztofKruk,RBC,720575940572054981,35114,18359,2056
5861,2026-08-16,Annkri,t6,720575940564854675,43654,17759,1942
5862,2026-08-16,Nseraf,t6,720575940553262322,32241,18512,2037
5863,2026-08-16,Annkri,t5i,720575940570748349,34266,17757,2033
5864,2026-08-16,KrzysztofKruk,RBC,720575940567131138,45220,18320,1998
5865,2026-08-16,Annkri,GluMI,720575940555491864,51093,17777,2055
5866,2026-08-16,Annkri,?,720575940564850579,42704,18686,2050
5867,2026-08-16,KrzysztofKruk,RBC,720575940562026011,57242,18230,2007
5868,2026-08-16,KrzysztofKruk,t6,720575940583456894,39301,18190,2056
5869,2026-08-16,KrzysztofKruk,t2,720575940574765124,33471,18248,2032
5870,2026-08-16,Nseraf,t5o,720575940580037842,47594,18522,2027
5871,2026-08-16,Annkri,t6,720575940570246069,55446,17743,2027
5872,2026-08-16,KrzysztofKruk,t7,720575940561142920,57746,18234,1998
5873,2026-08-16,Nseraf,RBC,720575940571856961,34485,17405,2014
5874,2026-08-16,KrzysztofKruk,t5o,720575940569615794,33922,18182,2024
5875,2026-08-16,KrzysztofKruk,t5o,720575940548256861,32846,18188,1989
5876,2026-08-16,Nseraf,?,720575940569819211,51811,18765,2057
5877,2026-08-16,KrzysztofKruk,t5t,720575940570276277,54996,18346,1987
5878,2026-08-16,KrzysztofKruk,RBC,720575940566147403,49936,18326,2009
5879,2026-08-16,KrzysztofKruk,t3b,720575940556007698,47739,18239,2053
5880,2026-08-16,Nseraf,RBC,720575940581043856,39759,18488,1963
5881,2026-08-16,Nseraf,t4,720575940579818344,34717,18520,1987
5882,2026-08-16,KrzysztofKruk,t3b,720575940565679095,40529,18372,2039
5883,2026-08-16,Nseraf,t3b,720575940565448038,40104,17411,2022
5884,2026-08-16,Annkri,RBC,720575940569519355,48285,18689,1991
5885,2026-08-16,KrzysztofKruk,t7,720575940552138661,35238,18251,2023
5886,2026-08-16,KrzysztofKruk,RBC,720575940563688267,53519,18193,1950
5887,2026-08-16,Nseraf,GluMI,720575940567135746,50988,19014,2046
5888,2026-08-16,Annkri,XBC,720575940567128066,44467,18690,1977
5889,2026-08-16,KrzysztofKruk,t6,720575940578193567,46388,18224,2010
5890,2026-08-16,Annkri,RBC,720575940570149304,33658,17664,2021
5891,2026-08-16,Annkri,t5i,720575940564420939,53582,17740,2040
5892,2026-08-16,KrzysztofKruk,t5t,720575940568440838,47193,18273,2024
5893,2026-08-16,KrzysztofKruk,t5i,720575940565679863,51910,18368,1998
5894,2026-08-16,KrzysztofKruk,t6,720575940573840837,33960,18233,2022
5895,2026-08-16,Annkri,t5o,720575940554852839,57888,18670,2051
5896,2026-08-16,KrzysztofKruk,RBC,720575940582162454,52267,18250,2020
5897,2026-08-16,Nseraf,RBC,720575940567129090,43874,18528,2053
5898,2026-08-16,KrzysztofKruk,RBC,720575940570273973,55465,18178,2006
5899,2026-08-16,KrzysztofKruk,t6,720575940558574838,45997,18196,2032
5900,2026-08-16,KrzysztofKruk,RBC,720575940574110608,43562,18266,2028
5901,2026-08-16,KrzysztofKruk,t5t,720575940573084785,49660,18175,2036
5902,2026-08-16,KrzysztofKruk,RBC,720575940557300356,41727,18295,2013
5903,2026-08-16,Annkri,?,720575940574833040,43558,17743,1995
5904,2026-08-16,KrzysztofKruk,t3b,720575940575478213,39673,18215,2049
5905,2026-08-16,Annkri,RBC,720575940563680587,51157,18674,2011
5906,2026-08-16,Annkri,RBC,720575940560822692,50914,18670,2002
5907,2026-08-16,KrzysztofKruk,t8,720575940571708937,47799,18245,1997
5908,2026-08-16,KrzysztofKruk,RBC,720575940575479493,39642,18359,1993
5909,2026-08-16,KrzysztofKruk,?,720575940561104548,53340,18242,2016
5910,2026-08-16,KrzysztofKruk,?,720575940566552139,55003,18538,2060
5911,2026-08-16,KrzysztofKruk,11,720575940584293654,55942,18225,2058
5912,2026-08-16,Nseraf,t6,720575940547324915,53169,18483,2043
5913,2026-08-16,Nseraf,t6,720575940547324659,31504,18492,1996
5914,2026-08-16,Annkri,11,720575940572072901,36369,17719,2058
5915,2026-08-16,KrzysztofKruk,RBC,720575940572037573,33301,18273,2036
5916,2026-08-16,KrzysztofKruk,GluMI,720575940565682423,31468,18313,2055
5917,2026-08-16,KrzysztofKruk,t6,720575940564173131,52363,18177,2010
5918,2026-08-16,KrzysztofKruk,RBC,720575940565680887,56298,18340,2001
5919,2026-08-16,KrzysztofKruk,RBC,720575940551825274,40404,18237,1969
5920,2026-08-16,Nseraf,t3b,720575940563204266,33784,18485,2001
5921,2026-08-16,Nseraf,t5o,720575940564637372,31932,18496,2024
5922,2026-08-16,KrzysztofKruk,t6,720575940562018451,44081,18188,2020
5923,2026-08-16,KrzysztofKruk,11,720575940565687031,37400,18254,2052
5924,2026-08-16,Nseraf,t3b,720575940581384561,52415,18487,2059
5925,2026-08-16,Nseraf,GluMI,720575940567128834,34480,18530,2046
5926,2026-08-16,KrzysztofKruk,t4,720575940565681911,49327,18314,2036
5927,2026-08-16,KrzysztofKruk,?,720575940562238739,36119,18808,2060
5928,2026-08-16,Annkri,RBC,720575940564836755,42841,17720,2012
5929,2026-08-16,KrzysztofKruk,?,720575940552820718,57530,18202,2017
5930,2026-08-16,KrzysztofKruk,t3a,720575940553262834,55003,18238,2010
5931,2026-08-16,KrzysztofKruk,t5t,720575940583456126,39494,18224,2027
5932,2026-08-16,Annkri,RBC,720575940571607035,43993,17770,2026
5933,2026-08-16,KrzysztofKruk,?,720575940557299588,53756,18825,2057
5934,2026-08-16,KrzysztofKruk,t3a,720575940575403643,31421,18346,1996
5935,2026-08-16,KrzysztofKruk,RBC,720575940553069946,34313,18191,2000
5936,2026-08-16,Nseraf,11,720575940547325171,36367,17437,2063
5937,2026-08-16,KrzysztofKruk,t7,720575940577992622,54784,18213,2024
5938,2026-08-16,KrzysztofKruk,RBC,720575940552353098,32383,18177,2057
5939,2026-08-16,KrzysztofKruk,t3b,720575940568184494,48600,18010,2061
5940,2026-08-16,KrzysztofKruk,t5o,720575940572504524,44119,18234,2054
5941,2026-08-17,KrzysztofKruk,t4,720575940552495168,41628,18044,2035
5942,2026-08-17,Annkri,?,720575940583609110,52164,17709,1987
5943,2026-08-17,KrzysztofKruk,GluMI,720575940542294136,37937,18022,2041
5944,2026-08-17,Annkri,t5i,720575940563254091,50432,17707,2022
5945,2026-08-17,KrzysztofKruk,t7,720575940553188938,31741,18029,2000
5946,2026-08-17,KrzysztofKruk,t6,720575940559198306,56694,18129,2006
5947,2026-08-17,KrzysztofKruk,t4,720575940569669526,38597,18122,2046
5948,2026-08-17,KrzysztofKruk,RBC,720575940551476858,34067,18113,2040
5949,2026-08-17,Nseraf,RBC,720575940547519317,33415,17374,2056
5950,2026-08-17,KrzysztofKruk,RBC,720575940564772171,50293,18087,2027
5951,2026-08-17,KrzysztofKruk,t5t,720575940542293880,36942,18094,1998
5952,2026-08-17,KrzysztofKruk,RBC,720575940561528588,45433,18036,1953
5953,2026-08-17,KrzysztofKruk,t5i,720575940575899465,44501,18105,2022
5954,2026-08-17,KrzysztofKruk,RBC,720575940560788492,41891,18136,2022
5955,2026-08-17,Nseraf,?,720575940558587023,50091,17323,2064
5956,2026-08-17,KrzysztofKruk,t3b,720575940572000948,34656,18147,2003
5957,2026-08-17,KrzysztofKruk,t3b,720575940563753380,56393,18170,2010
5958,2026-08-17,KrzysztofKruk,t3b,720575940581694230,50572,18133,2031
5959,2026-08-17,KrzysztofKruk,t5o,720575940552494912,54065,18117,1987
5960,2026-08-17,KrzysztofKruk,?,720575940559198562,57047,18041,2026
5961,2026-08-17,KrzysztofKruk,RBC,720575940578514541,41259,18128,1949
5962,2026-08-17,Nseraf,t5i,720575940556765994,40098,17375,2005
5963,2026-08-17,Nseraf,t5o,720575940558585743,32524,17389,2021
5964,2026-08-17,KrzysztofKruk,RBC,720575940570232757,56096,18023,1972
5965,2026-08-17,KrzysztofKruk,t5i,720575940561242257,35872,18040,1986
5966,2026-08-17,Nseraf,t5i,720575940583545543,41533,17387,2024
5967,2026-08-17,Annkri,RBC,720575940552356938,31905,17708,2029
5968,2026-08-17,KrzysztofKruk,t4,720575940569328625,38767,18145,2038
5969,2026-08-17,KrzysztofKruk,t5t,720575940573992604,45503,18046,2016
5970,2026-08-17,Nseraf,RBC,720575940569684365,40339,17390,2020
5971,2026-08-17,KrzysztofKruk,t6,720575940581109270,54218,18164,2003
5972,2026-08-17,Annkri,RBC,720575940562161060,50217,17714,2018
5973,2026-08-17,KrzysztofKruk,t1,720575940554100312,32203,18095,2010
5974,2026-08-17,KrzysztofKruk,RBC,720575940561918628,51480,18028,2036
5975,2026-08-17,KrzysztofKruk,?,720575940571613435,44355,18096,2041
5976,2026-08-17,Nseraf,GluMI,720575940565466982,34604,17372,1985
5977,2026-08-17,KrzysztofKruk,t3b,720575940561101220,53749,18086,2029
5978,2026-08-17,KrzysztofKruk,t7,720575940578523245,41841,18080,2004
5979,2026-08-17,KrzysztofKruk,t4,720575940542293624,36015,18094,2033
5980,2026-08-17,KrzysztofKruk,t5t,720575940561028955,51229,18104,2059
5981,2026-08-17,KrzysztofKruk,RBC,720575940552356426,31842,18023,2015
5982,2026-08-17,KrzysztofKruk,RBC,720575940576367125,34804,18113,2034
5983,2026-08-17,Annkri,RBC,720575940567885742,47996,17711,2023
5984,2026-08-17,KrzysztofKruk,t7,720575940582096662,53141,18035,2020
5985,2026-08-17,KrzysztofKruk,t3b,720575940570949371,42538,18099,2040
5986,2026-08-17,KrzysztofKruk,t3b,720575940553498490,37500,18101,2051
5987,2026-08-17,Nseraf,4,720575940586398262,49134,17379,2027
5988,2026-08-17,KrzysztofKruk,t6,720575940584229142,54594,18066,2025
5989,2026-08-17,KrzysztofKruk,t5o,720575940571878209,44998,18163,2016
5990,2026-08-17,Nseraf,?,720575940554483290,45397,17388,2019
5991,2026-08-17,Annkri,t2,720575940572746173,35760,17716,2012
5992,2026-08-17,Annkri,RBC,720575940563872331,51309,17705,1935
5993,2026-08-17,Nseraf,t7,720575940566069604,42803,17384,2040
5994,2026-08-17,KrzysztofKruk,RBC,720575940562279827,42105,18119,2002
5995,2026-08-17,KrzysztofKruk,t5o,720575940585403091,35376,18067,1992
5996,2026-08-17,KrzysztofKruk,t3b,720575940570215163,44605,18049,2038
5997,2026-08-17,KrzysztofKruk,t3b,720575940564820883,41767,18142,2009
5998,2026-08-17,KrzysztofKruk,t5t,720575940554928727,41844,18112,2025
5999,2026-08-17,KrzysztofKruk,RBC,720575940573196432,44273,18137,2060
6000,2026-08-17,KrzysztofKruk,t7,720575940564846483,42787,18146,2043
6001,2026-08-17,KrzysztofKruk,t3b,720575940572360108,45761,18138,2060
6002,2026-08-17,KrzysztofKruk,t3a,720575940572796605,36855,18048,2027
6003,2026-08-17,KrzysztofKruk,t3b,720575940561813053,49647,18136,2052
6004,2026-08-17,Nseraf,t7,720575940562227854,35161,17398,1968
6005,2026-08-17,Nseraf,t5o,720575940559694885,34886,17395,2041
6006,2026-08-17,KrzysztofKruk,t6,720575940562249953,41340,18158,2025
6007,2026-08-17,KrzysztofKruk,t2,720575940572385477,38753,18076,2010
6008,2026-08-17,KrzysztofKruk,?,720575940574037392,45365,18106,2026
6009,2026-08-17,Annkri,RBC,720575940574818448,44135,17709,2048
6010,2026-08-17,KrzysztofKruk,t7,720575940573258685,36599,18053,2042
6011,2026-08-17,KrzysztofKruk,t3b,720575940563812939,51432,18034,2040
6012,2026-08-17,Nseraf,t5o,720575940558105135,47566,17383,2055
6013,2026-08-17,KrzysztofKruk,t3a,720575940551599330,51773,18042,2007
6014,2026-08-17,Annkri,t5t,720575940569626363,46621,17711,2042
6015,2026-08-17,KrzysztofKruk,XBC,720575940569627826,46063,18133,2030
6016,2026-08-17,KrzysztofKruk,t5i,720575940547520085,41956,18094,2040
6017,2026-08-17,KrzysztofKruk,RBC,720575940571114941,35160,18030,2038
6018,2026-08-17,KrzysztofKruk,GluMI,720575940569330673,49020,19112,2060
6019,2026-08-17,KrzysztofKruk,?,720575940569329137,40540,18135,2056
6020,2026-08-17,KrzysztofKruk,RBC,720575940551300444,32979,18032,1942
6021,2026-08-17,KrzysztofKruk,RBC,720575940585403347,56493,18046,2014
6022,2026-08-17,KrzysztofKruk,t3b,720575940582491158,54717,18136,2032
6023,2026-08-18,KrzysztofKruk,t3b,720575940560696996,55751,17910,2022
6024,2026-08-18,KrzysztofKruk,t5t,720575940553455738,38303,17986,2012
6025,2026-08-18,KrzysztofKruk,?,720575940565624231,48721,17859,2034
6026,2026-08-18,KrzysztofKruk,t3b,720575940574756293,39203,17858,2054
6027,2026-08-18,KrzysztofKruk,?,720575940568626862,46625,18012,1998
6028,2026-08-18,KrzysztofKruk,t5i,720575940574805904,44163,17923,2051
6029,2026-08-18,KrzysztofKruk,RBC,720575940568199598,49066,17863,2017
6030,2026-08-18,Nseraf,t5i,720575940562949093,52099,17336,2018
6031,2026-08-18,Nseraf,RBC,720575940565047968,42068,17346,2044
6032,2026-08-18,KrzysztofKruk,t3b,720575940556955619,53047,17910,2056
6033,2026-08-18,Nseraf,?,720575940564385619,33562,17875,2050
6034,2026-08-18,KrzysztofKruk,?,720575940576978959,46445,18565,2049
6035,2026-08-18,KrzysztofKruk,?,720575940569316091,46084,17985,2030
6036,2026-08-18,KrzysztofKruk,t5i,720575940555296038,39037,17891,1973
6037,2026-08-18,KrzysztofKruk,?,720575940586411318,44121,17872,2057
6038,2026-08-18,KrzysztofKruk,RBC,720575940583639318,53433,17868,2007
6039,2026-08-18,KrzysztofKruk,?,720575940566617327,49383,18012,2023
6040,2026-08-18,KrzysztofKruk,RBC,720575940563428620,45645,17919,1979
6041,2026-08-18,KrzysztofKruk,RBC,720575940569806843,46552,17868,1996
6042,2026-08-18,Nseraf,4,720575940552079702,38313,17342,2024
6043,2026-08-18,KrzysztofKruk,t6,720575940563455390,42906,17958,1963
6044,2026-08-18,KrzysztofKruk,t5i,720575940558052658,32167,18000,2012
6045,2026-08-18,KrzysztofKruk,t5i,720575940574775364,33386,18009,2003
6046,2026-08-18,Nseraf,t7,720575940547991948,39603,17364,2024
6047,2026-08-18,KrzysztofKruk,RBC,720575940563207180,46083,17903,2028
6048,2026-08-18,KrzysztofKruk,t3b,720575940579823464,54811,18018,2007
6049,2026-08-18,KrzysztofKruk,RBC,720575940569514491,48673,17973,2032
6050,2026-08-18,KrzysztofKruk,t5i,720575940555103557,56808,17921,2032
6051,2026-08-18,KrzysztofKruk,t3b,720575940555295526,50195,17935,2017
6052,2026-08-18,Nseraf,t7,720575940552504384,53547,17364,2029
6053,2026-08-18,KrzysztofKruk,RBC,720575940552007802,39329,17935,1979
6054,2026-08-18,KrzysztofKruk,t4,720575940556016658,50973,17299,2054
6055,2026-08-18,KrzysztofKruk,RBC,720575940563459596,47632,17955,2020
6056,2026-08-18,KrzysztofKruk,t3b,720575940552079446,38450,18022,2040
6057,2026-08-18,KrzysztofKruk,t7,720575940570193080,40175,17959,2006
6058,2026-08-18,KrzysztofKruk,t5i,720575940563499020,46703,17932,2001
6059,2026-08-18,Nseraf,GluMI,720575940563927727,53241,17357,2053
6060,2026-08-18,KrzysztofKruk,RBC,720575940554157178,35839,18016,2044
6061,2026-08-18,KrzysztofKruk,RBC,720575940572161221,33656,17908,2025
6062,2026-08-18,KrzysztofKruk,t6,720575940575133381,34284,17987,2014
6063,2026-08-18,KrzysztofKruk,RBC,720575940563980162,40976,17871,1968
6064,2026-08-18,KrzysztofKruk,4,720575940565017919,57030,18019,2024
6065,2026-08-18,KrzysztofKruk,RBC,720575940570259381,54486,17937,1985
6066,2026-08-18,KrzysztofKruk,RBC,720575940573475525,34012,17884,2026
6067,2026-08-18,KrzysztofKruk,t7,720575940562246798,38856,17884,1969
6068,2026-08-18,KrzysztofKruk,RBC,720575940570254005,55491,18008,2018
6069,2026-08-18,KrzysztofKruk,RBC,720575940562265612,44000,17905,1931
6070,2026-08-18,KrzysztofKruk,t7,720575940573205392,44084,17893,2043
6071,2026-08-18,KrzysztofKruk,t5o,720575940560786700,42143,17984,1977
6072,2026-08-18,Nseraf,?,720575940577908666,48467,17366,2043
6073,2026-08-18,Nseraf,?,720575940553641471,51520,17343,2021
6074,2026-08-18,KrzysztofKruk,RBC,720575940560795300,50055,17926,2040
6075,2026-08-18,KrzysztofKruk,t6,720575940570193336,39625,17914,2027
6076,2026-08-18,Nseraf,?,720575940552079190,53800,17363,2062
6077,2026-08-18,KrzysztofKruk,t3b,720575940553447295,41329,17886,2008
6078,2026-08-18,KrzysztofKruk,4,720575940583477374,43261,17994,2030
6079,2026-08-18,Nseraf,?,720575940554937943,46769,17361,2054
6080,2026-08-18,KrzysztofKruk,t6,720575940554475130,37981,17913,1983
6081,2026-08-18,KrzysztofKruk,RBC,720575940560899748,54666,17889,1948
6082,2026-08-18,KrzysztofKruk,t5t,720575940572454290,52517,17876,2002
6083,2026-08-18,KrzysztofKruk,t3a,720575940572443845,38316,17944,2018
6084,2026-08-18,KrzysztofKruk,RBC,720575940557224522,57440,17992,2042
6085,2026-08-18,KrzysztofKruk,?,720575940558684288,50778,17893,2057
6086,2026-08-18,KrzysztofKruk,t1,720575940560372787,37001,17964,2040
6087,2026-08-18,KrzysztofKruk,RBC,720575940552158629,39591,17874,2040
6088,2026-08-18,KrzysztofKruk,RBC,720575940554367866,39758,17951,1977
6089,2026-08-18,KrzysztofKruk,?,720575940559478820,48399,17994,2056
6090,2026-08-18,KrzysztofKruk,t6,720575940583619350,53001,17903,2036
6091,2026-08-18,KrzysztofKruk,t5t,720575940556955363,48483,18020,2055
6092,2026-08-18,Nseraf,RBC,720575940566617071,54975,17353,1991
6093,2026-08-18,KrzysztofKruk,RBC,720575940572536012,50263,17867,1935
6094,2026-08-18,KrzysztofKruk,t5i,720575940563886155,50234,18004,2025
6095,2026-08-18,KrzysztofKruk,t5t,720575940560373043,34423,17960,2033
6096,2026-08-18,KrzysztofKruk,RBC,720575940575854026,49266,17953,2043
6097,2026-08-18,KrzysztofKruk,RBC,720575940574117520,41459,18020,2005
6098,2026-08-18,KrzysztofKruk,RBC,720575940571088317,35528,17924,2013
6099,2026-08-18,KrzysztofKruk,t5i,720575940574178749,38464,17985,1994
6100,2026-08-19,Nseraf,t7,720575940552507712,49459,17237,1956
6101,2026-08-19,KrzysztofKruk,RBC,720575940564837267,43112,17077,1998
6102,2026-08-19,KrzysztofKruk,RBC,720575940568178350,46538,16935,1982
6103,2026-08-19,KrzysztofKruk,11,720575940572743101,35576,17059,2057
6104,2026-08-19,KrzysztofKruk,t7,720575940571723273,48171,16882,2053
6105,2026-08-19,KrzysztofKruk,?,720575940562646974,48807,17395,2050
6106,2026-08-19,KrzysztofKruk,RBC,720575940573480901,34813,16860,2050
6107,2026-08-19,KrzysztofKruk,RBC,720575940573206416,44358,17089,2000
6108,2026-08-19,Nseraf,t6,720575940570552260,47406,17257,2033
6109,2026-08-19,KrzysztofKruk,t8,720575940574783044,39839,17085,2041
6110,2026-08-19,KrzysztofKruk,t3b,720575940547342579,37144,17839,1997
6111,2026-08-19,KrzysztofKruk,?,720575940555414650,43482,17027,2001
6112,2026-08-19,KrzysztofKruk,?,720575940571599867,44199,17045,2011
6113,2026-08-19,KrzysztofKruk,t5o,720575940572044485,36192,16868,2048
6114,2026-08-19,KrzysztofKruk,GluMI,720575940581735801,35142,16788,2055
6115,2026-08-19,KrzysztofKruk,t5t,720575940558789244,42623,16953,2053
6116,2026-08-19,KrzysztofKruk,?,720575940558705411,55720,17053,2056
6117,2026-08-19,Nseraf,?,720575940555514136,45099,17316,2032
6118,2026-08-19,KrzysztofKruk,t3b,720575940561253777,47101,16809,2020
6119,2026-08-19,KrzysztofKruk,t6,720575940561848860,49633,17001,2057
6120,2026-08-19,KrzysztofKruk,t7,720575940564495512,41402,16993,2051
6121,2026-08-19,Nseraf,t5t,720575940561847836,47872,17279,2018
6122,2026-08-19,KrzysztofKruk,RBC,720575940559226456,39131,16991,2011
6123,2026-08-19,Nseraf,t6,720575940569350129,56428,17238,2029
6124,2026-08-19,KrzysztofKruk,RBC,720575940564051270,42297,17810,2004
6125,2026-08-19,KrzysztofKruk,?,720575940562800140,48752,16818,2062
6126,2026-08-19,Nseraf,XBC,720575940576174331,33961,17290,2026
6127,2026-08-19,Nseraf,t7,720575940557649786,54162,17323,1964
6128,2026-08-19,KrzysztofKruk,?,720575940558665013,37300,16638,2059
6129,2026-08-19,KrzysztofKruk,?,720575940574391696,43581,17838,2030
6130,2026-08-19,KrzysztofKruk,t6,720575940568189870,48852,16791,1941
6131,2026-08-19,Nseraf,t3a,720575940562057763,36684,17280,1999
6132,2026-08-19,Nseraf,t6,720575940570535028,52691,17335,1961
6133,2026-08-19,Nseraf,t5i,720575940563225258,36328,17264,2032
6134,2026-08-19,KrzysztofKruk,RBC,720575940575333008,41805,16902,2009
6135,2026-08-19,Nseraf,t4,720575940562276115,44672,17254,2056
6136,2026-08-19,KrzysztofKruk,?,720575940558788732,40784,17027,2053
6137,2026-08-19,KrzysztofKruk,t5i,720575940555311104,53487,17018,2018
6138,2026-08-19,KrzysztofKruk,t7,720575940553453439,44582,17793,2045
6139,2026-08-19,KrzysztofKruk,t3b,720575940560889443,48496,16980,2033
6140,2026-08-19,KrzysztofKruk,?,720575940555577930,41206,16848,2059
6141,2026-08-19,KrzysztofKruk,t4,720575940564394835,36497,16869,1974
6142,2026-08-19,KrzysztofKruk,?,720575940574085821,34675,17822,2061
6143,2026-08-19,Nseraf,RBC,720575940570508912,36035,17291,2023
6144,2026-08-19,Nseraf,t5t,720575940555515160,53964,17282,1947
6145,2026-08-19,KrzysztofKruk,t3b,720575940562960357,52667,17820,2017
6146,2026-08-19,KrzysztofKruk,GluMI,720575940559486756,40477,17183,2061
6147,2026-08-19,KrzysztofKruk,t4,720575940584137278,46549,17101,2058
6148,2026-08-19,KrzysztofKruk,RBC,720575940575582661,40492,16924,1946
6149,2026-08-19,KrzysztofKruk,t3b,720575940573226949,34167,17036,1960
6150,2026-08-19,Nseraf,RBC,720575940565027135,33995,17305,1939
6151,2026-08-19,Nseraf,t5i,720575940558703619,46625,17304,2009
6152,2026-08-19,Nseraf,RBC,720575940583560391,48630,17308,2036
6153,2026-08-19,KrzysztofKruk,t2,720575940581061264,33862,16801,2055
6154,2026-08-19,Nseraf,RBC,720575940578578197,45295,17316,1958
6155,2026-08-19,KrzysztofKruk,?,720575940555310848,45778,17046,2060
6156,2026-08-19,KrzysztofKruk,RBC,720575940574186437,33202,16867,2016
6157,2026-08-19,KrzysztofKruk,?,720575940563565877,52709,17075,2059
6158,2026-08-19,KrzysztofKruk,t5o,720575940583184150,53131,17054,2034
6159,2026-08-19,KrzysztofKruk,t3a,720575940564660156,38776,17101,2024
6160,2026-08-19,Nseraf,?,720575940556610674,42330,17264,2051
6161,2026-08-19,KrzysztofKruk,t6,720575940558230109,32956,16792,1978
6162,2026-08-19,KrzysztofKruk,4,720575940564234007,53114,16985,2013
6163,2026-08-19,KrzysztofKruk,t7,720575940570509424,45930,17802,2007
6164,2026-08-19,KrzysztofKruk,4,720575940562058787,50317,17828,2021
6165,2026-08-19,KrzysztofKruk,t5t,720575940558705155,41244,17058,2027
6166,2026-08-19,KrzysztofKruk,4,720575940570953590,46085,16827,2026
6167,2026-08-19,KrzysztofKruk,t3b,720575940566317213,51627,16322,2056
6168,2026-08-19,KrzysztofKruk,RBC,720575940568639406,46700,16972,2003
6169,2026-08-19,KrzysztofKruk,t6,720575940564660924,41808,16875,2024
6170,2026-08-19,KrzysztofKruk,RBC,720575940564234263,38357,16946,1594
6171,2026-08-19,KrzysztofKruk,?,720575940554833639,56901,18383,2057
6172,2026-08-19,KrzysztofKruk,t7,720575940575438550,47965,17854,2018
6173,2026-08-19,Nseraf,RBC,720575940557984290,51533,17262,2008
6174,2026-08-19,KrzysztofKruk,RBC,720575940575221962,55509,16839,2045
6175,2026-08-19,Nseraf,t5t,720575940586423094,55553,17237,1956
6176,2026-08-19,KrzysztofKruk,RBC,720575940574118544,42015,16785,2024
6177,2026-08-19,KrzysztofKruk,t3b,720575940553223752,39372,17800,2022
6178,2026-08-19,Nseraf,RBC,720575940571721993,39125,17270,2030
6179,2026-08-19,KrzysztofKruk,t7,720575940555310592,51851,17790,1989
6180,2026-08-19,KrzysztofKruk,RBC,720575940570948091,42248,17105,1972
6181,2026-08-19,KrzysztofKruk,t6,720575940549347677,33325,17838,2054
6182,2026-08-19,KrzysztofKruk,RBC,720575940567889838,48826,16918,2033
6183,2026-08-19,KrzysztofKruk,t6,720575940574110352,43317,17017,2009
6184,2026-08-19,KrzysztofKruk,t3b,720575940563256139,49847,17811,2035
6185,2026-08-19,KrzysztofKruk,t3a,720575940563937711,33693,17791,2014
6186,2026-08-19,Nseraf,t2,720575940569983310,33265,17476,2064
6187,2026-08-19,KrzysztofKruk,?,720575940560657828,54888,16839,2060
6188,2026-08-19,KrzysztofKruk,RBC,720575940572082117,36335,16976,1994
6189,2026-08-19,KrzysztofKruk,t3b,720575940568441441,33003,17095,2008
6190,2026-08-19,KrzysztofKruk,t3b,720575940571744542,43590,17846,1951
6191,2026-08-19,KrzysztofKruk,t3b,720575940552096807,39648,17030,2061
6192,2026-08-19,KrzysztofKruk,t7,720575940563760396,46240,16871,2007
6193,2026-08-19,KrzysztofKruk,t3b,720575940566054731,53988,17039,2017
6194,2026-08-19,KrzysztofKruk,?,720575940555311360,40109,16932,2029
6195,2026-08-19,Nseraf,t8,720575940580056274,38367,17294,2047
6196,2026-08-19,KrzysztofKruk,t3b,720575940575475653,39339,17804,2046
6197,2026-08-19,KrzysztofKruk,t6,720575940563232491,47970,17018,2008
6198,2026-08-19,KrzysztofKruk,t5i,720575940570128734,38016,17842,2029
6199,2026-08-19,KrzysztofKruk,t3b,720575940565727819,52773,17790,2035
6200,2026-08-19,KrzysztofKruk,t5i,720575940557985314,55449,16891,2046
6201,2026-08-19,KrzysztofKruk,t5i,720575940583561415,36556,17024,2024
6202,2026-08-19,Nseraf,?,720575940565027391,55658,17251,2037
6203,2026-08-19,KrzysztofKruk,t5t,720575940563294372,51760,17854,2005
6204,2026-08-19,KrzysztofKruk,t4,720575940569264903,40091,17808,2002
6205,2026-08-19,KrzysztofKruk,RBC,720575940574120848,42529,16889,1968
6206,2026-08-19,KrzysztofKruk,t3b,720575940567366505,35181,17823,2014
6207,2026-08-19,Nseraf,t5t,720575940557984034,56405,17264,2043
6208,2026-08-19,Nseraf,t5o,720575940586422582,37654,17239,2033
6209,2026-08-19,KrzysztofKruk,t5i,720575940551324768,37238,16806,2049
6210,2026-08-19,KrzysztofKruk,t3b,720575940560740413,36316,16818,2024
6211,2026-08-19,KrzysztofKruk,11,720575940570214395,45322,17838,1986
6212,2026-08-19,KrzysztofKruk,t6,720575940563252811,50679,16873,2019
6213,2026-08-19,Nseraf,?,720575940581734777,52690,17313,2005
6214,2026-08-19,KrzysztofKruk,t3a,720575940547893509,34616,17000,1996
6215,2026-08-19,KrzysztofKruk,4,720575940560821195,32962,17028,2025
6216,2026-08-19,Nseraf,?,720575940572027060,43038,17291,2026
6217,2026-08-19,KrzysztofKruk,RBC,720575940563226026,55353,17062,1962
6218,2026-08-19,KrzysztofKruk,RBC,720575940563872587,51102,16933,2032
6219,2026-08-19,Nseraf,t5i,720575940581735033,41891,17283,2030
6220,2026-08-19,KrzysztofKruk,?,720575940565093451,50512,17835,1936
6221,2026-08-19,KrzysztofKruk,?,720575940577110070,44298,16816,2053
6222,2026-08-19,KrzysztofKruk,RBC,720575940572491965,37082,16809,2028
6223,2026-08-19,Nseraf,11,720575940563231467,34809,17250,2032
6224,2026-08-19,KrzysztofKruk,RBC,720575940566980226,50695,17829,1988
6225,2026-08-19,Nseraf,t3b,720575940571601659,43914,17252,2059
6226,2026-08-19,KrzysztofKruk,t3b,720575940581397526,53057,17029,1974
6227,2026-08-19,KrzysztofKruk,t6,720575940553068922,35211,16777,2013
6228,2026-08-19,Nseraf,XBC,720575940578577941,51823,17335,2042
6229,2026-08-19,Nseraf,RBC,720575940563225514,48246,17249,2039
6230,2026-08-19,KrzysztofKruk,t6,720575940556264678,48363,17809,2043
6231,2026-08-19,KrzysztofKruk,?,720575940559298869,42095,16996,2058
6232,2026-08-19,KrzysztofKruk,RBC,720575940564556414,49244,16877,1972
6233,2026-08-19,KrzysztofKruk,?,720575940580056786,41174,17008,2038
6234,2026-08-19,KrzysztofKruk,RBC,720575940581942294,50446,16790,1974
6235,2026-08-19,KrzysztofKruk,t6,720575940571112893,34241,16892,2002
6236,2026-08-19,KrzysztofKruk,t3b,720575940559708453,43938,17840,2029
6237,2026-08-19,KrzysztofKruk,t4,720575940566078429,39344,17030,2052
6238,2026-08-19,KrzysztofKruk,t5o,720575940564005028,55329,17806,1978
6239,2026-08-19,KrzysztofKruk,t3b,720575940553719162,34424,16814,2001
6240,2026-08-19,KrzysztofKruk,RBC,720575940567881646,48056,17080,2058
6241,2026-08-19,Nseraf,?,720575940570204856,46004,17310,2040
6242,2026-08-19,KrzysztofKruk,RBC,720575940582252822,50492,17106,2014
6243,2026-08-19,Nseraf,t5o,720575940580056018,50446,17306,2047
6244,2026-08-19,KrzysztofKruk,?,720575940578385974,42525,16800,2031
6245,2026-08-19,KrzysztofKruk,t6,720575940570534516,42201,17840,2009
6246,2026-08-19,KrzysztofKruk,RBC,720575940564823443,43173,16777,1962
6247,2026-08-19,KrzysztofKruk,RBC,720575940560325542,44600,16843,1999
6248,2026-08-19,KrzysztofKruk,t6,720575940551324512,55965,17852,1982
6249,2026-08-19,KrzysztofKruk,t3b,720575940554751866,37315,16959,2054
6250,2026-08-19,Nseraf,t7,720575940563231211,56478,17266,2028
6251,2026-08-19,KrzysztofKruk,?,720575940561938444,41852,17796,2019
6252,2026-08-19,KrzysztofKruk,?,720575940564741195,55225,17368,2057
6253,2026-08-19,KrzysztofKruk,?,720575940579154985,36832,17816,2061
6254,2026-08-19,KrzysztofKruk,t3b,720575940564062027,53188,16928,2059
6255,2026-08-19,Nseraf,4,720575940564214967,40633,17246,2030
6256,2026-08-19,KrzysztofKruk,t5i,720575940561848604,47325,17076,2032
6257,2026-08-19,KrzysztofKruk,RBC,720575940560821451,33941,16807,2053
6258,2026-08-19,KrzysztofKruk,RBC,720575940570769853,35078,17837,2010
6259,2026-08-19,Nseraf,RBC,720575940552507200,35453,17260,2035
6260,2026-08-19,KrzysztofKruk,t3b,720575940569641394,49376,17004,2048
6261,2026-08-20,KrzysztofKruk,RBC,720575940574186693,33725,16688,2002
6262,2026-08-20,Nseraf,RBC,720575940570520688,41388,17187,1996
6263,2026-08-20,Nseraf,RBC,720575940578592533,45493,17156,1993
6264,2026-08-20,Nseraf,t6,720575940572578764,44232,17112,2039
6265,2026-08-20,KrzysztofKruk,t6,720575940577344054,46922,16757,2018
6266,2026-08-20,Nseraf,t4,720575940571767326,35717,17150,2029
6267,2026-08-20,KrzysztofKruk,RBC,720575940572081605,35651,16670,1958
6268,2026-08-20,Nseraf,RBC,720575940574887103,49678,17139,2007
6269,2026-08-20,KrzysztofKruk,t5i,720575940572035508,34257,16737,1994
6270,2026-08-20,KrzysztofKruk,?,720575940551354208,50606,16693,2029
6271,2026-08-20,KrzysztofKruk,t5i,720575940580026314,42457,16672,1996
6272,2026-08-20,Nseraf,?,720575940562079779,48292,17486,2048
6273,2026-08-20,KrzysztofKruk,t7,720575940559773493,44495,16711,2039
6274,2026-08-20,KrzysztofKruk,RBC,720575940575080344,32974,16693,2027
6275,2026-08-20,KrzysztofKruk,?,720575940563250602,45595,16680,2003
6276,2026-08-20,KrzysztofKruk,t6,720575940563677237,52331,16741,1991
6277,2026-08-20,KrzysztofKruk,t5o,720575940556630898,46947,16739,2007
6278,2026-08-20,KrzysztofKruk,?,720575940584523566,42392,16725,2036
6279,2026-08-20,Nseraf,XBC,720575940574886591,35834,17167,1982
6280,2026-08-20,KrzysztofKruk,t3b,720575940558244917,34844,16715,1966
6281,2026-08-20,Nseraf,RBC,720575940556631154,48309,17136,1952
6282,2026-08-20,Nseraf,RBC,720575940574010268,34938,17460,2043
6283,2026-08-20,Nseraf,RBC,720575940576184315,56737,17452,2021
6284,2026-08-20,Nseraf,t6,720575940566713966,40636,17194,1975
6285,2026-08-20,Nseraf,t4,720575940570521200,52899,17463,2027
6286,2026-08-20,KrzysztofKruk,t5o,720575940576184059,53378,16706,1971
6287,2026-08-20,KrzysztofKruk,RBC,720575940558921525,47610,16633,1993
6288,2026-08-20,Nseraf,?,720575940555543576,43873,17152,2045
6289,2026-08-20,KrzysztofKruk,?,720575940581762425,51881,16632,2010
6290,2026-08-20,KrzysztofKruk,t5o,720575940556799018,40524,16677,2042
6291,2026-08-20,Nseraf,RBC,720575940564680636,43820,17192,2001
6292,2026-08-20,KrzysztofKruk,?,720575940559307101,54730,16750,2012
6293,2026-08-20,KrzysztofKruk,t6,720575940551354464,46403,16688,2044
6294,2026-08-20,Nseraf,t3b,720575940583569095,42872,17221,2045
6295,2026-08-20,KrzysztofKruk,4,720575940589963412,51486,16706,2018
6296,2026-08-20,Nseraf,RBC,720575940583570119,46057,17190,1994
6297,2026-08-20,KrzysztofKruk,?,720575940584297750,55562,17154,2061
6298,2026-08-20,KrzysztofKruk,t5t,720575940575454166,47460,16654,1993
6299,2026-08-20,Nseraf,?,720575940575935561,45752,17150,2055
6300,2026-08-20,KrzysztofKruk,t5i,720575940563017277,49467,16773,1973
6301,2026-08-20,Nseraf,?,720575940574136253,40029,17140,2053
6302,2026-08-20,Nseraf,t3b,720575940556630386,38893,17194,2013
6303,2026-08-20,Nseraf,RBC,720575940556624622,49304,17437,1990
6304,2026-08-20,Nseraf,t6,720575940555543320,54571,17166,2029
6305,2026-08-20,Nseraf,RBC,720575940580027082,39866,17443,1959
6306,2026-08-20,KrzysztofKruk,RBC,720575940569362417,37429,16725,1969
6307,2026-08-20,KrzysztofKruk,t5o,720575940589964436,33244,16631,2041
6308,2026-08-20,Nseraf,t5t,720575940587020054,45251,17235,2013
6309,2026-08-20,Nseraf,t5o,720575940560907875,48022,17234,2038
6310,2026-08-20,Nseraf,?,720575940564225719,47781,17233,2056
6311,2026-08-20,Nseraf,t5t,720575940557675642,35888,17146,1998
6312,2026-08-20,Nseraf,t1,720575940555543064,34458,17174,2056
6313,2026-08-20,Nseraf,t3b,720575940556026130,35777,17152,2052
6314,2026-08-20,Nseraf,t5o,720575940575935049,49528,17174,1973
6315,2026-08-20,Nseraf,RBC,720575940571899189,55788,17460,1983
6316,2026-08-20,Nseraf,?,720575940568409084,54683,17051,2059
6317,2026-08-20,KrzysztofKruk,RBC,720575940561429668,49879,16685,1987
6318,2026-08-20,KrzysztofKruk,t6,720575940572280113,53414,16627,2045
6319,2026-08-20,KrzysztofKruk,?,720575940574304445,38942,16692,2042
6320,2026-08-20,KrzysztofKruk,RBC,720575940584328214,55027,16726,1967
6321,2026-08-20,KrzysztofKruk,?,720575940583570631,49806,16329,2058
6322,2026-08-20,KrzysztofKruk,RBC,720575940561038739,45043,16707,1985
6323,2026-08-20,Nseraf,RBC,720575940566419444,45431,16501,2003
6324,2026-08-20,Nseraf,t6,720575940587021078,33513,17143,2029
6325,2026-08-20,Nseraf,?,720575940570270290,49357,16503,2024
6326,2026-08-20,Nseraf,RBC,720575940557996578,50904,17456,1993
6327,2026-08-20,KrzysztofKruk,?,720575940556223881,43014,16677,2033
6328,2026-08-20,Nseraf,t5i,720575940570563012,35253,17137,2055
6329,2026-08-20,KrzysztofKruk,XBC,720575940581762169,42403,16635,2022
6330,2026-08-20,Nseraf,RBC,720575940565306593,47197,17207,2022
6331,2026-08-20,KrzysztofKruk,RBC,720575940563427596,47386,16699,2020
6332,2026-08-20,KrzysztofKruk,t6,720575940551355232,55546,16664,2031
6333,2026-08-20,KrzysztofKruk,t5t,720575940581762681,52946,16631,1976
6334,2026-08-20,Nseraf,RBC,720575940558716419,49965,17193,1996
6335,2026-08-20,Nseraf,RBC,720575940586435382,51215,17208,2051
6336,2026-08-20,KrzysztofKruk,?,720575940577390902,45835,16630,2037
6337,2026-08-20,Nseraf,RBC,720575940568409596,37606,17150,1965
6338,2026-08-20,KrzysztofKruk,t7,720575940552517696,36493,16707,1984
6339,2026-08-20,Nseraf,RBC,720575940571898933,40972,17189,1924
6340,2026-08-20,Nseraf,RBC,720575940552517440,46165,17198,2013
6341,2026-08-20,KrzysztofKruk,RBC,720575940572868549,40006,16651,1950
6342,2026-08-20,Nseraf,t5o,720575940561267601,34184,17223,2018
6343,2026-08-20,KrzysztofKruk,t5i,720575940586435894,54423,16746,1975
6344,2026-08-20,Nseraf,RBC,720575940570561732,47517,17222,1940
6345,2026-08-20,Nseraf,t6,720575940566326685,53560,17124,2012
6346,2026-08-20,KrzysztofKruk,?,720575940584228374,54124,16744,2046
6347,2026-08-20,KrzysztofKruk,t4,720575940552178597,40721,16739,2057
6348,2026-08-20,Nseraf,11,720575940560908899,37405,17208,2022
6349,2026-08-20,Nseraf,t5o,720575940571767838,44178,17468,2012
6350,2026-08-20,Nseraf,?,720575940580067794,54461,17445,2042
6351,2026-08-20,Nseraf,RBC,720575940561269649,51569,17483,1967
6352,2026-08-20,KrzysztofKruk,RBC,720575940562903861,52635,16642,1997
6353,2026-08-20,Nseraf,?,720575940556629362,49226,17207,2047
6354,2026-08-20,KrzysztofKruk,GluMI,720575940561187720,33164,16666,2058
6355,2026-08-20,KrzysztofKruk,t5i,720575940586436150,48825,16739,2020
6356,2026-08-20,Nseraf,RBC,720575940559247930,38135,17125,1948
6357,2026-08-20,Nseraf,t4,720575940572279857,38228,17108,2020
6358,2026-08-20,KrzysztofKruk,GluMI,720575940556223625,35474,16855,2057
6359,2026-08-20,Nseraf,?,720575940589965460,44574,16500,2057
6360,2026-08-20,KrzysztofKruk,t5i,720575940572576972,32907,16662,2040
6361,2026-08-20,KrzysztofKruk,t7,720575940566418676,34545,16668,1984
6362,2026-08-20,Nseraf,t7,720575940570269266,32288,17163,2044
6363,2026-08-20,KrzysztofKruk,RBC,720575940562180516,52002,16720,2018
6364,2026-08-20,Nseraf,RBC,720575940563251370,42228,17477,2007
6365,2026-08-20,Nseraf,?,720575940572768369,46264,16778,2064
6366,2026-08-20,Nseraf,t5i,720575940574010012,42806,17451,2058
6367,2026-08-20,KrzysztofKruk,t6,720575940577153590,37861,16746,1984
6368,2026-08-20,Nseraf,t8,720575940557995298,42447,17219,2033
6369,2026-08-20,Nseraf,t3b,720575940561269393,32830,17467,2019
6370,2026-08-20,KrzysztofKruk,t3b,720575940551356768,50133,16629,2059
6371,2026-08-20,KrzysztofKruk,t3b,720575940558694709,37854,16689,2046
6372,2026-08-21,KrzysztofKruk,t7,720575940563283114,50768,15690,2017
6373,2026-08-21,Nseraf,t7,720575940571651179,37186,15969,2018
6374,2026-08-21,Nseraf,t3b,720575940589983892,33091,16474,2036
6375,2026-08-21,Nseraf,t5t,720575940557707642,37240,15824,1999
6376,2026-08-21,Nseraf,t6,720575940564700092,39329,15446,1998
6377,2026-08-21,KrzysztofKruk,RBC,720575940576511542,41454,16512,1951
6378,2026-08-21,Nseraf,t5i,720575940566996354,33326,16107,1978
6379,2026-08-21,Nseraf,?,720575940570569076,37314,16338,2056
6380,2026-08-21,KrzysztofKruk,?,720575940556639214,42201,16552,2054
6381,2026-08-21,Nseraf,RBC,720575940564698044,34974,16332,2007
6382,2026-08-21,Nseraf,?,720575940554373015,36069,16029,2045
6383,2026-08-21,KrzysztofKruk,?,720575940561954054,46560,15662,2054
6384,2026-08-21,KrzysztofKruk,?,720575940572767089,47308,15744,2052
6385,2026-08-21,Nseraf,RBC,720575940556282854,48317,16012,2046
6386,2026-08-21,KrzysztofKruk,t3b,720575940563284394,35834,15629,2023
6387,2026-08-21,Nseraf,t3b,720575940574027164,34367,16067,2059
6388,2026-08-21,Nseraf,RBC,720575940556654450,46367,16278,2032
6389,2026-08-21,Nseraf,RBC,720575940571652203,49283,15910,2013
6390,2026-08-21,Nseraf,RBC,720575940565055039,35266,16224,2013
6391,2026-08-21,Nseraf,t7,720575940558009634,53235,15999,2000
6392,2026-08-21,Nseraf,t5t,720575940564403283,50969,16486,2061
6393,2026-08-21,Nseraf,t5i,720575940568041324,47188,16342,2043
6394,2026-08-21,KrzysztofKruk,RBC,720575940562844221,53698,16537,1953
6395,2026-08-21,Nseraf,?,720575940577993795,52047,16298,2059
6396,2026-08-21,KrzysztofKruk,?,720575940565056063,35467,16534,1941
6397,2026-08-21,Nseraf,t5i,720575940547916549,48551,16169,2045
6398,2026-08-21,Nseraf,t5o,720575940572046772,51567,16381,1972
6399,2026-08-21,Nseraf,RBC,720575940559294436,37360,16366,2028
6400,2026-08-21,Nseraf,t8,720575940572047028,47648,16302,2000
6401,2026-08-21,Nseraf,?,720575940562293779,49159,16174,2055
6402,2026-08-21,Nseraf,?,720575940565964861,48643,16243,2064
6403,2026-08-21,Nseraf,RBC,720575940559725093,41781,16070,2034
6404,2026-08-21,KrzysztofKruk,?,720575940560922979,54194,16612,2021
6405,2026-08-21,Nseraf,t7,720575940587039510,43909,15960,1788
6406,2026-08-21,Nseraf,RBC,720575940566441460,44188,15954,1997
6407,2026-08-21,Nseraf,?,720575940574970429,54419,16574,2060
6408,2026-08-21,KrzysztofKruk,?,720575940561935878,45902,15638,2017
6409,2026-08-21,Nseraf,XBC,720575940580062410,53679,15960,1990
6410,2026-08-21,Nseraf,?,720575940584539694,50692,16329,2062
6411,2026-08-21,Nseraf,t6,720575940575955529,44087,16422,1997
6412,2026-08-21,Nseraf,t6,720575940560077703,53031,16381,2057
6413,2026-08-21,Nseraf,RBC,720575940566339741,43010,15808,1957
6414,2026-08-21,KrzysztofKruk,t6,720575940583579591,55609,16622,2027
6415,2026-08-21,Nseraf,?,720575940575956809,40863,15953,2051
6416,2026-08-21,Nseraf,t8,720575940565054527,45673,16395,1984
6417,2026-08-21,Nseraf,RBC,720575940561209224,33509,15851,2012
6418,2026-08-21,KrzysztofKruk,t5o,720575940552327337,36483,15600,2001
6419,2026-08-21,Nseraf,?,720575940556638446,47550,16010,2064
6420,2026-08-21,KrzysztofKruk,?,720575940563508789,44608,16563,2045
6421,2026-08-21,Nseraf,?,720575940562102051,50893,15440,2037
6422,2026-08-21,KrzysztofKruk,t6,720575940560067125,38983,16624,1993
6423,2026-08-21,KrzysztofKruk,RBC,720575940559889215,37157,16522,1949
6424,2026-08-21,Nseraf,?,720575940562295714,37371,15865,2043
6425,2026-08-21,Nseraf,?,720575940561045339,43243,16192,2034
6426,2026-08-21,Nseraf,RBC,720575940587040022,46995,15761,2028
6427,2026-08-21,KrzysztofKruk,t5t,720575940577994051,43298,16618,1975
6428,2026-08-21,KrzysztofKruk,t7,720575940560653373,45070,16588,2045
6429,2026-08-21,KrzysztofKruk,RBC,720575940568093624,43565,15636,2017
6430,2026-08-21,KrzysztofKruk,t3b,720575940577371702,46641,16625,2050
6431,2026-08-21,KrzysztofKruk,?,720575940581522454,51316,16624,2053
6432,2026-08-21,Nseraf,t5i,720575940563283626,38248,15882,1989
6433,2026-08-21,Nseraf,t6,720575940571650923,34666,15984,2029
6434,2026-08-21,Nseraf,t3b,720575940568372641,37381,16354,2029
6435,2026-08-21,Nseraf,t5t,720575940566411837,50227,16111,2019
6436,2026-08-21,Nseraf,RBC,720575940560922723,38286,16326,2041
6437,2026-08-21,Nseraf,RBC,720575940559268666,39845,15850,2051
6438,2026-08-21,Nseraf,t5t,720575940560924003,40864,16225,2025
6439,2026-08-21,Nseraf,t3b,720575940569723789,33374,16489,2007
6440,2026-08-21,Nseraf,RBC,720575940579170857,38682,16317,2040
6441,2026-08-21,Nseraf,RBC,720575940561862940,35616,16250,1972
6442,2026-08-21,Nseraf,XBC,720575940556282086,34018,16339,2003
6443,2026-08-21,Nseraf,?,720575940559269690,45128,15822,2062
6444,2026-08-21,Nseraf,t3b,720575940570537328,40254,15811,2051
6445,2026-08-21,Nseraf,t5i,720575940570536816,34754,16253,2004
6446,2026-08-21,Nseraf,?,720575940552186789,54056,16123,2047
6447,2026-08-21,KrzysztofKruk,RBC,720575940565678708,33961,15695,1966
6448,2026-08-21,KrzysztofKruk,RBC,720575940564663869,48446,16512,2020
6449,2026-08-21,Nseraf,RBC,720575940557703802,51994,16493,1968
6450,2026-08-21,Nseraf,RBC,720575940575470806,42880,16355,2059
6451,2026-08-21,Nseraf,t5i,720575940575958601,36284,15865,1993
6452,2026-08-21,Nseraf,?,720575940581793145,34446,15988,2023
6453,2026-08-21,Nseraf,?,720575940571908149,47969,16222,2064
6454,2026-08-21,Nseraf,t4,720575940561206920,52984,16404,2036
6455,2026-08-21,KrzysztofKruk,t5t,720575940562202272,52598,15744,1959
6456,2026-08-21,Nseraf,t5t,720575940556822314,53358,15987,2041
6457,2026-08-21,Nseraf,t8,720575940563461964,39937,15937,2025
6458,2026-08-21,Nseraf,?,720575940566440180,44707,16485,2023
6459,2026-08-21,KrzysztofKruk,t5i,720575940566996610,50644,16521,2056
6460,2026-08-21,Nseraf,t3a,720575940581796473,33562,15762,2054
6461,2026-08-21,Nseraf,t3b,720575940555470754,52677,15380,2064
6462,2026-08-21,KrzysztofKruk,t8,720575940574684652,52460,15729,2030
6463,2026-08-21,Nseraf,RBC,720575940570157150,45246,16351,1949
6464,2026-08-21,Nseraf,t4,720575940547371763,35106,16098,2061
6465,2026-08-21,Nseraf,?,720575940571740937,43387,16182,2062
6466,2026-08-21,Nseraf,RBC,720575940559197966,42545,16042,2000
6467,2026-08-21,KrzysztofKruk,RBC,720575940566411134,49178,16573,1968
6468,2026-08-21,Nseraf,t7,720575940556656242,42854,16150,2028
6469,2026-08-21,Nseraf,XBC,720575940578609685,53253,16455,2042
6470,2026-08-21,Nseraf,RBC,720575940561281169,49726,16132,2006
6471,2026-08-21,KrzysztofKruk,?,720575940571793694,53730,15314,2060
6472,2026-08-21,Nseraf,t6,720575940547370483,53913,16245,2036
6473,2026-08-21,KrzysztofKruk,?,720575940572612044,39960,15653,2010
6474,2026-08-21,Nseraf,?,720575940572773745,47197,16273,2006
6475,2026-08-21,Nseraf,?,720575940580059082,51386,16435,2042
6476,2026-08-21,Nseraf,XBC,720575940559912715,48742,15834,2039
6477,2026-08-21,KrzysztofKruk,RBC,720575940560755693,37534,15620,1998
6478,2026-08-21,Nseraf,t5i,720575940562899338,35536,16108,1997
6479,2026-08-21,Nseraf,?,720575940569309501,54641,16679,2054
6480,2026-08-21,Nseraf,?,720575940549693062,38612,15987,2009
6481,2026-08-21,Nseraf,?,720575940569118013,50368,16287,2007
6482,2026-08-21,Nseraf,t6,720575940575955273,36698,16460,2019
6483,2026-08-21,Nseraf,4,720575940570569332,40319,16337,2021
6484,2026-08-21,Nseraf,RBC,720575940575469270,44233,16460,2013
6485,2026-08-21,KrzysztofKruk,t8,720575940559269178,45329,15655,2024
6486,2026-08-21,Nseraf,RBC,720575940556656754,40692,16031,2003
6487,2026-08-21,Nseraf,RBC,720575940584538670,33093,16419,2006
6488,2026-08-21,KrzysztofKruk,t5i,720575940558008610,41297,16580,2017
6489,2026-08-21,Nseraf,?,720575940551393632,44451,15991,2055
6490,2026-08-21,KrzysztofKruk,RBC,720575940542421312,36789,15642,2004
6491,2026-08-21,KrzysztofKruk,?,720575940566424893,49799,15636,2013
6492,2026-08-21,Nseraf,t3b,720575940581790073,52326,16481,2057
6493,2026-08-21,Nseraf,t5t,720575940553655039,39683,16285,2008
6494,2026-08-21,Nseraf,t7,720575940551397216,34909,15920,2011
6495,2026-08-21,Nseraf,RBC,720575940561209736,53324,15829,2003
6496,2026-08-21,Nseraf,RBC,720575940559268922,50478,15847,1997
6497,2026-08-21,Nseraf,RBC,720575940572047796,39125,16168,2022
6498,2026-08-21,Nseraf,t5o,720575940575954761,48048,16497,1999
6499,2026-08-21,Nseraf,t6,720575940572614348,48687,15442,2013
6500,2026-08-21,KrzysztofKruk,RBC,720575940561280913,54030,16569,1988
6501,2026-08-21,Nseraf,t4,720575940586451766,37045,16197,2054
6502,2026-08-21,Nseraf,RBC,720575940563280298,44486,16240,2017
6503,2026-08-21,Nseraf,t5i,720575940565205199,49920,16105,2015
6504,2026-08-21,Nseraf,t7,720575940572613580,51619,15805,2014
6505,2026-08-21,KrzysztofKruk,RBC,720575940557928501,46924,16590,2018
6506,2026-08-21,KrzysztofKruk,t8,720575940559911947,49292,15642,2022
6507,2026-08-21,Nseraf,t3b,720575940552527168,35511,16153,1993
6508,2026-08-21,Nseraf,t3b,720575940578612757,36990,15327,2057
6509,2026-08-21,Nseraf,?,720575940562977509,49878,16074,2053
6510,2026-08-21,KrzysztofKruk,t5t,720575940561281937,50659,15613,1979
6511,2026-08-21,Nseraf,t6,720575940570289234,51665,16403,1970
6512,2026-08-21,Nseraf,RBC,720575940577994563,50750,16006,2031
6513,2026-08-21,Nseraf,t5o,720575940575955017,37457,16475,2032
6514,2026-08-21,KrzysztofKruk,t5i,720575940556248201,54061,15714,2044
6515,2026-08-21,KrzysztofKruk,t5i,720575940563229493,38512,15659,1980
6516,2026-08-21,Nseraf,t6,720575940554267843,49900,16034,2024
6517,2026-08-21,KrzysztofKruk,t5o,720575940553470335,38740,16607,2038
6518,2026-08-21,Nseraf,4,720575940566442740,54237,15912,2024
6519,2026-08-21,Nseraf,?,720575940568433916,39374,15810,2026
6520,2026-08-21,KrzysztofKruk,t5o,720575940567614846,51030,16507,1944
6521,2026-08-21,Nseraf,?,720575940551396448,40109,15923,2058
6522,2026-08-21,Nseraf,RBC,720575940549692038,41227,16495,2000
6523,2026-08-21,Nseraf,RBC,720575940576196347,41107,15466,2011
6524,2026-08-21,Nseraf,t5i,720575940572297009,42640,15942,2031
6525,2026-08-21,Nseraf,t5t,720575940570536048,36834,16318,2026
6526,2026-08-21,Nseraf,RBC,720575940562296482,38288,15805,2033
6527,2026-08-21,Nseraf,?,720575940556825386,35368,15726,2058
6528,2026-08-21,Nseraf,?,720575940549695622,44763,15746,2059
6529,2026-08-21,KrzysztofKruk,t6,720575940560320774,41717,15652,2010
6530,2026-08-21,Nseraf,RBC,720575940547371251,54450,16108,1971
6531,2026-08-21,Nseraf,RBC,720575940559268410,43375,15895,1917
6532,2026-08-21,Nseraf,t6,720575940554143189,47868,16392,1963
6533,2026-08-21,KrzysztofKruk,t6,720575940572761786,45838,15608,2052
6534,2026-08-21,Nseraf,t5o,720575940581791609,48397,16321,1968
6535,2026-08-21,Nseraf,t7,720575940574026908,46406,16170,1975
6536,2026-08-21,KrzysztofKruk,RBC,720575940581946166,50620,16510,1967
6537,2026-08-21,KrzysztofKruk,t5o,720575940570569844,41818,15619,2034
6538,2026-08-21,Nseraf,t6,720575940561981788,46922,15897,2012
6539,2026-08-21,KrzysztofKruk,?,720575940574226117,35305,16590,2036
6540,2026-08-21,KrzysztofKruk,t5i,720575940562295458,41542,15679,2040
6541,2026-08-21,KrzysztofKruk,t5t,720575940584540206,53966,15626,1994
6542,2026-08-21,Nseraf,RBC,720575940572296241,34121,16395,2046
6543,2026-08-21,Nseraf,t8,720575940589984916,41886,16058,1996
6544,2026-08-21,Nseraf,t5t,720575940571792670,45694,16154,2022
6545,2026-08-21,Nseraf,t7,720575940564470333,47517,15809,2045
6546,2026-08-21,Nseraf,4,720575940555570456,36616,16423,2023
6547,2026-08-21,Nseraf,RBC,720575940578611733,45355,15847,1982
6548,2026-08-21,KrzysztofKruk,t5o,720575940559226210,44783,15753,2018
6549,2026-08-21,Nseraf,RBC,720575940555164323,33791,16359,1974
6550,2026-08-21,Nseraf,RBC,720575940568431868,48907,16330,1968
6551,2026-08-21,KrzysztofKruk,t6,720575940549694342,52297,15675,1999
6552,2026-08-21,Nseraf,?,720575940576195323,40744,16182,2036
6553,2026-08-21,Nseraf,RBC,720575940566339997,39787,15453,2053
6554,2026-08-21,Nseraf,?,720575940551396960,50818,16084,2064
6555,2026-08-21,Nseraf,RBC,720575940571379880,48072,16379,1971
6556,2026-08-21,Nseraf,4,720575940586452278,50359,16128,2023
6557,2026-08-21,KrzysztofKruk,RBC,720575940560928518,41975,15618,2030
6558,2026-08-21,KrzysztofKruk,t6,720575940559754805,44846,16617,2015
6559,2026-08-21,Nseraf,RBC,720575940589983636,48127,16477,2049
6560,2026-08-21,Nseraf,?,720575940570158430,50048,15453,2044
6561,2026-08-21,KrzysztofKruk,RBC,720575940568647598,48555,16543,2028
6562,2026-08-21,Nseraf,t5i,720575940570290770,43783,16075,2038
6563,2026-08-21,Nseraf,RBC,720575940580080338,39769,16275,2014
6564,2026-08-21,KrzysztofKruk,?,720575940570157918,45109,15637,2046
6565,2026-08-21,Nseraf,4,720575940580079826,45105,16283,2058
6566,2026-08-21,Nseraf,?,720575940565318881,43187,16148,2057
6567,2026-08-21,KrzysztofKruk,t3a,720575940562978021,35555,16511,2017
6568,2026-08-21,Nseraf,?,720575940562098211,48498,16411,2034
6569,2026-08-21,KrzysztofKruk,t5o,720575940558831740,46190,16528,2018
6570,2026-08-21,Nseraf,t7,720575940570536304,38526,16280,1983
6571,2026-08-21,Nseraf,?,720575940562294434,53587,15944,2048
6572,2026-08-21,KrzysztofKruk,t6,720575940551398240,43518,15672,2060
6573,2026-08-21,Nseraf,t4,720575940572612812,47894,15814,2018
6574,2026-08-21,KrzysztofKruk,RBC,720575940562155270,45749,15754,2010
6575,2026-08-21,KrzysztofKruk,RBC,720575940562152710,48448,15681,2048
6576,2026-08-21,Nseraf,t5i,720575940574027420,44797,15807,1973
6577,2026-08-21,KrzysztofKruk,t6,720575940557706362,40654,15745,2001
6578,2026-08-21,Nseraf,t5i,720575940556833562,39530,16063,2002
6579,2026-08-21,Nseraf,?,720575940572299057,40808,15465,2053
6580,2026-08-21,Nseraf,t5i,720575940581789561,44818,16485,2059
6581,2026-08-21,KrzysztofKruk,RBC,720575940556242338,52455,15692,2023
6582,2026-08-21,Nseraf,RBC,720575940566729326,51608,16075,1969
6583,2026-08-21,Nseraf,t6,720575940561344901,48219,16354,2051
6584,2026-08-21,KrzysztofKruk,t3b,720575940586451510,35624,16579,2058
6585,2026-08-21,Nseraf,RBC,720575940547372275,41794,16079,1951
6586,2026-08-21,Nseraf,?,720575940551391328,49051,16444,2036
6587,2026-08-21,Nseraf,RBC,720575940574026396,33352,16227,1976
6588,2026-08-21,KrzysztofKruk,RBC,720575940575012282,44785,15727,1997
6589,2026-08-21,KrzysztofKruk,?,720575940570235320,37516,15750,2060
6590,2026-08-21,KrzysztofKruk,?,720575940560764909,38776,15735,2053
6591,2026-08-21,Nseraf,?,720575940558009122,40488,16143,2056
6592,2026-08-21,KrzysztofKruk,t5t,720575940567379561,49489,16581,1997
6593,2026-08-21,Nseraf,t5o,720575940569282055,43784,16040,2009
6594,2026-08-21,Nseraf,t6,720575940572048564,48267,15756,2009
6595,2026-08-21,Nseraf,?,720575940568433148,44860,16554,2060
6596,2026-08-21,Nseraf,RBC,720575940571909173,48171,15442,2002
6597,2026-08-21,KrzysztofKruk,t5i,720575940558832252,46861,15681,2023
6598,2026-08-21,Nseraf,t3a,720575940557705850,34839,16088,2018
6599,2026-08-21,KrzysztofKruk,RBC,720575940564708724,35658,15705,1973
6600,2026-08-21,Nseraf,?,720575940556824106,39299,15920,2058
6601,2026-08-21,Nseraf,RBC,720575940571652715,50959,15886,2047
6602,2026-08-21,Nseraf,RBC,720575940558728707,41906,16099,2001
6603,2026-08-21,Nseraf,t8,720575940564698300,34111,16278,2059
6604,2026-08-21,Nseraf,RBC,720575940562294035,45372,16001,2016
6605,2026-08-21,KrzysztofKruk,?,720575940569876797,51201,16593,2015
6606,2026-08-21,KrzysztofKruk,t7,720575940560924515,38910,15639,2028
6607,2026-08-21,KrzysztofKruk,?,720575940577014070,43466,16579,2052
6608,2026-08-21,Nseraf,?,720575940581089590,52562,16270,2057
6609,2026-08-21,Nseraf,RBC,720575940558728963,49050,16033,1974
6610,2026-08-21,KrzysztofKruk,?,720575940559724581,34973,16750,2060
6611,2026-08-21,Nseraf,RBC,720575940574025884,49262,16312,2006
6612,2026-08-21,Nseraf,?,720575940552527936,49809,16018,2050
6613,2026-08-21,Nseraf,t5t,720575940565317857,38608,16312,2018
6614,2026-08-21,Nseraf,t7,720575940566442996,41311,15883,1995
6615,2026-08-21,KrzysztofKruk,t5o,720575940577994819,47663,15734,2014
6616,2026-08-21,Nseraf,RBC,720575940571651435,41537,15953,2036
6617,2026-08-21,Nseraf,t3a,720575940556967907,36772,16321,2048
6618,2026-08-21,Nseraf,RBC,720575940566443252,50206,15866,2017
6619,2026-08-21,Nseraf,t3b,720575940565318113,34987,16297,1998
6620,2026-08-21,Nseraf,t5o,720575940574970941,41412,16002,2003
6621,2026-08-21,Nseraf,t6,720575940552187045,42136,16076,2011
6622,2026-08-21,Nseraf,t6,720575940563280810,33485,16203,2036
6623,2026-08-21,Nseraf,?,720575940560831691,36310,16272,2036
6624,2026-08-21,KrzysztofKruk,?,720575940571287997,39739,17355,2060
6625,2026-08-21,KrzysztofKruk,t5i,720575940574905791,40589,15641,2023
6626,2026-08-21,Nseraf,t7,720575940583580103,39160,16228,1993
6627,2026-08-21,Nseraf,RBC,720575940560022877,45830,16294,1990
6628,2026-08-21,KrzysztofKruk,t5t,720575940567093053,33702,16526,2015
6629,2026-08-21,Nseraf,t3a,720575940556282342,37232,16150,2055
6630,2026-08-21,Nseraf,RBC,720575940554145749,39196,15443,2019
6631,2026-08-21,Nseraf,?,720575940568434684,49187,15436,2029
6632,2026-08-21,Nseraf,?,720575940571908405,44996,16106,2030
6633,2026-08-21,Nseraf,RBC,720575940556639726,46472,15419,2044
6634,2026-08-21,KrzysztofKruk,t5t,720575940566729070,48076,16551,1980
6635,2026-08-21,Nseraf,RBC,720575940568490714,38851,16024,1944
6636,2026-08-21,Nseraf,?,720575940570578116,39490,16208,2045
6637,2026-08-21,Nseraf,t6,720575940562293922,53174,15953,1969
6638,2026-08-21,Nseraf,RBC,720575940579863497,40161,15929,2021
6639,2026-08-21,KrzysztofKruk,RBC,720575940555575064,36135,15627,1980
6640,2026-08-21,Nseraf,t5o,720575940566727790,35999,16338,1980
6641,2026-08-21,KrzysztofKruk,?,720575940562211744,51125,15720,2025
6642,2026-08-21,KrzysztofKruk,RBC,720575940555267746,49928,15655,2017
6643,2026-08-21,Nseraf,RBC,720575940559264826,53527,16461,2028
6644,2026-08-21,KrzysztofKruk,t3b,720575940561201725,35459,15745,2030
6645,2026-08-21,Nseraf,t5i,720575940566442228,51400,15950,1961
6646,2026-08-21,KrzysztofKruk,t5o,720575940568459617,54549,16590,1978
6647,2026-08-21,KrzysztofKruk,t4,720575940561280145,35761,16585,2057
6648,2026-08-21,Nseraf,?,720575940564809115,41788,16452,2055
6649,2026-08-21,Nseraf,XBC,720575940574026140,47623,16258,1990
6650,2026-08-21,Nseraf,?,720575940560024157,42438,15446,2033
6651,2026-08-21,KrzysztofKruk,t3a,720575940565605437,34505,16542,2021
6652,2026-08-21,Nseraf,t5t,720575940549694598,49367,15857,1996
6653,2026-08-21,Nseraf,t5i,720575940563259627,52591,16231,2006
6654,2026-08-21,KrzysztofKruk,t3b,720575940558794037,33661,16616,1971
6655,2026-08-21,Nseraf,?,720575940589987476,43459,15910,2058
6656,2026-08-21,KrzysztofKruk,?,720575940565055551,55006,16561,2059
6657,2026-08-21,KrzysztofKruk,RBC,720575940568695214,47962,16565,2022
6658,2026-08-21,Nseraf,RBC,720575940570577860,43471,16277,2057
6659,2026-08-21,Nseraf,RBC,720575940563282090,34499,15951,1990
6660,2026-08-21,KrzysztofKruk,?,720575940556638958,42294,16603,2055
6661,2026-08-21,Nseraf,t6,720575940580064202,35987,15868,1995
6662,2026-08-21,Nseraf,t5o,720575940586452790,41965,16001,2027
6663,2026-08-21,Nseraf,t4,720575940562099235,42667,16329,2045
6664,2026-08-21,Nseraf,t5i,720575940563281066,46058,16149,1992
6665,2026-08-21,Nseraf,RBC,720575940561978972,54651,16477,2032
6666,2026-08-21,Nseraf,t5t,720575940569369329,46356,16183,1961
6667,2026-08-21,Nseraf,XBC,720575940558624502,46057,16203,2019
6668,2026-08-21,KrzysztofKruk,RBC,720575940578387510,42543,16552,2037
6669,2026-08-21,Nseraf,t3b,720575940560923235,35690,16296,2053
6670,2026-08-21,Nseraf,?,720575940564239543,52173,16335,2036
6671,2026-08-21,Nseraf,RBC,720575940581073808,52965,16118,2007
6672,2026-08-21,Nseraf,t3b,720575940578611477,33595,16337,2046
6673,2026-08-21,Nseraf,t6,720575940562293410,42847,16412,2024
6674,2026-08-21,KrzysztofKruk,t5i,720575940564080510,53859,16512,2007
6675,2026-08-22,KrzysztofKruk,t5i,720575940580067530,48222,15469,2006
6676,2026-08-22,Nseraf,RBC,720575940561983836,52758,15360,2063
6677,2026-08-22,Annkri,t5t,720575940551402080,41240,17679,1983
6678,2026-08-22,Nseraf,RBC,720575940551403104,51288,15381,1954
6679,2026-08-22,Nseraf,RBC,720575940581799033,45794,15389,1959
6680,2026-08-22,Annkri,t5i,720575940583853846,52846,17664,2039
6681,2026-08-22,KrzysztofKruk,t5t,720575940580067018,48062,15578,1966
6682,2026-08-22,Nseraf,t6,720575940551401824,47441,15396,2009
6683,2026-08-22,Annkri,t3a,720575940570743741,34606,17672,2023
6684,2026-08-22,Nseraf,RBC,720575940551401568,39333,15398,2018
6685,2026-08-22,KrzysztofKruk,RBC,720575940558449399,43331,15594,2020
6686,2026-08-22,KrzysztofKruk,t6,720575940560085997,36427,15539,2024
6687,2026-08-22,KrzysztofKruk,RBC,720575940565244020,38782,15556,1963
6688,2026-08-22,KrzysztofKruk,RBC,720575940564567156,34969,15484,2029
6689,2026-08-22,Annkri,t3b,720575940573925821,37689,17668,2037
6690,2026-08-22,KrzysztofKruk,t6,720575940565319905,40843,15505,2014
6691,2026-08-22,KrzysztofKruk,?,720575940563480629,47038,15549,2031
6692,2026-08-22,Nseraf,t6,720575940580066762,35087,15367,2013
6693,2026-08-22,KrzysztofKruk,?,720575940576583277,41202,15599,2027
6694,2026-08-22,KrzysztofKruk,t6,720575940556250505,49836,15589,2026
6695,2026-08-22,Nseraf,?,720575940559270458,45650,15373,2026
6696,2026-08-22,KrzysztofKruk,XBC,720575940551404896,41068,15491,1987
6697,2026-08-22,KrzysztofKruk,t5t,720575940571655787,34417,15481,1992
6698,2026-08-22,KrzysztofKruk,t7,720575940564243127,49140,15566,2016
6699,2026-08-22,Annkri,t3b,720575940571982781,36645,17689,1987
6700,2026-08-22,Annkri,?,720575940571452349,38980,17699,2056
6701,2026-08-22,Annkri,?,720575940582096150,51874,17670,2031
6702,2026-08-22,Annkri,t5i,720575940575478981,40554,17687,1989
6703,2026-08-22,Nseraf,?,720575940566445556,43908,15365,2060
6704,2026-08-22,Annkri,RBC,720575940564854419,43447,17697,2058
6705,2026-08-22,KrzysztofKruk,?,720575940559824621,34848,15496,2040
6706,2026-08-22,Annkri,?,720575940569269755,47087,17657,2054
6707,2026-08-22,Nseraf,?,720575940581798777,40038,15331,2064
6708,2026-08-22,KrzysztofKruk,t5i,720575940564701628,43342,15554,2022
6709,2026-08-22,Annkri,XBC,720575940556829226,47221,17646,2028
6710,2026-08-22,Nseraf,t7,720575940589989012,39846,15387,1955
6711,2026-08-22,KrzysztofKruk,RBC,720575940562155014,46538,15547,2034
6712,2026-08-22,KrzysztofKruk,t3b,720575940542401600,37231,15561,2048
6713,2026-08-22,KrzysztofKruk,RBC,720575940584541742,49697,15520,2038
6714,2026-08-22,Annkri,t6,720575940562298274,40262,17657,2036
6715,2026-08-22,KrzysztofKruk,?,720575940572810097,43192,15908,2057
6716,2026-08-22,KrzysztofKruk,RBC,720575940566255220,35708,15578,2041
6717,2026-08-22,KrzysztofKruk,RBC,720575940575012026,44579,15567,2008
6718,2026-08-22,KrzysztofKruk,RBC,720575940562154758,46100,15487,2023
6719,2026-08-22,KrzysztofKruk,t5i,720575940563174965,37034,15555,2037
6720,2026-08-22,Nseraf,t5o,720575940562296994,39778,15386,2008
6721,2026-08-22,KrzysztofKruk,RBC,720575940565549373,49331,15163,2022
6722,2026-08-22,KrzysztofKruk,RBC,720575940561444589,36207,15161,2032
6723,2026-08-22,Nseraf,RBC,720575940561210760,47580,15376,2015
6724,2026-08-22,Annkri,RBC,720575940553455994,37526,17695,2043
6725,2026-08-22,KrzysztofKruk,t6,720575940561211272,50969,15497,2021
6726,2026-08-22,Nseraf,t3b,720575940561982556,34832,15394,2031
6727,2026-08-22,KrzysztofKruk,RBC,720575940577626166,49591,15478,1965
6728,2026-08-22,Annkri,?,720575940579568237,41104,17681,2041
6729,2026-08-22,Annkri,t5o,720575940579333229,41193,17665,2035
6730,2026-08-22,KrzysztofKruk,?,720575940562311457,48015,15494,2034
6731,2026-08-22,KrzysztofKruk,RBC,720575940562181126,48152,15510,2014
6732,2026-08-22,Annkri,t3b,720575940574832784,43320,17669,2024
6733,2026-08-22,Nseraf,t6,720575940563285418,45446,15391,1937
6734,2026-08-22,Annkri,t6,720575940561913747,44317,17655,2022
6735,2026-08-22,KrzysztofKruk,?,720575940555279778,50939,15652,2057
6736,2026-08-22,Annkri,t4,720575940572164549,35790,17678,2043
6737,2026-08-22,KrzysztofKruk,t7,720575940559932223,35645,15584,1997
6738,2026-08-22,Annkri,GluMI,720575940551405152,56204,19605,2052
6739,2026-08-22,KrzysztofKruk,?,720575940571655531,38383,15535,2004
6740,2026-08-22,KrzysztofKruk,t6,720575940551405920,37411,15467,1967
6741,2026-08-22,Nseraf,t5o,720575940580081106,42875,15402,2022
6742,2026-08-22,KrzysztofKruk,RBC,720575940554147029,50499,15599,1998
6743,2026-08-22,Annkri,t5i,720575940552860026,35107,17700,2043
6744,2026-08-22,Nseraf,?,720575940571653995,44142,15370,2059
6745,2026-08-22,Annkri,t7,720575940574118032,42492,17675,2025
6746,2026-08-22,KrzysztofKruk,RBC,720575940555821531,54030,15576,2060
6747,2026-08-22,Annkri,t5o,720575940569559736,51759,17684,2022
6748,2026-08-22,KrzysztofKruk,RBC,720575940568093368,43741,15499,1985
6749,2026-08-22,Nseraf,t3a,720575940549696134,36604,15378,2058
6750,2026-08-22,KrzysztofKruk,RBC,720575940576500333,41111,15572,2000
6751,2026-08-22,Annkri,RBC,720575940553050234,34030,17665,1983
6752,2026-08-22,Annkri,t3b,720575940563812427,50977,17704,2054
6753,2026-08-22,Annkri,t5i,720575940565207247,55814,17698,2046
6754,2026-08-23,KrzysztofKruk,t6,720575940569702806,36727,15067,2031
6755,2026-08-23,KrzysztofKruk,t3b,720575940562106403,38177,14950,2035
6756,2026-08-23,KrzysztofKruk,t6,720575940543799872,38391,15054,2045
6757,2026-08-23,KrzysztofKruk,?,720575940542700608,34983,14999,2035
6758,2026-08-23,KrzysztofKruk,RBC,720575940555548834,51705,15035,2021
6759,2026-08-23,KrzysztofKruk,t5i,720575940577997379,40892,15134,2012
6760,2026-08-23,Nseraf,RBC,720575940554948951,44219,15338,1953
6761,2026-08-23,Nseraf,t5o,720575940568470022,37289,15351,1985
6762,2026-08-23,KrzysztofKruk,t5i,720575940552103719,50331,15080,2007
6763,2026-08-23,KrzysztofKruk,t3b,720575940553285618,35206,15007,2056
6764,2026-08-23,KrzysztofKruk,t6,720575940558144759,43054,15151,2017
6765,2026-08-23,KrzysztofKruk,t5t,720575940567294384,44333,15049,2027
6766,2026-08-23,Nseraf,RBC,720575940562105123,42124,15334,1997
6767,2026-08-23,Nseraf,RBC,720575940575391736,53303,15336,2023
6768,2026-08-23,KrzysztofKruk,?,720575940552193189,43667,14688,2058
6769,2026-08-23,KrzysztofKruk,t5i,720575940554949975,42086,15097,1993
6770,2026-08-23,KrzysztofKruk,RBC,720575940562308641,48675,14966,2055
6771,2026-08-23,KrzysztofKruk,RBC,720575940543820864,37256,15071,2014
6772,2026-08-23,Nseraf,t6,720575940569443082,34750,15342,2052
6773,2026-08-23,KrzysztofKruk,?,720575940560309766,43415,14854,2060
6774,2026-08-23,Nseraf,RBC,720575940552191141,43534,15340,1977
6775,2026-08-23,KrzysztofKruk,?,720575940559501815,46599,14979,2061
6776,2026-08-23,KrzysztofKruk,?,720575940559228770,34530,15044,2007
6777,2026-08-23,KrzysztofKruk,?,720575940559478775,47300,15090,2026
6778,2026-08-23,KrzysztofKruk,t5i,720575940564625069,36417,15095,1996
6779,2026-08-23,KrzysztofKruk,t5i,720575940564871707,40375,15073,1996
6780,2026-08-23,KrzysztofKruk,t5t,720575940583058696,43484,15055,2048
6781,2026-08-23,Nseraf,RBC,720575940581695384,38272,15338,1949
6782,2026-08-23,KrzysztofKruk,RBC,720575940556730615,42823,15099,2044
6783,2026-08-23,KrzysztofKruk,RBC,720575940543821120,38445,14993,2055
6784,2026-08-23,KrzysztofKruk,?,720575940543694144,39552,15005,2015
6785,2026-08-23,KrzysztofKruk,t3b,720575940562105635,36623,15026,2051
6786,2026-08-23,KrzysztofKruk,RBC,720575940560922886,42012,15055,1998
6787,2026-08-23,KrzysztofKruk,t5i,720575940554949207,34346,15160,1999
6788,2026-08-23,KrzysztofKruk,t5t,720575940552192933,50155,15015,1975
6789,2026-08-23,KrzysztofKruk,t5i,720575940569443594,38226,15112,2032
6790,2026-08-23,KrzysztofKruk,RBC,720575940559726885,34891,15082,1953
6791,2026-08-23,KrzysztofKruk,t6,720575940552097110,53538,15115,1905
6792,2026-08-23,Annkri,t8,720575940589990804,56032,17643,2008
6793,2026-08-23,Nseraf,RBC,720575940574685932,42610,15348,2022
6794,2026-08-23,KrzysztofKruk,RBC,720575940562152198,48654,15037,1947
6795,2026-08-23,KrzysztofKruk,t6,720575940552191653,42324,15157,2001
6796,2026-08-23,KrzysztofKruk,t5i,720575940574796868,51311,15064,1984
6797,2026-08-23,KrzysztofKruk,RBC,720575940556351138,50838,15051,2008
6798,2026-08-23,KrzysztofKruk,RBC,720575940580900654,52907,15055,2017
6799,2026-08-23,KrzysztofKruk,RBC,720575940559828461,34531,15035,1957
6800,2026-08-23,KrzysztofKruk,RBC,720575940561837186,41524,15075,1998
6801,2026-08-23,Nseraf,t5o,720575940558732035,49901,15347,2013
6802,2026-08-23,KrzysztofKruk,XBC,720575940557609282,43901,15151,2016
6803,2026-08-23,KrzysztofKruk,4,720575940554148053,38559,15037,2024
6804,2026-08-23,KrzysztofKruk,?,720575940552096854,46855,15293,2064
6805,2026-08-23,KrzysztofKruk,t6,720575940554625037,52558,15072,2036
6806,2026-08-23,KrzysztofKruk,?,720575940569702550,51116,15077,2057
6807,2026-08-23,KrzysztofKruk,?,720575940556247970,53136,15046,2056
6808,2026-08-23,KrzysztofKruk,t5o,720575940563462220,40912,15150,1967
6809,2026-08-23,KrzysztofKruk,t7,720575940558328567,42532,15018,1984
6810,2026-08-23,KrzysztofKruk,?,720575940554949719,35042,15139,2004
6811,2026-08-23,KrzysztofKruk,?,720575940558732803,47711,15491,2061
6812,2026-08-23,KrzysztofKruk,t5i,720575940552193701,52950,14995,1990
6813,2026-08-23,KrzysztofKruk,t6,720575940574926266,44077,15025,2055
6814,2026-08-23,Nseraf,RBC,720575940554147797,43051,15329,1985
6815,2026-08-23,KrzysztofKruk,RBC,720575940559483895,46374,15148,1998
6816,2026-08-23,KrzysztofKruk,XBC,720575940568492250,38557,14994,2004
6817,2026-08-23,KrzysztofKruk,?,720575940583490686,44471,15064,2055
6818,2026-08-23,KrzysztofKruk,?,720575940560333478,35061,15066,2027
6819,2026-08-23,KrzysztofKruk,RBC,720575940543776832,39656,15111,2037
6820,2026-08-23,KrzysztofKruk,t6,720575940567149570,34626,15059,2034
6821,2026-08-23,KrzysztofKruk,?,720575940565058623,45137,14770,2063
6822,2026-08-24,KrzysztofKruk,t5o,720575940544147520,34410,14713,2037
6823,2026-08-24,KrzysztofKruk,?,720575940559814893,35567,14526,2056
6824,2026-08-24,KrzysztofKruk,t5o,720575940559943149,35235,14747,2016
6825,2026-08-24,KrzysztofKruk,t5i,720575940578002755,52107,14695,1999
6826,2026-08-24,KrzysztofKruk,RBC,720575940562154502,47967,14490,2014
6827,2026-08-24,KrzysztofKruk,RBC,720575940560779014,44647,14926,2015
6828,2026-08-24,Nseraf,t7,720575940580075978,36754,15167,2010
6829,2026-08-24,Nseraf,t6,720575940554377879,39801,15326,2010
6830,2026-08-24,KrzysztofKruk,RBC,720575940559496439,46425,14517,2005
6831,2026-08-24,KrzysztofKruk,t7,720575940570241464,35059,14598,1979
6832,2026-08-24,KrzysztofKruk,?,720575940561211266,40571,14771,2055
6833,2026-08-24,KrzysztofKruk,RBC,720575940558152695,45094,14514,1990
6834,2026-08-24,KrzysztofKruk,?,720575940556667250,41131,14781,2017
6835,2026-08-24,KrzysztofKruk,?,720575940575964489,42481,14928,2062
6836,2026-08-24,KrzysztofKruk,t6,720575940574461370,42463,14866,2027
6837,2026-08-24,KrzysztofKruk,t7,720575940577345389,41478,14525,1983
6838,2026-08-24,KrzysztofKruk,RBC,720575940560923910,41662,14648,2032
6839,2026-08-24,KrzysztofKruk,t6,720575940560751853,39469,14758,2026
6840,2026-08-24,KrzysztofKruk,t5o,720575940556973539,46137,14679,1983
6841,2026-08-24,KrzysztofKruk,RBC,720575940568100280,43320,14702,1998
6842,2026-08-24,KrzysztofKruk,t6,720575940561010438,42748,14074,2010
6843,2026-08-24,KrzysztofKruk,RBC,720575940561936032,50562,14802,1981
6844,2026-08-24,KrzysztofKruk,?,720575940561411818,34690,14942,2009
6845,2026-08-24,KrzysztofKruk,?,720575940565224173,52426,14527,2048
6846,2026-08-24,Nseraf,?,720575940566391357,49368,15252,2042
6847,2026-08-24,Nseraf,?,720575940561412074,48520,15267,2057
6848,2026-08-24,KrzysztofKruk,RBC,720575940554955351,44922,14832,1993
6849,2026-08-24,KrzysztofKruk,RBC,720575940562221472,50041,14933,1988
6850,2026-08-24,KrzysztofKruk,RBC,720575940561250785,41282,14558,2024
6851,2026-08-24,Nseraf,RBC,720575940557677288,53405,15279,1976
6852,2026-08-24,KrzysztofKruk,?,720575940587048214,41729,14488,2058
6853,2026-08-24,Nseraf,RBC,720575940575486678,36926,15265,2026
6854,2026-08-24,KrzysztofKruk,?,720575940566735982,48636,15014,2058
6855,2026-08-24,KrzysztofKruk,t5o,720575940556668530,51733,14521,2011
6856,2026-08-24,KrzysztofKruk,t5t,720575940559511332,38965,14119,2004
6857,2026-08-24,Nseraf,RBC,720575940551637986,39135,14474,2054
6858,2026-08-24,Nseraf,RBC,720575940578001987,36475,15177,2004
6859,2026-08-24,KrzysztofKruk,?,720575940560905453,35475,14205,2004
6860,2026-08-24,KrzysztofKruk,RBC,720575940561063072,51058,14126,1979
6861,2026-08-24,KrzysztofKruk,t5i,720575940572883988,44297,14805,2042
6862,2026-08-24,Nseraf,t5i,720575940555127877,52646,15196,2013
6863,2026-08-24,KrzysztofKruk,RBC,720575940560091885,35880,14652,2048
6864,2026-08-24,KrzysztofKruk,RBC,720575940559823085,34319,14816,2013
6865,2026-08-24,KrzysztofKruk,t5t,720575940564151413,52126,14814,1967
6866,2026-08-24,KrzysztofKruk,RBC,720575940564643389,49323,14776,2016
6867,2026-08-24,KrzysztofKruk,RBC,720575940561434605,35992,14079,1994
6868,2026-08-24,KrzysztofKruk,RBC,720575940584158014,52472,14733,1984
6869,2026-08-24,Nseraf,?,720575940572477115,52872,15307,2038
6870,2026-08-24,KrzysztofKruk,t6,720575940556466082,51422,14603,2020
6871,2026-08-24,KrzysztofKruk,RBC,720575940555964322,51068,14845,1989
6872,2026-08-24,KrzysztofKruk,RBC,720575940581177646,51713,14166,2025
6873,2026-08-24,KrzysztofKruk,t5t,720575940574807876,48907,14487,1994
6874,2026-08-24,KrzysztofKruk,t5t,720575940551416160,47339,14684,2019
6875,2026-08-24,KrzysztofKruk,RBC,720575940562341665,45762,14113,1973
6876,2026-08-24,KrzysztofKruk,t6,720575940565778548,37635,14528,1984
6877,2026-08-24,Nseraf,t5o,720575940575486166,47721,15306,2014
6878,2026-08-24,Nseraf,4,720575940566103908,49991,14457,1998
6879,2026-08-24,KrzysztofKruk,t6,720575940558137591,44778,14526,2028
6880,2026-08-24,Nseraf,?,720575940554378391,37975,15234,2052
6881,2026-08-24,KrzysztofKruk,t5o,720575940562269582,48635,14134,1993
6882,2026-08-24,KrzysztofKruk,t5t,720575940557780788,51266,14173,2054
6883,2026-08-24,KrzysztofKruk,?,720575940559940333,34826,14557,2028
6884,2026-08-24,Nseraf,RBC,720575940557615682,41839,15198,2061
6885,2026-08-24,KrzysztofKruk,RBC,720575940560751597,39093,14814,2031
6886,2026-08-24,KrzysztofKruk,t8,720575940568876533,42246,14720,2027
6887,2026-08-24,KrzysztofKruk,?,720575940555170467,48152,14133,2057
6888,2026-08-24,KrzysztofKruk,t6,720575940559472119,48365,14098,2014
6889,2026-08-24,KrzysztofKruk,RBC,720575940562144006,48235,14830,1974
6890,2026-08-24,KrzysztofKruk,t7,720575940564396269,48464,14723,1940
6891,2026-08-24,KrzysztofKruk,RBC,720575940560315910,43032,14179,2018
6892,2026-08-24,KrzysztofKruk,t8,720575940558020386,39713,14703,2033
6893,2026-08-24,Nseraf,t5t,720575940574859808,35511,15235,2009
6894,2026-08-24,KrzysztofKruk,t7,720575940553070560,53008,14807,2041
6895,2026-08-24,KrzysztofKruk,?,720575940574982461,42674,14695,2047
6896,2026-08-24,KrzysztofKruk,t5t,720575940562113571,40841,14784,1944
6897,2026-08-24,KrzysztofKruk,RBC,720575940560769517,39343,14087,2058
6898,2026-08-24,KrzysztofKruk,?,720575940560087789,36352,15132,2062
6899,2026-08-24,KrzysztofKruk,?,720575940570813726,38170,14844,2054
6900,2026-08-24,KrzysztofKruk,RBC,720575940555524002,50357,14661,2014
6901,2026-08-24,Nseraf,XBC,720575940568876277,51251,15264,2018
6902,2026-08-24,Nseraf,t3b,720575940561049947,33965,15278,2009
6903,2026-08-24,KrzysztofKruk,?,720575940566273140,38677,14755,2044
6904,2026-08-24,Nseraf,RBC,720575940579869641,40147,14471,2004
6905,2026-08-24,KrzysztofKruk,t6,720575940562114083,41562,14731,1995
6906,2026-08-24,Nseraf,RBC,720575940568476166,36404,14464,2052
6907,2026-08-24,KrzysztofKruk,RBC,720575940565680756,34232,14544,2054
6908,2026-08-24,Nseraf,?,720575940558007527,34288,15305,2059
6909,2026-08-24,KrzysztofKruk,?,720575940572761530,46033,14928,2055
6910,2026-08-24,KrzysztofKruk,XBC,720575940559260375,35074,14642,2030
6911,2026-08-24,Nseraf,?,720575940558598215,41461,15204,2054
6912,2026-08-24,KrzysztofKruk,?,720575940561879068,40855,14862,2059
6913,2026-08-24,KrzysztofKruk,RBC,720575940567957176,46320,14501,2011
6914,2026-08-24,KrzysztofKruk,t3a,720575940571909953,35891,14494,2020
6915,2026-08-24,Nseraf,t6,720575940554955095,47824,15291,1975
6916,2026-08-24,Nseraf,RBC,720575940561049691,35199,15279,2019
6917,2026-08-24,KrzysztofKruk,t5t,720575940565639335,47943,14819,2029
6918,2026-08-24,Nseraf,4,720575940566262095,48734,15172,2028
6919,2026-08-24,Nseraf,RBC,720575940566347677,42332,15273,1985
6920,2026-08-24,Nseraf,?,720575940578001731,49166,15190,2056
6921,2026-08-24,KrzysztofKruk,?,720575940574807108,37804,14978,2060
6922,2026-08-24,KrzysztofKruk,?,720575940561014278,41806,14273,2050
6923,2026-08-24,KrzysztofKruk,t5t,720575940556038930,37015,14770,2019
6924,2026-08-24,KrzysztofKruk,t6,720575940556290790,48224,14488,2009
6925,2026-08-24,KrzysztofKruk,4,720575940562122576,35657,14498,2046
6926,2026-08-24,KrzysztofKruk,t7,720575940559469047,47959,14771,2004
6927,2026-08-24,KrzysztofKruk,t7,720575940572621260,37148,14082,1979
6928,2026-08-24,KrzysztofKruk,RBC,720575940561939586,41114,14186,2044
6929,2026-08-24,KrzysztofKruk,t6,720575940572763066,46609,14736,1998
6930,2026-08-24,Nseraf,?,720575940558597959,46205,15214,2064
6931,2026-08-24,KrzysztofKruk,RBC,720575940543701824,40595,14160,2040
6932,2026-08-24,Nseraf,?,720575940581384758,48911,15224,2055
6933,2026-08-24,KrzysztofKruk,RBC,720575940565846388,37424,14133,1966
6934,2026-08-24,KrzysztofKruk,RBC,720575940559732973,37123,14781,1991
6935,2026-08-24,KrzysztofKruk,t6,720575940557811703,41676,14537,2025
6936,2026-08-24,KrzysztofKruk,t7,720575940580410158,51642,14771,1948
6937,2026-08-24,KrzysztofKruk,RBC,720575940560747757,37540,14841,2024
6938,2026-08-24,KrzysztofKruk,RBC,720575940560741613,37356,14610,1996
6939,2026-08-24,KrzysztofKruk,t5o,720575940543751232,38984,14571,2052
6940,2026-08-24,KrzysztofKruk,t5t,720575940565847156,38113,14480,1979
6941,2026-08-24,KrzysztofKruk,?,720575940556667506,37476,14690,2038
6942,2026-08-24,KrzysztofKruk,?,720575940554703266,50296,14573,2026
6943,2026-08-24,KrzysztofKruk,?,720575940556973283,43969,14683,2051
6944,2026-08-24,KrzysztofKruk,t7,720575940562179078,46289,14682,2058
6945,2026-08-24,Nseraf,t5i,720575940559296996,35145,15174,2003
6946,2026-08-24,KrzysztofKruk,?,720575940574983229,40253,14180,2057
6947,2026-08-24,KrzysztofKruk,RBC,720575940558007783,48429,14751,2015
6948,2026-08-24,KrzysztofKruk,t6,720575940572883220,38789,14922,1991
6949,2026-08-24,Nseraf,?,720575940551415648,52545,15332,2060
6950,2026-08-24,Nseraf,?,720575940561878812,40844,15273,2039
6951,2026-08-24,KrzysztofKruk,RBC,720575940560932333,40443,14947,1966
6952,2026-08-24,KrzysztofKruk,t6,720575940558842492,35863,14898,2038
6953,2026-08-24,Nseraf,t5i,720575940563293610,45575,15255,2025
6954,2026-08-24,KrzysztofKruk,t7,720575940568475910,38107,14939,2036
6955,2026-08-24,Nseraf,?,720575940551415904,51891,15234,2042
6956,2026-08-24,KrzysztofKruk,t8,720575940552535872,45731,14689,2042
6957,2026-08-24,KrzysztofKruk,t3b,720575940559941357,34717,14124,2059
6958,2026-08-24,KrzysztofKruk,?,720575940565223661,39171,15067,2063
6959,2026-08-24,KrzysztofKruk,t4,720575940556290278,35068,14875,2034
6960,2026-08-24,KrzysztofKruk,t7,720575940560695777,40765,14609,1999
6961,2026-08-24,Nseraf,t6,720575940558842748,51196,15223,1996
6962,2026-08-24,KrzysztofKruk,RBC,720575940558662903,44355,14495,2003
6963,2026-08-24,KrzysztofKruk,RBC,720575940580476206,50767,14214,1998
6964,2026-08-24,KrzysztofKruk,RBC,720575940574919098,44817,14885,2012
6965,2026-08-24,KrzysztofKruk,RBC,720575940543780160,39968,14913,1987
6966,2026-08-24,KrzysztofKruk,t5i,720575940584548398,46327,14831,1981
6967,2026-08-24,Nseraf,RBC,720575940553070048,52142,15278,2026
6968,2026-08-24,KrzysztofKruk,t7,720575940568877045,50229,14580,2030
6969,2026-08-24,KrzysztofKruk,t5i,720575940559043782,49582,14552,2010
6970,2026-08-24,KrzysztofKruk,t4,720575940556039186,34269,14758,2057
6971,2026-08-24,KrzysztofKruk,RBC,720575940565638823,47288,14935,2031
6972,2026-08-24,KrzysztofKruk,t5i,720575940556666226,48009,14844,2031
6973,2026-08-24,Nseraf,RBC,720575940561878556,44803,15299,2023
6974,2026-08-24,KrzysztofKruk,t6,720575940580465454,49735,14594,2034
6975,2026-08-24,KrzysztofKruk,?,720575940559259863,48040,14751,2054
6976,2026-08-24,Nseraf,?,720575940558683999,50417,15234,2048
6977,2026-08-24,Nseraf,t5t,720575940571812319,38838,15196,2008
6978,2026-08-24,KrzysztofKruk,RBC,720575940559479799,45878,14939,1988
6979,2026-08-24,KrzysztofKruk,t5i,720575940578003267,37462,14525,2030
6980,2026-08-24,Nseraf,t5o,720575940572309809,47702,15294,2036
6981,2026-08-24,Nseraf,RBC,720575940557353348,45480,15178,1966
6982,2026-08-24,KrzysztofKruk,RBC,720575940561542304,51159,14704,2014
6983,2026-08-24,KrzysztofKruk,t7,720575940573092794,44099,14653,1984
6984,2026-08-24,KrzysztofKruk,t7,720575940542717504,35754,14091,2016
6985,2026-08-24,Nseraf,RBC,720575940574033820,52572,14474,2033
6986,2026-08-24,Nseraf,t7,720575940572165419,41257,15254,2015
6987,2026-08-24,KrzysztofKruk,t5t,720575940564877953,46318,14213,1993
6988,2026-08-24,KrzysztofKruk,RBC,720575940562179334,45645,14651,2044
6989,2026-08-24,KrzysztofKruk,RBC,720575940562326817,46679,14834,1989
6990,2026-08-24,KrzysztofKruk,RBC,720575940572762042,47352,14931,2018
6991,2026-08-24,KrzysztofKruk,t6,720575940570169950,39249,14121,2052
6992,2026-08-24,Nseraf,?,720575940560757997,39349,15183,2062
6993,2026-08-24,Nseraf,t3b,720575940564261655,36095,15297,2032
6994,2026-08-24,KrzysztofKruk,t5i,720575940556038674,41563,14888,2023
6995,2026-08-24,Nseraf,t6,7.20576E+17,48675,14464,2031
6996,2026-08-24,KrzysztofKruk,RBC,720575940558314743,42268,14701,2012
6997,2026-08-25,Nseraf,?,720575940583089928,49817,14328,2058
6998,2026-08-25,KrzysztofKruk,RBC,720575940542719552,35177,13936,2004
6999,2026-08-25,Nseraf,RBC,720575940570198622,45062,14359,2043
7000,2026-08-25,Nseraf,RBC,720575940559292474,43407,14444,1965
7001,2026-08-25,KrzysztofKruk,t7,720575940568188088,46324,14005,2028
7002,2026-08-25,KrzysztofKruk,t5o,720575940577376877,41474,13947,2048
7003,2026-08-25,KrzysztofKruk,RBC,720575940559477239,46771,14021,2019
7004,2026-08-25,KrzysztofKruk,t8,720575940559296058,44141,13899,2030
7005,2026-08-25,KrzysztofKruk,RBC,720575940544791104,35810,13980,2056
7006,2026-08-25,Nseraf,t5o,720575940578512700,42816,14322,2004
7007,2026-08-25,Nseraf,RBC,720575940584563758,46190,14402,1644
7008,2026-08-25,Nseraf,?,720575940568200632,46389,14346,2061
7009,2026-08-25,KrzysztofKruk,t7,720575940542806848,35187,13843,1986
7010,2026-08-25,KrzysztofKruk,t6,720575940565865844,34798,13971,2048
7011,2026-08-25,KrzysztofKruk,t3b,720575940564642856,34759,13983,2001
7012,2026-08-25,KrzysztofKruk,RBC,720575940560943341,39152,13772,2030
7013,2026-08-25,KrzysztofKruk,t5t,720575940568453116,40313,13781,2045
7014,2026-08-25,KrzysztofKruk,XBC,720575940564425555,49781,13834,2029
7015,2026-08-25,Nseraf,t6,720575940583089672,38951,14335,1982
7016,2026-08-25,KrzysztofKruk,t7,720575940556273545,39627,13827,2032
7017,2026-08-25,KrzysztofKruk,t5i,720575940556990435,41401,13843,2055
7018,2026-08-25,KrzysztofKruk,t7,720575940560073990,45320,13884,2020
7019,2026-08-25,KrzysztofKruk,RBC,720575940572698042,47481,13966,1973
7020,2026-08-25,KrzysztofKruk,?,720575940562136070,46659,13491,2060
7021,2026-08-25,Nseraf,t5i,720575940553270600,45417,14432,2052
7022,2026-08-25,Nseraf,RBC,720575940584564270,51212,14339,1992
7023,2026-08-25,KrzysztofKruk,t5o,720575940565496166,46526,13803,2010
7024,2026-08-25,KrzysztofKruk,t6,720575940561704608,50821,13879,2012
7025,2026-08-25,Nseraf,RBC,720575940579128108,50479,14418,1976
7026,2026-08-25,KrzysztofKruk,RBC,720575940557802487,42402,14062,2015
7027,2026-08-25,Nseraf,?,720575940568507610,48749,14356,2053
7028,2026-08-25,KrzysztofKruk,?,720575940565544765,49172,14114,2056
7029,2026-08-25,Nseraf,RBC,720575940568507098,41498,14363,2022
7030,2026-08-25,Nseraf,t6,720575940556849194,51752,14294,2037
7031,2026-08-25,Nseraf,t7,720575940584564014,50497,14391,1991
7032,2026-08-25,KrzysztofKruk,t7,720575940557811447,42007,14008,2042
7033,2026-08-25,KrzysztofKruk,t7,720575940560926726,45088,13976,2020
7034,2026-08-25,KrzysztofKruk,RBC,720575940561009414,41522,13974,1969
7035,2026-08-25,KrzysztofKruk,t5i,720575940542335096,43377,13899,2003
7036,2026-08-25,KrzysztofKruk,t5i,720575940580087242,44634,13780,2033
7037,2026-08-25,KrzysztofKruk,RBC,720575940561068704,50442,13852,1931
7038,2026-08-25,KrzysztofKruk,RBC,720575940559473911,46928,13873,1967
7039,2026-08-25,KrzysztofKruk,RBC,720575940559515895,48678,13945,2013
7040,2026-08-25,KrzysztofKruk,RBC,720575940543781184,40207,13893,2043
7041,2026-08-25,KrzysztofKruk,?,720575940558659575,44179,13924,2059
7042,2026-08-25,KrzysztofKruk,t7,720575940560920838,44796,13769,2010
7043,2026-08-25,Nseraf,?,720575940563483294,35888,14134,2061
7044,2026-08-25,KrzysztofKruk,RBC,720575940556990179,46544,13902,2044
7045,2026-08-25,Nseraf,t5i,720575940570198110,39096,14373,2038
7046,2026-08-25,KrzysztofKruk,t5t,720575940556849450,46042,13949,2034
7047,2026-08-25,KrzysztofKruk,t6,720575940559639287,46227,13904,2020
7048,2026-08-25,Nseraf,t5o,720575940584168254,43702,14299,1968
7049,2026-08-25,KrzysztofKruk,RBC,720575940542721344,35623,14047,2029
7050,2026-08-25,Nseraf,?,720575940555185571,36973,14426,2030
7051,2026-08-25,Nseraf,RBC,720575940555187363,49381,14404,1994
7052,2026-08-25,Nseraf,RBC,720575940570197598,47502,14390,2018
7053,2026-08-25,KrzysztofKruk,t6,720575940558320887,43211,14044,2040
7054,2026-08-25,KrzysztofKruk,t5i,720575940559311588,40332,14053,2011
7055,2026-08-25,Nseraf,RBC,720575940562671038,44829,14328,2009
7056,2026-08-25,KrzysztofKruk,XBC,720575940568488454,45060,13930,1992
7057,2026-08-25,KrzysztofKruk,?,720575940557790004,36355,13966,2033
7058,2026-08-25,KrzysztofKruk,t5o,720575940581878105,51770,13794,2006
7059,2026-08-25,Nseraf,RBC,720575940571407897,43769,14410,2034
7060,2026-08-25,KrzysztofKruk,RBC,720575940575908538,47279,13793,2055
7061,2026-08-25,KrzysztofKruk,RBC,720575940543722048,38101,14009,2024
7062,2026-08-25,KrzysztofKruk,?,720575940559632887,48973,13934,2060
7063,2026-08-25,KrzysztofKruk,RBC,720575940574277306,44583,13856,1993
7064,2026-08-25,KrzysztofKruk,t6,720575940583090184,50214,13935,2046
7065,2026-08-25,KrzysztofKruk,RBC,720575940543818560,38450,14022,1960
7066,2026-08-25,Nseraf,RBC,720575940570199134,49837,14328,1981
7067,2026-08-25,KrzysztofKruk,t5o,720575940568111288,44476,13760,2031
7068,2026-08-25,KrzysztofKruk,RBC,720575940559515639,49040,14071,2018
7069,2026-08-25,KrzysztofKruk,t5t,720575940576689105,36041,13974,1972
7070,2026-08-25,KrzysztofKruk,t5t,720575940580086986,44809,13817,2020
7071,2026-08-25,KrzysztofKruk,?,720575940565866612,34840,14003,1989
7072,2026-08-25,KrzysztofKruk,t5i,720575940565775732,39174,13805,2050
7073,2026-08-25,KrzysztofKruk,?,720575940561083361,40839,13977,2034
7074,2026-08-25,Nseraf,RBC,720575940568506842,43892,14375,1951
7075,2026-08-25,KrzysztofKruk,RBC,720575940573091258,44272,13824,2034
7076,2026-08-25,Nseraf,RBC,720575940579130156,34326,14389,2002
7077,2026-08-25,KrzysztofKruk,XBC,720575940570200158,42522,14048,2019
7078,2026-08-25,KrzysztofKruk,RBC,720575940560991981,38641,13844,1980
7079,2026-08-25,KrzysztofKruk,t7,720575940562122246,47568,14071,2026
7080,2026-08-25,KrzysztofKruk,RBC,720575940558015735,41851,13924,2024
7081,2026-08-25,KrzysztofKruk,t7,720575940543760704,38897,14051,2026
7082,2026-08-25,Nseraf,t5i,720575940571406361,41734,14455,2016
7083,2026-08-25,Nseraf,?,720575940583087112,39573,14744,2046
7084,2026-08-25,Nseraf,t6,720575940559295802,43092,14328,2001
7085,2026-08-25,KrzysztofKruk,t5i,720575940584169022,46954,14074,2040
7086,2026-08-25,Nseraf,?,720575940560742893,38916,14780,2064
7087,2026-08-25,KrzysztofKruk,4,720575940570200414,43547,13946,2020
7088,2026-08-25,KrzysztofKruk,t5i,720575940579130412,40724,13943,2013
7089,2026-08-25,KrzysztofKruk,t6,720575940561454829,36065,13965,1996
7090,2026-08-26,KrzysztofKruk,t6,720575940543686208,40259,13569,1954
7091,2026-08-26,KrzysztofKruk,t5i,720575940555194531,45475,13254,2047
7092,2026-08-26,KrzysztofKruk,t5t,720575940588527613,49352,13413,1988
7093,2026-08-26,KrzysztofKruk,?,720575940566603365,38087,13285,2054
7094,2026-08-26,KrzysztofKruk,t6,720575940562126342,47503,13712,2028
7095,2026-08-26,KrzysztofKruk,RBC,720575940568048056,48307,13315,2034
7096,2026-08-26,KrzysztofKruk,RBC,720575940573082554,43362,13362,2025
7097,2026-08-26,Nseraf,t5o,720575940576695249,40383,14242,1943
7098,2026-08-26,Nseraf,t5i,720575940569315591,50750,14274,2025
7099,2026-08-26,KrzysztofKruk,RBC,720575940559848429,36577,13351,2011
7100,2026-08-26,Nseraf,RBC,720575940580105426,43070,14280,2036
7101,2026-08-26,Nseraf,RBC,720575940557729402,45836,12662,2037
7102,2026-08-26,KrzysztofKruk,RBC,720575940557789943,41195,13692,1993
7103,2026-08-26,KrzysztofKruk,?,720575940568186296,46747,13453,2058
7104,2026-08-26,KrzysztofKruk,t6,720575940573085882,44411,13319,2028
7105,2026-08-26,KrzysztofKruk,t5t,720575940572788849,49087,13744,2044
7106,2026-08-26,KrzysztofKruk,RBC,720575940574275770,44779,13245,2027
7107,2026-08-26,KrzysztofKruk,RBC,720575940558339063,41784,13370,2019
7108,2026-08-26,KrzysztofKruk,RBC,720575940558330103,42855,13337,2034
7109,2026-08-26,KrzysztofKruk,t5i,720575940576695761,46894,13494,1976
7110,2026-08-26,KrzysztofKruk,RBC,720575940565406580,35870,13637,2002
7111,2026-08-26,KrzysztofKruk,RBC,720575940564715892,36321,13561,2007
7112,2026-08-26,Nseraf,RBC,720575940569466634,45422,14278,2020
7113,2026-08-26,KrzysztofKruk,XBC,720575940579141932,35882,13704,2030
7114,2026-08-26,KrzysztofKruk,RBC,720575940558330871,43017,13553,2003
7115,2026-08-26,KrzysztofKruk,RBC,720575940558083575,45093,13444,1969
7116,2026-08-26,KrzysztofKruk,?,720575940568204984,47778,13429,2015
7117,2026-08-26,KrzysztofKruk,?,720575940561627808,50522,13471,1998
7118,2026-08-26,KrzysztofKruk,t5t,720575940556049938,38171,13621,2046
7119,2026-08-26,KrzysztofKruk,?,720575940569315079,40893,13683,2020
7120,2026-08-26,KrzysztofKruk,t6,720575940564125300,37170,13648,2029
7121,2026-08-26,KrzysztofKruk,RBC,720575940557799415,42123,13246,2042
7122,2026-08-26,Nseraf,?,720575940554522458,48085,14280,2061
7123,2026-08-26,KrzysztofKruk,RBC,720575940561068448,50883,13457,2041
7124,2026-08-26,KrzysztofKruk,t7,720575940558492725,49353,13446,2027
7125,2026-08-26,KrzysztofKruk,RBC,720575940555770530,49716,13454,2010
7126,2026-08-26,Nseraf,4,720575940562312866,45375,14264,2003
7127,2026-08-26,KrzysztofKruk,t5o,720575940565500518,38977,13502,2041
7128,2026-08-26,Nseraf,?,720575940557729146,36011,14239,2047
7129,2026-08-26,KrzysztofKruk,t5o,720575940574455482,41899,13570,1981
7130,2026-08-26,KrzysztofKruk,RBC,720575940560772333,40057,13478,2025
7131,2026-08-26,KrzysztofKruk,t7,720575940558321143,43581,13334,2048
7132,2026-08-26,KrzysztofKruk,t5i,720575940558162479,49107,13694,2045
7133,2026-08-26,KrzysztofKruk,t6,720575940543740992,37310,13427,2038
7134,2026-08-26,KrzysztofKruk,t5i,720575940552345513,36425,13531,2032
7135,2026-08-26,KrzysztofKruk,RBC,720575940558612295,47653,13495,2034
7136,2026-08-26,KrzysztofKruk,RBC,720575940565778292,37547,13413,1995
7137,2026-08-26,KrzysztofKruk,RBC,720575940561135366,42316,13653,2006
7138,2026-08-26,Nseraf,XBC,720575940561685712,43958,14287,2030
7139,2026-08-26,KrzysztofKruk,RBC,720575940574387130,45331,13594,1973
7140,2026-08-26,KrzysztofKruk,RBC,720575940560748525,38374,13567,1970
7141,2026-08-26,KrzysztofKruk,t6,720575940564711028,36543,13734,2036
7142,2026-08-26,KrzysztofKruk,RBC,720575940560772077,39579,13602,1978
7143,2026-08-26,KrzysztofKruk,t7,720575940561626528,49797,13692,2050
7144,2026-08-26,Nseraf,t5i,720575940570602356,35769,14284,1989
7145,2026-08-26,Nseraf,RBC,720575940564840091,47217,14247,2015
7146,2026-08-26,Nseraf,RBC,720575940555605272,38193,14247,1985
7147,2026-08-26,KrzysztofKruk,t5i,720575940565092415,42094,13577,2014
7148,2026-08-26,KrzysztofKruk,t7,720575940577292653,40568,13447,2010
7149,2026-08-26,KrzysztofKruk,RBC,720575940560401389,35170,13414,2014
7150,2026-08-26,KrzysztofKruk,t5i,720575940562344737,47457,13248,2022
7151,2026-08-26,KrzysztofKruk,RBC,720575940561540512,51361,13455,2039
7152,2026-08-26,KrzysztofKruk,t5i,720575940572636620,38232,13389,1980
7153,2026-08-26,Nseraf,RBC,720575940568475489,38549,12658,2049
7154,2026-08-26,KrzysztofKruk,t5t,720575940566549364,36395,13682,2013
7155,2026-08-26,KrzysztofKruk,RBC,720575940542798656,35567,13508,2012
7156,2026-08-26,KrzysztofKruk,t5i,720575940557728890,43212,13571,2015
7157,2026-08-26,KrzysztofKruk,t7,720575940562171142,48715,13708,2038
7158,2026-08-26,KrzysztofKruk,?,720575940569975300,34968,13610,2038
7159,2026-08-26,KrzysztofKruk,t6,720575940581843381,46440,13744,2054
7160,2026-08-26,Nseraf,RBC,720575940572897812,37754,12721,2022
7161,2026-08-26,KrzysztofKruk,t5i,720575940557729914,50480,13275,2030
7162,2026-08-26,Nseraf,RBC,720575940565092671,45639,14236,2021
7163,2026-08-26,KrzysztofKruk,RBC,720575940569094193,36689,13680,1966
7164,2026-08-26,Nseraf,RBC,720575940560095879,46111,12717,1979
7165,2026-08-26,KrzysztofKruk,RBC,720575940568188344,46419,13371,2015
7166,2026-08-26,Nseraf,?,720575940549567432,48474,14215,2039
7167,2026-08-26,KrzysztofKruk,t5i,720575940561686224,35552,13546,2042
7168,2026-08-26,Nseraf,t6,720575940566652911,41432,12671,1997
7169,2026-08-26,KrzysztofKruk,RBC,720575940565244276,40545,13406,2014
7170,2026-08-26,Nseraf,RBC,720575940565093439,49676,12728,2039
7171,2026-08-26,Nseraf,RBC,720575940555605784,39051,14245,2026
7172,2026-08-26,Nseraf,RBC,720575940565253236,39971,12682,2004
7173,2026-08-26,Annkri,GluMI,720575940567413097,33087,17635,2059
7174,2026-08-26,KrzysztofKruk,t5i,720575940562313378,37395,13236,2056
7175,2026-08-26,KrzysztofKruk,t5i,720575940563772158,37126,13717,1999
7176,2026-08-26,KrzysztofKruk,t6,720575940566066493,49338,13642,2043
7177,2026-08-26,Nseraf,t5o,720575940571763209,37636,14281,2003
7178,2026-08-26,KrzysztofKruk,RBC,720575940568187320,46376,13384,2034
7179,2026-08-26,KrzysztofKruk,t6,720575940562312610,39712,13730,2030
7180,2026-08-26,KrzysztofKruk,t5o,720575940542362488,37960,13450,2034
7181,2026-08-26,Nseraf,?,720575940564722292,36992,13014,2059
7182,2026-08-26,KrzysztofKruk,RBC,720575940555769250,49758,13493,2043
7183,2026-08-26,Nseraf,RBC,720575940574700268,38098,12674,2024
7184,2026-08-26,KrzysztofKruk,RBC,720575940556780279,44205,13502,1992
7185,2026-08-26,Nseraf,RBC,720575940569467146,48399,14264,1987
7186,2026-08-26,KrzysztofKruk,t6,720575940583098632,44904,13717,1991
7187,2026-08-26,KrzysztofKruk,t6,720575940543746112,38004,13490,2005
7188,2026-08-26,KrzysztofKruk,RBC,720575940542805568,35419,13729,1988
7189,2026-08-26,KrzysztofKruk,RBC,720575940569465866,39695,13679,1994
7190,2026-08-26,KrzysztofKruk,t8,720575940580104658,39995,13748,2008
7191,2026-08-26,KrzysztofKruk,?,720575940566652655,50931,13711,2024
7192,2026-08-26,Nseraf,?,720575940558857596,8,26,2026
7193,2026-08-26,KrzysztofKruk,?,720575940564127348,36802,13536,2035
7194,2026-08-26,KrzysztofKruk,RBC,720575940568182712,45855,13431,2013
7195,2026-08-26,Nseraf,RBC,720575940558856572,38511,14272,2040
7196,2026-08-26,Nseraf,RBC,720575940564873527,37242,12705,2025
7197,2026-08-26,KrzysztofKruk,RBC,720575940561625760,49934,13647,2032
7198,2026-08-26,KrzysztofKruk,RBC,720575940560919277,40378,13741,2046
7199,2026-08-26,KrzysztofKruk,?,720575940561438957,35594,13315,2045
7200,2026-08-26,KrzysztofKruk,t6,720575940557729658,49785,13359,2038
7201,2026-08-26,KrzysztofKruk,t6,720575940558857852,35286,13278,2051
7202,2026-08-26,Nseraf,4,720575940561686480,39693,14234,2032
7203,2026-08-27,KrzysztofKruk,RBC,720575940572763761,49127,12946,1975
7204,2026-08-27,KrzysztofKruk,t7,720575940558319863,43560,12920,2026
7205,2026-08-27,KrzysztofKruk,t7,720575940571818526,46042,13081,2011
7206,2026-08-27,KrzysztofKruk,RBC,720575940559518517,49511,12971,1976
7207,2026-08-27,KrzysztofKruk,t8,720575940574833988,41806,13179,1993
7208,2026-08-27,KrzysztofKruk,t7,720575940560615917,37978,12925,2022
7209,2026-08-27,Nseraf,RBC,720575940564860753,47631,12636,2054
7210,2026-08-27,KrzysztofKruk,t6,720575940560488597,48644,12978,2053
7211,2026-08-27,KrzysztofKruk,t7,720575940564672808,35878,12934,2032
7212,2026-08-27,KrzysztofKruk,?,720575940567359966,43560,12960,2014
7213,2026-08-27,KrzysztofKruk,RBC,720575940560771053,39762,13176,2021
7214,2026-08-27,KrzysztofKruk,t5t,720575940568529626,46622,13025,2020
7215,2026-08-27,Nseraf,t8,720575940558035687,38851,12657,2003
7216,2026-08-27,KrzysztofKruk,t5i,720575940428594390,49292,13158,2045
7217,2026-08-27,KrzysztofKruk,t5t,720575940577372013,41225,12932,2021
7218,2026-08-27,KrzysztofKruk,RBC,720575940558146295,42858,13158,2013
7219,2026-08-27,KrzysztofKruk,t5t,720575940563513676,49897,12927,2053
7220,2026-08-27,KrzysztofKruk,t6,720575940574525370,45480,13219,1988
7221,2026-08-27,Nseraf,t8,720575940564175221,48021,12639,1987
7222,2026-08-27,KrzysztofKruk,t7,720575940574142906,42754,12959,2045
7223,2026-08-27,KrzysztofKruk,RBC,720575940574455738,41726,12945,2010
7224,2026-08-27,Nseraf,t5i,720575940565152987,42275,12597,2048
7225,2026-08-27,Nseraf,?,720575940564174965,46129,12650,2017
7226,2026-08-27,KrzysztofKruk,t5o,720575940577583741,49283,13184,1976
7227,2026-08-27,KrzysztofKruk,RBC,720575940556732919,44296,13209,2017
7228,2026-08-27,KrzysztofKruk,t6,720575940577957050,47357,13179,2031
7229,2026-08-27,KrzysztofKruk,t5i,720575940556299145,44449,13157,1997
7230,2026-08-27,KrzysztofKruk,t6,720575940562347041,45925,12970,1980
7231,2026-08-27,KrzysztofKruk,?,720575940556732919,39702,13194,2007
7232,2026-08-27,KrzysztofKruk,t8,720575940563513420,44521,12955,2040
7233,2026-08-27,Nseraf,RBC,720575940562305422,40731,12557,2060
7234,2026-08-27,KrzysztofKruk,RBC,720575940560722669,40314,12921,2020
7235,2026-08-27,KrzysztofKruk,t5i,720575940558144503,43769,13175,2005
7236,2026-08-27,Nseraf,RBC,720575940560765446,44745,12544,2018
7237,2026-08-27,KrzysztofKruk,t7,720575940560985325,38910,13174,1964
7238,2026-08-27,KrzysztofKruk,?,720575940571254459,38319,13189,2035
7239,2026-08-27,KrzysztofKruk,RBC,720575940581201710,49965,12975,1994
7240,2026-08-27,KrzysztofKruk,RBC,720575940565153243,36007,12954,1969
7241,2026-08-27,KrzysztofKruk,RBC,720575940560195821,37063,13229,2014
7242,2026-08-27,KrzysztofKruk,RBC,720575940561062304,50631,12950,1952
7243,2026-08-27,KrzysztofKruk,t6,720575940564175733,42691,12987,2052
7244,2026-08-27,KrzysztofKruk,RBC,720575940560728301,39588,12986,2009
7245,2026-08-27,KrzysztofKruk,RBC,720575940542715712,36080,13141,2013
7246,2026-08-27,KrzysztofKruk,?,720575940552364713,39987,12910,2025
7247,2026-08-27,KrzysztofKruk,RBC,720575940565406324,35371,13058,2023
7248,2026-08-27,KrzysztofKruk,?,720575940543762240,39017,13007,2047
7249,2026-08-27,KrzysztofKruk,RBC,720575940560722925,40351,13037,2008
7250,2026-08-27,KrzysztofKruk,RBC,720575940568185272,46849,13117,2036
7251,2026-08-27,KrzysztofKruk,RBC,720575940568183480,45698,13105,2038
7252,2026-08-27,KrzysztofKruk,RBC,720575940559520759,48914,13047,1988
7253,2026-08-27,KrzysztofKruk,t5t,720575940575507926,44480,12933,2021
7254,2026-08-27,KrzysztofKruk,t5t,720575940554313667,42730,12933,2056
7255,2026-08-27,KrzysztofKruk,t6,720575940569321735,46614,13086,1996
7256,2026-08-27,KrzysztofKruk,t6,720575940560697825,40780,13145,2009
7257,2026-08-27,Nseraf,RBC,720575940568529882,36487,12644,2046
7258,2026-08-27,Nseraf,RBC,720575940559125993,43951,12607,1983
7259,2026-08-27,KrzysztofKruk,t5t,720575940566278479,42418,13686,2062
7260,2026-08-27,Nseraf,t6,720575940563512652,40346,12599,2059
7261,2026-08-27,KrzysztofKruk,RBC,720575940566067060,38576,13132,1987
7262,2026-08-27,KrzysztofKruk,?,720575940560489365,45372,12957,2038
7263,2026-08-27,Nseraf,RBC,720575940539102387,42536,12545,2017
7264,2026-08-28,KrzysztofKruk,t6,720575940554318531,37513,11798,2025
7265,2026-08-28,Nseraf,t6,720575940558751872,39678,12530,2027
7266,2026-08-28,Nseraf,?,720575940566156644,49686,12470,1998
7267,2026-08-28,KrzysztofKruk,RBC,720575940568189880,47410,12910,2018
7268,2026-08-28,KrzysztofKruk,t5o,720575940555045026,49955,12885,2042
7269,2026-08-28,Nseraf,RBC,720575940570231839,49688,12383,2055
7270,2026-08-28,KrzysztofKruk,t6,720575940567962552,46125,11357,2046
7271,2026-08-28,Nseraf,t7,720575940586494262,45320,12410,2036
7272,2026-08-28,KrzysztofKruk,RBC,720575940559996678,42950,11802,1988
7273,2026-08-28,KrzysztofKruk,t6,720575940564910363,46490,11702,2020
7274,2026-08-28,Nseraf,RBC,720575940568508934,37477,12353,2058
7275,2026-08-28,KrzysztofKruk,?,720575940561917980,46660,12739,2032
7276,2026-08-28,KrzysztofKruk,t6,720575940561103383,36955,11746,1983
7277,2026-08-28,KrzysztofKruk,RBC,720575940565466740,40429,11122,2035
7278,2026-08-28,KrzysztofKruk,t7,720575940562362754,40523,11259,2045
7279,2026-08-28,Nseraf,RBC,720575940555211939,43487,12308,1998
7280,2026-08-28,KrzysztofKruk,?,720575940560651270,41655,13197,2062
7281,2026-08-28,KrzysztofKruk,?,720575940552135975,38417,12775,2016
7282,2026-08-28,KrzysztofKruk,RBC,720575940556262647,43352,11399,2013
7283,2026-08-28,KrzysztofKruk,RBC,720575940565834868,39114,11523,1947
7284,2026-08-28,Nseraf,?,720575940551440992,45439,12356,2053
7285,2026-08-28,KrzysztofKruk,?,720575940556304009,44947,11726,2034
7286,2026-08-28,KrzysztofKruk,t7,720575940572168305,49837,12863,2012
7287,2026-08-28,KrzysztofKruk,t6,720575940556534263,45177,11428,2045
7288,2026-08-28,Nseraf,RBC,720575940556662254,42443,12383,2022
7289,2026-08-28,KrzysztofKruk,RBC,720575940543656256,39708,11828,2057
7290,2026-08-28,KrzysztofKruk,RBC,720575940562107910,48184,11677,1964
7291,2026-08-28,KrzysztofKruk,t5i,720575940561280074,36858,11694,1989
7292,2026-08-28,KrzysztofKruk,RBC,720575940565433204,37239,11704,2034
7293,2026-08-28,KrzysztofKruk,RBC,720575940566028916,38374,11161,1997
7294,2026-08-28,KrzysztofKruk,?,720575940565791604,38139,11302,2023
7295,2026-08-28,KrzysztofKruk,RBC,720575940579212585,44404,11247,2015
7296,2026-08-28,Nseraf,t6,720575940581844089,49800,12525,1962
7297,2026-08-28,KrzysztofKruk,RBC,720575940543730240,38954,11217,2017
7298,2026-08-28,KrzysztofKruk,RBC,720575940573845434,44208,11636,2053
7299,2026-08-28,KrzysztofKruk,t6,720575940560910573,40141,11560,2048
7300,2026-08-28,Nseraf,RBC,720575940568482401,39351,12307,2025
7301,2026-08-28,KrzysztofKruk,t6,720575940572586170,42191,11116,2056
7302,2026-08-28,Nseraf,t6,720575940547560789,49295,12390,2000
7303,2026-08-28,Nseraf,t5i,720575940552369065,37377,12522,2034
7304,2026-08-28,Nseraf,RBC,720575940552369321,38242,12475,2018
7305,2026-08-28,KrzysztofKruk,?,720575940559716577,40485,11848,2055
7306,2026-08-28,KrzysztofKruk,RBC,720575940561040353,40770,12850,2011
7307,2026-08-28,Nseraf,?,720575940556879658,38994,12370,2053
7308,2026-08-28,Nseraf,t5i,720575940563283435,40252,12446,2060
7309,2026-08-28,KrzysztofKruk,?,720575940559538212,44541,11754,2060
7310,2026-08-28,KrzysztofKruk,RBC,720575940580475182,49992,12801,1996
7311,2026-08-28,KrzysztofKruk,t7,720575940582564973,47657,11028,1964
7312,2026-08-28,KrzysztofKruk,?,720575940560071261,40931,11163,2036
7313,2026-08-28,Nseraf,RBC,720575940581850805,46503,12302,2016
7314,2026-08-28,KrzysztofKruk,RBC,720575940565815156,39919,11529,2016
7315,2026-08-28,KrzysztofKruk,?,720575940572713220,37272,11325,2057
7316,2026-08-28,KrzysztofKruk,RBC,720575940576317293,41067,11441,2003
7317,2026-08-28,Nseraf,RBC,720575940570255288,36050,12449,2009
7318,2026-08-28,KrzysztofKruk,RBC,720575940587099158,45581,10984,2027
7319,2026-08-28,KrzysztofKruk,t6,720575940562035206,48058,11040,2031
7320,2026-08-28,KrzysztofKruk,?,720575940561926167,35876,12832,2037
7321,2026-08-28,KrzysztofKruk,t6,720575940543321408,44198,12908,2026
7322,2026-08-28,KrzysztofKruk,?,720575940567343280,41280,11377,2058
7323,2026-08-28,KrzysztofKruk,RBC,720575940572657338,43255,11119,1963
7324,2026-08-28,Nseraf,RBC,720575940567420521,40716,12305,1954
7325,2026-08-28,KrzysztofKruk,RBC,720575940561410541,39693,11392,2029
7326,2026-08-28,Nseraf,t6,720575940564674733,43333,12376,2034
7327,2026-08-28,KrzysztofKruk,t6,720575940551663842,38260,12787,2015
7328,2026-08-28,KrzysztofKruk,t5i,720575940570232095,39229,12812,2055
7329,2026-08-28,KrzysztofKruk,RBC,720575940565433460,37823,11475,2016
7330,2026-08-28,KrzysztofKruk,RBC,720575940561665542,47053,11486,1979
7331,2026-08-28,KrzysztofKruk,?,720575940560071005,38314,11296,2056
7332,2026-08-28,KrzysztofKruk,t6,720575940561892482,40868,11072,2034
7333,2026-08-28,Nseraf,t7,720575940559338554,47430,12541,2003
7334,2026-08-28,KrzysztofKruk,t6,720575940569492484,37138,12766,2036
7335,2026-08-28,KrzysztofKruk,t7,720575940543659584,40129,11121,1966
7336,2026-08-28,KrzysztofKruk,RBC,720575940581851061,45332,11688,2032
7337,2026-08-28,KrzysztofKruk,RBC,720575940573626042,41998,11358,1971
7338,2026-08-28,KrzysztofKruk,?,720575940561918492,44398,11774,2050
7339,2026-08-28,KrzysztofKruk,t7,720575940567201282,41752,11787,2003
7340,2026-08-28,KrzysztofKruk,RBC,720575940565471860,40485,11621,2038
7341,2026-08-28,KrzysztofKruk,RBC,720575940562108678,48091,11867,2026
7342,2026-08-28,KrzysztofKruk,RBC,720575940573788090,44530,11832,2049
7343,2026-08-28,KrzysztofKruk,t7,720575940572601274,42217,11097,2042
7344,2026-08-28,KrzysztofKruk,t5t,720575940570652944,35710,12738,2052
7345,2026-08-28,KrzysztofKruk,RBC,720575940572597946,41880,11876,2026
7346,2026-08-28,KrzysztofKruk,t5i,720575940572639948,42822,11101,2027
7347,2026-08-28,KrzysztofKruk,4,720575940566157156,50436,12860,2005
7348,2026-08-28,KrzysztofKruk,RBC,720575940575897018,47622,11876,2023
7349,2026-08-28,KrzysztofKruk,t6,720575940572767930,47624,11491,2030
7350,2026-08-28,Nseraf,RBC,720575940581844857,47239,12481,2060
7351,2026-08-28,KrzysztofKruk,RBC,720575940563242114,41166,11795,2059
7352,2026-08-28,Nseraf,RBC,720575940563282411,36013,12513,1986
7353,2026-08-28,KrzysztofKruk,RBC,720575940573875898,45157,11615,2029
7354,2026-08-28,Nseraf,RBC,720575940563282667,38947,12478,2000
7355,2026-08-28,Nseraf,?,720575940570232351,47719,12376,2048
7356,2026-08-28,KrzysztofKruk,?,720575940544139840,36066,12787,2024
7357,2026-08-28,KrzysztofKruk,RBC,720575940557704951,45772,11810,2013
7358,2026-08-28,Nseraf,t5o,720575940563283179,43066,12456,2036
7359,2026-08-28,KrzysztofKruk,t6,720575940560070749,38316,11365,2041
7360,2026-08-28,KrzysztofKruk,RBC,720575940565830516,38032,11154,2029
7361,2026-08-28,KrzysztofKruk,?,720575940567421033,41334,11898,2025
7362,2026-08-28,KrzysztofKruk,4,720575940576938941,36530,11687,2020
7363,2026-08-28,Nseraf,RBC,720575940563381966,43290,12401,1992
7364,2026-08-28,Nseraf,?,720575940552254400,40645,12341,2034
7365,2026-08-28,KrzysztofKruk,t6,720575940557305079,44762,12779,1980
7366,2026-08-28,Nseraf,t8,720575940562328738,45645,12346,2024
7367,2026-08-28,KrzysztofKruk,?,720575940561918748,47477,11647,2036
7368,2026-08-28,KrzysztofKruk,t5i,720575940558961414,43204,12810,2054
7369,2026-08-28,KrzysztofKruk,RBC,720575940566043252,38412,11638,2020
7370,2026-08-28,Nseraf,t6,720575940551441760,45600,12336,2038
7371,2026-08-28,KrzysztofKruk,RBC,720575940572724410,45951,11896,1966
7372,2026-08-28,KrzysztofKruk,?,720575940543731520,38670,11671,2021
7373,2026-08-28,Nseraf,t6,720575940549146755,47225,12339,1963
7374,2026-08-28,KrzysztofKruk,t5i,720575940568777847,36822,12785,2030
7375,2026-08-28,KrzysztofKruk,RBC,720575940557347319,43555,11802,2024
7376,2026-08-28,Nseraf,t6,720575940561917212,46057,12326,2049
7377,2026-08-28,KrzysztofKruk,RBC,720575940559530999,48402,12895,2024
7378,2026-08-28,KrzysztofKruk,t6,720575940576938429,41900,11734,2057
7379,2026-08-28,KrzysztofKruk,t5i,720575940570256312,40799,12821,2056
7380,2026-08-28,KrzysztofKruk,t5t,720575940558661878,48377,11652,2059
7381,2026-08-28,KrzysztofKruk,?,720575940574118657,40978,11042,2054
7382,2026-08-28,KrzysztofKruk,RBC,720575940557873911,42332,12874,2010
7383,2026-08-28,KrzysztofKruk,?,720575940561279818,45885,12247,2063
7384,2026-08-28,KrzysztofKruk,RBC,720575940572983994,42840,11149,1979
7385,2026-08-28,KrzysztofKruk,RBC,720575940560395757,36644,12847,2023
7386,2026-08-28,KrzysztofKruk,RBC,720575940557490842,46138,11638,2026
7387,2026-08-28,KrzysztofKruk,t8,720575940551663586,35647,12819,1987
7388,2026-08-28,KrzysztofKruk,t6,720575940562238241,48221,12742,1999
7389,2026-08-28,KrzysztofKruk,?,720575940560071517,40318,10557,2059
7390,2026-08-28,Nseraf,RBC,720575940563382990,43730,12359,1963
7391,2026-08-28,KrzysztofKruk,t7,720575940573958842,43086,11586,2013
7392,2026-08-28,KrzysztofKruk,RBC,720575940561856279,36852,11011,2043
7393,2026-08-28,KrzysztofKruk,?,720575940562085613,45140,11376,2028
7394,2026-08-28,Nseraf,t5t,720575940581845113,36665,12451,2005
7395,2026-08-28,KrzysztofKruk,RBC,720575940560938502,43971,12853,2027
7396,2026-08-28,KrzysztofKruk,RBC,720575940573070778,44263,12887,2001
7397,2026-08-28,KrzysztofKruk,RBC,720575940573624250,41255,11338,1933
7398,2026-08-28,KrzysztofKruk,t6,720575940544520512,39450,11160,2013
7399,2026-08-28,Nseraf,t5i,720575940572515218,45643,12539,2054
7400,2026-08-28,KrzysztofKruk,RBC,720575940558964727,48378,11615,1970
7401,2026-08-28,Nseraf,t5t,720575940555210915,49388,12441,2064
7402,2026-08-28,KrzysztofKruk,t6,720575940572645562,42853,11207,2061
7403,2026-08-28,KrzysztofKruk,RBC,720575940559467255,46251,12798,2054
7404,2026-08-28,KrzysztofKruk,t6,720575940555213219,36225,11879,2045
7405,2026-08-28,KrzysztofKruk,t6,720575940543661120,40257,11044,2040
7406,2026-08-28,KrzysztofKruk,t5i,720575940579213097,39625,11226,2048
7407,2026-08-28,KrzysztofKruk,?,720575940573784250,44780,11584,2060
7408,2026-08-28,KrzysztofKruk,RBC,720575940559986182,41989,11756,2054
7409,2026-08-28,KrzysztofKruk,RBC,720575940562043398,48587,11858,1985
7410,2026-08-28,KrzysztofKruk,RBC,720575940565859444,39842,11319,2026
7411,2026-08-28,KrzysztofKruk,RBC,720575940558261895,41039,10983,1968
7412,2026-08-28,KrzysztofKruk,RBC,720575940575132090,45553,11428,1981
7413,2026-08-28,Nseraf,t6,720575940568508422,42102,12355,2042
7414,2026-08-28,Nseraf,RBC,720575940553298248,42504,12422,2025
7415,2026-08-28,Nseraf,RBC,720575940558047522,49781,12328,2034
7416,2026-08-28,KrzysztofKruk,t7,720575940562107266,41012,11140,2009
7417,2026-08-28,Nseraf,t5i,720575940586495030,44966,12367,2002
7418,2026-08-28,Nseraf,t5t,720575940581123728,41760,12295,2038
7419,2026-08-28,KrzysztofKruk,RBC,720575940557347063,43415,11867,2019
7420,2026-08-28,Nseraf,4,720575940555211683,48010,12340,2012
7421,2026-08-28,KrzysztofKruk,t6,720575940553696767,37958,11178,2053
7422,2026-08-28,KrzysztofKruk,RBC,720575940565844340,38878,12742,1965
7423,2026-08-28,KrzysztofKruk,t5i,720575940561922839,35955,12768,2005
7424,2026-08-28,KrzysztofKruk,?,720575940562153808,47276,12086,2062
7425,2026-08-28,Nseraf,t5t,720575940563381710,37814,12528,2056
7426,2026-08-28,KrzysztofKruk,t5i,720575940551665634,46953,10997,2060
7427,2026-08-28,KrzysztofKruk,RBC,720575940561656326,46881,11257,1978
7428,2026-08-28,Nseraf,XBC,720575940568482145,43134,12355,2009
7429,2026-08-28,KrzysztofKruk,t5o,720575940556412407,41880,12770,1999
7430,2026-08-28,KrzysztofKruk,RBC,720575940570348849,36996,11351,1978
7431,2026-08-28,Nseraf,RBC,720575940539115443,47893,12372,2046
7432,2026-08-28,KrzysztofKruk,t6,720575940562132866,41046,11845,2032
7433,2026-08-29,Nseraf,t6,720575940558135658,38831,11999,2044
7434,2026-08-29,KrzysztofKruk,?,720575940567124765,40121,11708,2059
7435,2026-08-29,Nseraf,t5o,720575940557801524,47895,12229,2038
7436,2026-08-29,KrzysztofKruk,RBC,720575940573635002,41715,10545,2029
7437,2026-08-29,KrzysztofKruk,t2,720575940569746902,13313,31307,2048
7438,2026-08-29,KrzysztofKruk,?,720575940581464433,45064,9277,2059
7439,2026-08-29,KrzysztofKruk,?,720575940553697535,43886,10721,2061
7440,2026-08-29,KrzysztofKruk,4,720575940556611266,42120,9724,1950
7441,2026-08-29,KrzysztofKruk,?,720575940560072029,43840,9930,2063
7442,2026-08-29,KrzysztofKruk,t6,720575940562020226,40901,9865,1977
7443,2026-08-29,KrzysztofKruk,RBC,720575940573772986,41293,9926,2012
7444,2026-08-29,KrzysztofKruk,RBC,720575940560975597,39627,8911,2016
7445,2026-08-29,KrzysztofKruk,RBC,720575940556657143,44958,9900,1999
7446,2026-08-29,KrzysztofKruk,t6,720575940559559415,45597,9729,2014
7447,2026-08-29,KrzysztofKruk,t6,720575940547944965,44079,9900,1991
7448,2026-08-29,KrzysztofKruk,?,720575940559340090,46287,10070,2014
7449,2026-08-29,KrzysztofKruk,RBC,720575940551665890,37659,10866,1998
7450,2026-08-29,KrzysztofKruk,t6,720575940551444320,43786,8455,2042
7451,2026-08-29,KrzysztofKruk,RBC,720575940556223223,44090,9137,2025
7452,2026-08-29,Nseraf,?,720575940572516242,39608,12294,2060
7453,2026-08-29,KrzysztofKruk,t8,720575940572991418,44221,10276,2000
7454,2026-08-29,KrzysztofKruk,t6,720575940562958846,44773,10444,1908
7455,2026-08-29,Nseraf,t5i,720575940567125789,43777,11986,2043
7456,2026-08-29,Nseraf,?,720575940582567021,46740,12003,2032
7457,2026-08-29,KrzysztofKruk,t6,720575940573855162,44651,10980,2034
7458,2026-08-29,KrzysztofKruk,?,720575940575002429,37957,10390,2057
7459,2026-08-29,Nseraf,RBC,720575940553698815,43720,12012,1971
7460,2026-08-29,KrzysztofKruk,?,720575940561697744,39457,10654,2059
7461,2026-08-29,KrzysztofKruk,t8,720575940571776265,42353,7709,2029
7462,2026-08-29,KrzysztofKruk,?,720575940544124224,38594,10670,2057
7463,2026-08-29,Nseraf,RBC,720575940578207429,45272,12098,1966
7464,2026-08-29,KrzysztofKruk,RBC,720575940562070253,45190,10913,2029
7465,2026-08-29,KrzysztofKruk,?,720575940559538980,38410,9938,2061
7466,2026-08-29,KrzysztofKruk,4,720575940566612837,44388,10891,2032
7467,2026-08-29,KrzysztofKruk,t7,720575940561305218,43382,8502,2047
7468,2026-08-29,KrzysztofKruk,4,720575940554546010,38754,8377,2039
7469,2026-08-29,KrzysztofKruk,t3a,720575940573734523,21181,31270,2058
7470,2026-08-29,KrzysztofKruk,t7,720575940560500973,39597,9353,2063
7471,2026-08-29,Nseraf,RBC,720575940569476362,38284,12263,2048
7472,2026-08-29,KrzysztofKruk,RBC,720575940572572602,43176,10241,1992
7473,2026-08-29,KrzysztofKruk,RBC,720575940561410797,39669,10825,2032
7474,2026-08-29,KrzysztofKruk,RBC,720575940572637626,41941,8757,2017
7475,2026-08-29,Nseraf,?,720575940567368926,47754,12176,2021
7476,2026-08-29,KrzysztofKruk,RBC,720575940572546234,46110,10569,1994
7477,2026-08-29,KrzysztofKruk,t1,720575940571547184,15096,31315,2018
7478,2026-08-29,KrzysztofKruk,RBC,720575940556658679,44150,10786,1954
7479,2026-08-29,KrzysztofKruk,?,720575940561517954,39383,7786,2060
7480,2026-08-29,KrzysztofKruk,t6,720575940561635309,39005,8842,2038
7481,2026-08-29,Nseraf,t5t,720575940567368670,43243,12202,2054
7482,2026-08-29,KrzysztofKruk,?,720575940574714092,40532,10006,2052
7483,2026-08-29,KrzysztofKruk,RBC,720575940572974010,42228,10386,2039
7484,2026-08-29,Nseraf,RBC,720575940557491866,38713,12239,1969
7485,2026-08-29,KrzysztofKruk,t7,720575940558654607,46109,9876,2052
7486,2026-08-29,Nseraf,RBC,720575940559539748,36587,12174,2029
7487,2026-08-29,KrzysztofKruk,?,720575940564718012,40401,8740,2050
7488,2026-08-29,KrzysztofKruk,RBC,720575940566074740,39196,10705,2052
7489,2026-08-29,KrzysztofKruk,RBC,720575940557774839,42808,10113,2049
7490,2026-08-29,KrzysztofKruk,RBC,720575940558655375,43190,7840,2002
7491,2026-08-29,KrzysztofKruk,?,720575940565815668,40428,9978,2024
7492,2026-08-29,KrzysztofKruk,t5t,720575940572628410,43024,11206,2054
7493,2026-08-29,Nseraf,RBC,720575940547945477,44901,12111,2043
7494,2026-08-29,KrzysztofKruk,RBC,720575940572705978,46026,10650,2021
7495,2026-08-29,KrzysztofKruk,t6,720575940572660922,43376,9032,2000
7496,2026-08-29,KrzysztofKruk,RBC,720575940572943546,43901,8955,2047
7497,2026-08-29,KrzysztofKruk,RBC,720575940559549943,45729,9348,2016
7498,2026-08-29,KrzysztofKruk,?,720575940572938682,44815,9488,2060
7499,2026-08-29,KrzysztofKruk,?,720575940559339322,45864,10873,2061
7500,2026-08-29,KrzysztofKruk,RBC,720575940556226551,44216,9523,2031
7501,2026-08-29,KrzysztofKruk,RBC,720575940560977645,40222,9346,2038
7502,2026-08-29,KrzysztofKruk,?,720575940561288066,43360,8084,2059
7503,2026-08-29,KrzysztofKruk,t6,720575940558929670,45296,9155,2017
7504,2026-08-29,KrzysztofKruk,RBC,720575940565093280,39170,8296,2043
7505,2026-08-29,KrzysztofKruk,?,720575940560474349,38998,9748,2053
7506,2026-08-29,KrzysztofKruk,?,720575940563115906,41915,8318,2042
7507,2026-08-29,KrzysztofKruk,?,720575940569476874,44009,10853,2062
7508,2026-08-29,KrzysztofKruk,RBC,720575940565860212,39862,10776,2022
7509,2026-08-29,KrzysztofKruk,?,720575940576043885,40744,6011,2011
7510,2026-08-29,KrzysztofKruk,RBC,720575940556268279,43495,8909,2034
7511,2026-08-29,KrzysztofKruk,RBC,720575940556658935,43320,10711,1975
7512,2026-08-29,KrzysztofKruk,RBC,720575940558935814,44850,9435,2040
7513,2026-08-29,Nseraf,?,720575940570028878,42074,12153,2006
7514,2026-08-29,KrzysztofKruk,t6,720575940557492378,42039,8523,2061
7515,2026-08-29,KrzysztofKruk,RBC,720575940559663366,41810,9428,2012
7516,2026-08-29,KrzysztofKruk,t7,720575940544125760,39971,10295,2035
7517,2026-08-29,KrzysztofKruk,RBC,720575940562852333,43414,7775,2010
7518,2026-08-29,KrzysztofKruk,4,720575940577590653,42860,8626,2025
7519,2026-08-29,KrzysztofKruk,RBC,720575940563081090,41749,8496,2010
7520,2026-08-29,KrzysztofKruk,t6,720575940573957562,42494,9216,2061
7521,2026-08-29,KrzysztofKruk,RBC,720575940545520192,41717,7191,1992
7522,2026-08-29,Nseraf,t7,720575940556612546,44785,12178,1979
7523,2026-08-29,KrzysztofKruk,RBC,720575940556657911,43883,10732,2007
7524,2026-08-29,KrzysztofKruk,RBC,720575940561273730,43103,8034,2030
7525,2026-08-29,KrzysztofKruk,t6,720575940581898329,39501,10565,2002
7526,2026-08-29,KrzysztofKruk,RBC,720575940562265069,41745,6580,2059
7527,2026-08-29,KrzysztofKruk,?,720575940560072285,41435,9969,2061
7528,2026-08-29,KrzysztofKruk,RBC,720575940572602554,42679,9033,2001
7529,2026-08-29,KrzysztofKruk,t6,720575940559662598,41556,9042,2038
7530,2026-08-29,Nseraf,t6,720575940564718268,43863,12083,2057
7531,2026-08-29,KrzysztofKruk,RBC,720575940572646586,41658,10922,1963
7532,2026-08-29,KrzysztofKruk,?,720575940570028366,45806,10028,2058
7533,2026-08-29,KrzysztofKruk,RBC,720575940542377848,40540,10787,2009
7534,2026-08-29,KrzysztofKruk,?,720575940559319287,46570,10233,2050
7535,2026-08-29,KrzysztofKruk,RBC,720575940556485623,45137,10257,1996
7536,2026-08-29,KrzysztofKruk,?,720575940557491610,37775,10320,2059
7537,2026-08-29,KrzysztofKruk,4,720575940570028622,41501,9079,2007
7538,2026-08-29,Nseraf,RBC,720575940565092512,49511,12285,2028
7539,2026-08-29,KrzysztofKruk,t6,720575940572630714,42585,10689,2026
7540,2026-08-29,KrzysztofKruk,?,720575940578098029,42652,9300,2060
7541,2026-08-29,KrzysztofKruk,t6,720575940576474989,40684,8917,1980
7542,2026-08-29,KrzysztofKruk,t6,720575940575913325,39455,7909,2046
7543,2026-08-29,KrzysztofKruk,RBC,720575940561780098,40822,7684,2020
7544,2026-08-29,KrzysztofKruk,?,720575940556268535,44226,9615,2063
7545,2026-08-29,KrzysztofKruk,RBC,720575940557044983,43887,9305,1958
7546,2026-08-29,KrzysztofKruk,t5i,720575940577002861,40937,10638,2039
7547,2026-08-29,KrzysztofKruk,?,720575940560740358,47506,11138,2061
7548,2026-08-29,Nseraf,t5o,720575940567203586,46299,12390,2053
7549,2026-08-29,KrzysztofKruk,RBC,720575940561062881,41177,8796,1937
7550,2026-08-29,KrzysztofKruk,t8,720575940551261735,41160,7691,2060
7551,2026-08-29,KrzysztofKruk,RBC,720575940561652230,46539,10921,2038
7552,2026-08-29,KrzysztofKruk,RBC,720575940570260996,40376,7358,2014
7553,2026-08-29,Nseraf,RBC,720575940560073309,42456,12197,2032
7554,2026-08-29,KrzysztofKruk,RBC,720575940562185453,42775,7121,1969
7555,2026-08-29,KrzysztofKruk,?,720575940572979642,44011,10149,2062
7556,2026-08-29,KrzysztofKruk,t8,720575940567368414,42911,9217,2060
7557,2026-08-29,KrzysztofKruk,RBC,720575940562417026,42309,7848,2058
7558,2026-08-29,KrzysztofKruk,RBC,720575940573763514,41196,9175,2052
7559,2026-08-29,KrzysztofKruk,t6,720575940562211617,47381,10767,2058
7560,2026-08-29,KrzysztofKruk,XBC,720575940581124496,14703,31298,2033
7561,2026-08-29,KrzysztofKruk,RBC,720575940574715628,41997,9456,2007
7562,2026-08-29,Nseraf,RBC,720575940570242654,41222,12275,2018
7563,2026-08-29,KrzysztofKruk,?,720575940576377965,40736,6152,2011
7564,2026-08-29,KrzysztofKruk,?,720575940565235663,42762,9050,2060
7565,2026-08-29,KrzysztofKruk,t7,720575940576010093,42755,7412,2056
7566,2026-08-29,KrzysztofKruk,RBC,720575940543662656,39590,10002,2008
7567,2026-08-29,KrzysztofKruk,RBC,720575940543714880,38595,8830,2031
7568,2026-08-29,KrzysztofKruk,RBC,720575940562319490,39795,8121,2007
7569,2026-08-29,Nseraf,?,720575940566136029,37278,12098,2010
7570,2026-08-29,KrzysztofKruk,?,720575940543728704,38901,10975,2063
7571,2026-08-29,KrzysztofKruk,RBC,720575940556269047,44250,8691,1938
7572,2026-08-29,KrzysztofKruk,RBC,720575940556208631,44559,9931,1958
7573,2026-08-29,KrzysztofKruk,t7,720575940572657082,43373,10618,2002
7574,2026-08-29,KrzysztofKruk,?,720575940559185655,45679,9629,2036
7575,2026-08-29,KrzysztofKruk,RBC,720575940561748705,42691,8066,1941
7576,2026-08-29,KrzysztofKruk,?,720575940572516498,45029,10854,2040
7577,2026-08-29,KrzysztofKruk,RBC,720575940560073821,39777,7969,2009
7578,2026-08-29,KrzysztofKruk,RBC,720575940566660335,46756,10752,2022
7579,2026-08-29,KrzysztofKruk,t6,720575940561710210,40933,8639,2034
7580,2026-08-29,KrzysztofKruk,RBC,720575940573771962,42500,10063,2029
7581,2026-08-29,KrzysztofKruk,?,720575940562668674,41177,6805,1992
7582,2026-08-29,KrzysztofKruk,t7,720575940577023085,41092,10426,2021
7583,2026-08-29,KrzysztofKruk,t8,720575940561697488,44277,10773,2033
7584,2026-08-29,KrzysztofKruk,RBC,720575940562371565,42150,7384,1970
7585,2026-08-29,KrzysztofKruk,t6,720575940556268791,44289,9272,2016
7586,2026-08-29,KrzysztofKruk,RBC,720575940562232962,40508,8530,1968
7587,2026-08-29,KrzysztofKruk,RBC,720575940575916141,39409,7815,2039
7588,2026-08-29,KrzysztofKruk,RBC,720575940564656244,40496,10821,1982
7589,2026-08-29,KrzysztofKruk,RBC,720575940565762932,37731,9858,2020
7590,2026-08-29,KrzysztofKruk,RBC,720575940545540416,41829,6637,2007
7591,2026-08-29,KrzysztofKruk,t7,720575940551666146,42605,9610,1967
7592,2026-08-29,KrzysztofKruk,t6,720575940561769697,42509,8117,2018
7593,2026-08-29,KrzysztofKruk,RBC,720575940560963053,37880,10362,2013
7594,2026-08-29,KrzysztofKruk,?,720575940556473079,41596,9325,2063
7595,2026-08-29,KrzysztofKruk,?,720575940562998501,38332,11578,2057
7596,2026-08-29,KrzysztofKruk,RBC,720575940557491098,41378,10063,1983
7597,2026-08-29,KrzysztofKruk,4,720575940559539492,44139,8635,2062
7598,2026-08-29,Nseraf,t6,720575940558134890,48274,12085,1932
7599,2026-08-29,KrzysztofKruk,t6,720575940560215814,42571,9982,1954
7600,2026-08-29,KrzysztofKruk,?,720575940561116897,40982,7177,2007
7601,2026-08-29,KrzysztofKruk,RBC,720575940576976493,41034,10346,2005
7602,2026-08-29,KrzysztofKruk,RBC,720575940573632442,43146,8533,2001
7603,2026-08-29,KrzysztofKruk,?,720575940582565997,40927,10148,2061
7604,2026-08-29,KrzysztofKruk,RBC,720575940562219105,19487,31307,2010
7605,2026-08-29,KrzysztofKruk,t8,720575940564334219,41365,9347,1985
7606,2026-08-29,KrzysztofKruk,RBC,720575940568297272,42895,10516,2021
7607,2026-08-29,KrzysztofKruk,RBC,720575940565827188,39080,9339,2027
7608,2026-08-29,KrzysztofKruk,?,720575940554545498,45327,10787,2042
7609,2026-08-29,KrzysztofKruk,?,720575940559219735,40382,6827,2050
7610,2026-08-29,KrzysztofKruk,RBC,720575940556610754,40081,10382,2061
7611,2026-08-29,KrzysztofKruk,?,720575940561815985,40778,9765,2061
7612,2026-08-29,KrzysztofKruk,RBC,720575940568131256,45661,10175,1965
7613,2026-08-29,KrzysztofKruk,RBC,720575940561723010,40946,8774,2029
7614,2026-08-29,KrzysztofKruk,RBC,720575940560001798,42585,10742,2019
7615,2026-08-29,Nseraf,RBC,720575940577589885,40110,12287,2057
7616,2026-08-29,KrzysztofKruk,RBC,720575940561403629,40744,10191,2021
7617,2026-08-29,KrzysztofKruk,RBC,720575940575881658,47325,10808,2028
7618,2026-08-29,KrzysztofKruk,RBC,720575940571527728,14333,31300,1999
7619,2026-08-29,KrzysztofKruk,RBC,720575940560404449,40813,9633,1981
7620,2026-08-29,KrzysztofKruk,t7,720575940567006572,40580,10289,2003
7621,2026-08-29,KrzysztofKruk,4,720575940568510214,37893,9533,2021
7622,2026-08-29,KrzysztofKruk,RBC,720575940546949981,24404,31293,1988
7623,2026-08-29,KrzysztofKruk,?,720575940565821300,38450,8955,2056
7624,2026-08-29,KrzysztofKruk,?,720575940566025588,39996,9985,2060
7625,2026-08-29,KrzysztofKruk,RBC,720575940559213591,39715,7292,2056
7626,2026-08-29,KrzysztofKruk,RBC,720575940565788532,37379,10688,2028
7627,2026-08-29,KrzysztofKruk,RBC,720575940572603322,42678,9338,2037
7628,2026-08-29,KrzysztofKruk,RBC,720575940565432948,38342,10799,1941
7629,2026-08-29,KrzysztofKruk,RBC,720575940562188674,40976,8367,2021
7630,2026-08-29,Nseraf,t7,720575940553698303,36386,12153,2041
7631,2026-08-29,KrzysztofKruk,RBC,720575940563451010,43657,8408,1988
7632,2026-08-29,KrzysztofKruk,RBC,720575940561281261,38408,10962,2037
7633,2026-08-29,KrzysztofKruk,RBC,720575940560212998,43949,10362,2040
7634,2026-08-29,Nseraf,t5t,720575940560072797,36730,12253,1999
7635,2026-08-29,KrzysztofKruk,RBC,720575940543716928,38414,9951,1973
7636,2026-08-29,KrzysztofKruk,?,720575940560993261,40087,10784,2054
7637,2026-08-29,KrzysztofKruk,RBC,720575940575003197,39547,10222,2042
7638,2026-08-29,KrzysztofKruk,t7,720575940565234895,41374,9221,2006
7639,2026-08-29,KrzysztofKruk,RBC,720575940572609978,41738,9485,1971
7640,2026-08-29,Nseraf,t5o,720575940577590909,42341,12039,2008
7641,2026-08-29,Nseraf,RBC,720575940558656143,47817,12065,2030
7642,2026-08-29,KrzysztofKruk,?,720575940573752167,37192,10891,2033
7643,2026-08-29,KrzysztofKruk,?,720575940567967025,40540,7064,2030
7644,2026-08-29,KrzysztofKruk,RBC,720575940572993210,44745,10071,1984
7645,2026-08-29,KrzysztofKruk,RBC,720575940568130232,45430,9974,2030
7646,2026-08-29,KrzysztofKruk,RBC,720575940559638022,45071,9042,2035
7647,2026-08-29,KrzysztofKruk,RBC,720575940556181239,44572,9404,2062
7648,2026-08-29,KrzysztofKruk,?,720575940556557815,42637,9555,2054
7649,2026-08-29,KrzysztofKruk,RBC,720575940565466996,40545,10887,2034
7650,2026-08-29,KrzysztofKruk,RBC,720575940565438068,40024,9812,1987
7651,2026-08-29,Nseraf,RBC,720575940579214377,35953,12195,2013
7652,2026-08-29,KrzysztofKruk,RBC,720575940565417588,40188,9636,2034
7653,2026-08-29,KrzysztofKruk,?,720575940545602624,42524,6846,2059
7654,2026-08-29,KrzysztofKruk,RBC,720575940579214633,42284,7776,2005
7655,2026-08-29,KrzysztofKruk,RBC,720575940544122176,38414,10354,2003
7656,2026-08-29,KrzysztofKruk,?,720575940575741114,46151,10425,2060
7657,2026-08-29,Nseraf,XBC,720575940547946501,36310,12073,2023
7658,2026-08-29,KrzysztofKruk,t6,720575940573772730,41329,9953,2059
7659,2026-08-29,KrzysztofKruk,t6,720575940566012276,38424,9389,2027
7660,2026-08-29,KrzysztofKruk,RBC,720575940572769466,46536,10063,2046
7661,2026-08-29,KrzysztofKruk,RBC,720575940572995770,41690,8777,1989
7662,2026-08-29,KrzysztofKruk,t6,720575940572659386,43263,10822,1986
7663,2026-08-29,KrzysztofKruk,RBC,720575940565827700,38790,8484,1998
7664,2026-08-29,KrzysztofKruk,?,720575940563466370,44076,8369,2022
7665,2026-08-29,KrzysztofKruk,RBC,720575940556258807,43812,10743,1975
7666,2026-08-29,KrzysztofKruk,t5t,720575940549147779,41501,10660,2056
7667,2026-08-29,KrzysztofKruk,t5o,720575940573598075,22688,31289,1955
7668,2026-08-29,KrzysztofKruk,?,720575940557262839,45187,10331,2038
7669,2026-08-29,KrzysztofKruk,t6,720575940572628154,41952,10642,2054
7670,2026-08-29,KrzysztofKruk,?,720575940567367390,43152,10055,2062
7671,2026-08-29,KrzysztofKruk,?,720575940560448749,39250,10065,2063
7672,2026-08-29,KrzysztofKruk,?,720575940570079926,38804,10749,2054
7673,2026-08-29,KrzysztofKruk,RBC,720575940572960954,44682,8770,2019
7674,2026-08-29,KrzysztofKruk,RBC,720575940572544698,47133,10719,2031
7675,2026-08-29,KrzysztofKruk,RBC,720575940560074077,41942,7421,2029
7676,2026-08-29,KrzysztofKruk,RBC,720575940565828468,38034,9681,2024
7677,2026-08-29,KrzysztofKruk,?,720575940559366918,44943,9201,2040
7678,2026-08-29,KrzysztofKruk,?,720575940544120896,38770,9385,2063
7679,2026-08-29,Nseraf,RBC,720575940574716140,41415,12005,2027
7680,2026-08-29,KrzysztofKruk,RBC,720575940565783668,39202,8867,2057
7681,2026-08-29,KrzysztofKruk,RBC,720575940556612034,38466,9191,2037
7682,2026-08-29,KrzysztofKruk,RBC,720575940566064500,40607,8952,2022
7683,2026-08-29,KrzysztofKruk,t6,720575940565435764,40651,10429,2060
7684,2026-08-29,KrzysztofKruk,RBC,720575940572615098,42719,10228,1982
7685,2026-08-29,KrzysztofKruk,RBC,720575940572631738,43209,10452,2046
7686,2026-08-29,Nseraf,RBC,720575940570242654,47453,12271,1949
7687,2026-08-29,KrzysztofKruk,?,720575940559600646,44183,8797,2061
7688,2026-08-29,KrzysztofKruk,t6,720575940545227584,42018,7659,2041
7689,2026-08-29,KrzysztofKruk,t6,720575940565439348,40142,8841,2028
7690,2026-08-29,KrzysztofKruk,RBC,720575940556228343,43620,9801,2005
7691,2026-08-29,KrzysztofKruk,?,720575940562909933,41186,6565,2025
7692,2026-08-29,KrzysztofKruk,4,720575940550031931,44928,9777,2012
7693,2026-08-29,KrzysztofKruk,t7,720575940573634490,41939,10044,1990
7694,2026-08-29,KrzysztofKruk,?,720575940556793591,42538,10919,2057
7695,2026-08-29,KrzysztofKruk,t6,720575940549147523,46481,10706,2033
7696,2026-08-29,KrzysztofKruk,t7,720575940556267511,43808,9694,2032
7697,2026-08-29,KrzysztofKruk,t6,720575940573860538,43655,10010,2034
7698,2026-08-29,KrzysztofKruk,RBC,720575940560977901,39602,9287,2035
7699,2026-08-29,KrzysztofKruk,t6,720575940543176768,40276,9852,1982
7700,2026-08-29,KrzysztofKruk,?,720575940572653754,44327,11050,2064
7701,2026-08-29,KrzysztofKruk,RBC,720575940565855092,40497,9180,2057
7702,2026-08-29,KrzysztofKruk,?,720575940543907136,41339,6222,2039
7703,2026-08-29,KrzysztofKruk,t6,720575940562269421,42897,7590,2054
7704,2026-08-29,Nseraf,t5i,720575940557801780,42132,12183,2002
7705,2026-08-29,Nseraf,RBC,720575940556612290,36786,12193,2030
7706,2026-08-29,KrzysztofKruk,RBC,720575940556682743,44793,10907,2021
7707,2026-08-29,KrzysztofKruk,RBC,720575940559219991,40432,7016,2062
7708,2026-08-29,KrzysztofKruk,RBC,720575940565780340,38642,9572,2026
7709,2026-08-29,KrzysztofKruk,t6,720575940581463921,39393,9640,2009
7710,2026-08-29,KrzysztofKruk,?,720575940544534848,39886,9428,2057
7711,2026-08-29,KrzysztofKruk,t6,720575940561670150,47099,10744,1954
7712,2026-08-29,KrzysztofKruk,RBC,720575940571558704,14756,31304,2020
7713,2026-08-29,Nseraf,t5t,720575940556868634,48646,12092,2053
7714,2026-08-29,KrzysztofKruk,?,720575940564333963,43342,10826,2041
7715,2026-08-29,KrzysztofKruk,?,720575940572980154,44074,11008,2061
7716,2026-08-29,KrzysztofKruk,?,720575940567125277,41000,9237,2057
7717,2026-08-29,KrzysztofKruk,RBC,720575940574883673,17042,31265,2052
7718,2026-08-29,KrzysztofKruk,RBC,720575940544122944,39093,9773,2029
7719,2026-08-29,KrzysztofKruk,t8,720575940578205893,37442,10235,2005
7720,2026-08-29,KrzysztofKruk,RBC,720575940560976109,40075,8639,1999
7721,2026-08-29,KrzysztofKruk,RBC,720575940577687149,41069,7497,1984
7722,2026-08-29,KrzysztofKruk,RBC,720575940572573626,42748,9637,2061
7723,2026-08-29,KrzysztofKruk,RBC,720575940556354904,25087,31317,2009
7724,2026-08-29,KrzysztofKruk,RBC,720575940556654583,44822,10561,2038
7725,2026-08-29,KrzysztofKruk,RBC,720575940573747067,22602,31316,2035
7726,2026-08-29,KrzysztofKruk,RBC,720575940568124088,46159,9727,1988
7727,2026-08-30,KrzysztofKruk,RBC,720575940557744477,14330,31381,1989
7728,2026-08-30,KrzysztofKruk,RBC,720575940573707899,21992,31368,2046
7729,2026-08-30,KrzysztofKruk,t3b,720575940552840749,13690,31515,1987
7730,2026-08-30,KrzysztofKruk,t6,720575940567421545,21522,31348,2026
7731,2026-08-30,KrzysztofKruk,t1,720575940560426035,12998,31453,2006
7732,2026-08-30,KrzysztofKruk,t7,720575940566911393,13142,31331,1532
7733,2026-08-30,KrzysztofKruk,t1,720575940562805857,19186,31385,1989
7734,2026-08-30,KrzysztofKruk,RBC,720575940573759099,22899,31400,1967
7735,2026-08-30,KrzysztofKruk,t3a,720575940552845357,12966,31449,2060
7736,2026-08-30,KrzysztofKruk,t3b,720575940573069401,24102,31441,2033
7737,2026-08-30,KrzysztofKruk,t3b,720575940552871981,13315,31417,2020
7738,2026-08-30,KrzysztofKruk,t6,720575940572637592,12985,31511,2015
7739,2026-08-30,KrzysztofKruk,t3a,720575940570332498,13756,31531,2020
7740,2026-08-30,KrzysztofKruk,XBC,720575940569392908,20878,31490,2040
7741,2026-08-30,KrzysztofKruk,t6,720575940588549117,26254,31495,2011
7742,2026-08-30,KrzysztofKruk,RBC,720575940546949725,24462,31538,1999
7743,2026-08-30,KrzysztofKruk,t2,720575940553624257,13699,31500,2061
7744,2026-08-30,KrzysztofKruk,RBC,720575940571537200,12959,31449,2016
7745,2026-08-30,KrzysztofKruk,t2,720575940557740922,20396,31433,1791
7746,2026-08-30,KrzysztofKruk,RBC,720575940580107722,20987,31460,2023
7747,2026-08-30,KrzysztofKruk,RBC,720575940551295306,23836,31382,1978
7748,2026-08-30,KrzysztofKruk,RBC,720575940577545104,26569,31490,2016
7749,2026-08-30,KrzysztofKruk,t5t,720575940571776777,20580,31396,2059
7750,2026-08-30,KrzysztofKruk,t6,720575940552840237,13391,31403,2047
7751,2026-08-30,KrzysztofKruk,t7,720575940575980105,14284,31355,1961
7752,2026-08-31,KrzysztofKruk,t8,720575940542403448,24459,31588,2018
7753,2026-08-31,Nseraf,RBC,720575940574069660,25843,32526,2037
7754,2026-08-31,Nseraf,t5i,720575940565111359,16850,32518,1901
7755,2026-08-31,Nseraf,t2,720575940554554202,13343,32514,2013
7756,2026-08-31,Nseraf,RBC,720575940561080411,25382,32354,2015
7757,2026-08-31,Nseraf,t4,720575940568502369,24874,32523,2028
7758,2026-08-31,Nseraf,RBC,720575940554553946,15511,32510,2060
7759,2026-08-31,KrzysztofKruk,t8,720575940560082269,14230,31559,2042
7760,2026-08-31,Nseraf,t6,720575940580116426,39226,11914,1970
7761,2026-08-31,KrzysztofKruk,t3a,720575940568500577,23041,31782,2058
7762,2026-08-31,Nseraf,t7,720575940551666658,47087,11976,2021
7763,2026-08-31,KrzysztofKruk,t2,720575940574928024,22159,31835,1990
7764,2026-08-31,KrzysztofKruk,t5i,720575940571546416,13697,31541,2057
7765,2026-08-31,Nseraf,t3a,720575940581736600,24731,32427,2015
7766,2026-08-31,KrzysztofKruk,RBC,720575940570251614,22577,31852,2024
7767,2026-08-31,Nseraf,RBC,720575940550708180,24101,32364,2019
7768,2026-08-31,KrzysztofKruk,GluMI,720575940551659356,15037,31817,1799
7769,2026-08-31,KrzysztofKruk,t1,720575940549839965,23665,31634,2040
7770,2026-08-31,KrzysztofKruk,t4,720575940581735576,12562,31687,1992
7771,2026-08-31,KrzysztofKruk,t7,720575940575326872,27042,31883,1878
7772,2026-08-31,KrzysztofKruk,RBC,720575940578174096,25893,31719,2054
7773,2026-08-31,KrzysztofKruk,GluMI,720575940580116682,22690,31745,1702
7774,2026-08-31,KrzysztofKruk,RBC,720575940551880285,15130,31638,2032
7775,2026-08-31,Nseraf,RBC,720575940564198517,26803,32393,2032
7776,2026-08-31,KrzysztofKruk,t7,720575940576258108,25742,31616,1771
7777,2026-08-31,Nseraf,t2,720575940578683669,13798,32383,1978
7778,2026-08-31,KrzysztofKruk,RBC,720575940577574800,27104,31789,2022
7779,2026-08-31,KrzysztofKruk,t5o,720575940559264600,21812,31693,1840
7780,2026-08-31,KrzysztofKruk,RBC,720575940562167649,20794,31719,2015
7781,2026-08-31,Nseraf,RBC,720575940564122182,24927,32531,2004
7782,2026-08-31,Nseraf,RBC,720575940578212037,27871,32528,1984
7783,2026-08-31,Nseraf,RBC,720575940581482353,13624,32532,2026
7784,2026-08-31,Nseraf,RBC,720575940572340273,40653,11940,2020
7785,2026-08-31,KrzysztofKruk,t5o,720575940578545980,14082,31864,2012
7786,2026-08-31,KrzysztofKruk,RBC,720575940557998428,15452,31653,2015
7787,2026-08-31,KrzysztofKruk,t1,720575940551170909,16978,31833,1927
7788,2026-08-31,Nseraf,t7,720575940560972131,37650,11955,2036
7789,2026-08-31,KrzysztofKruk,RBC,720575940571536944,12542,31593,2025
7790,2026-08-31,KrzysztofKruk,t5t,720575940579869336,20101,31773,1841
7791,2026-08-31,KrzysztofKruk,RBC,720575940539120051,23416,31682,1976
7792,2026-08-31,Nseraf,?,720575940578682901,25475,32348,2024
7793,2026-08-31,KrzysztofKruk,t2,720575940557640258,24513,31739,2018
7794,2026-08-31,KrzysztofKruk,GluMI,720575940571855583,24857,31722,1487
7795,2026-08-31,Nseraf,RBC,720575940571856351,27667,32356,2046
7796,2026-08-31,KrzysztofKruk,t4,720575940579733656,12563,31818,1977
7797,2026-08-31,Nseraf,RBC,720575940560083037,14137,32352,1996
7798,2026-08-31,KrzysztofKruk,RBC,720575940561285450,25393,31850,2046
7799,2026-08-31,Nseraf,t6,720575940574849092,14129,32466,1953
7800,2026-08-31,KrzysztofKruk,t4,720575940570277965,15165,31691,1980
7801,2026-08-31,KrzysztofKruk,RBC,720575940578172560,25467,31649,2042
7802,2026-08-31,Nseraf,RBC,720575940561285706,14455,32544,2029
7803,2026-08-31,KrzysztofKruk,t2,720575940573731195,22709,31669,1909
7804,2026-08-31,KrzysztofKruk,t8,720575940570249566,21623,31641,1950
7805,2026-08-31,Nseraf,RBC,720575940575007549,21662,32520,1961
7806,2026-08-31,Nseraf,RBC,720575940564198261,21437,32372,2007
7807,2026-08-31,Nseraf,RBC,720575940539120819,17982,32525,2006
7808,2026-08-31,Nseraf,t5t,720575940576229883,36154,11952,1992
7809,2026-08-31,KrzysztofKruk,t4,720575940557605290,22228,31731,2009
7810,2026-08-31,Nseraf,t3b,720575940574893856,25352,32435,2022
7811,2026-08-31,KrzysztofKruk,t5o,720575940579491837,24210,31539,1937
7812,2026-08-31,KrzysztofKruk,t3a,720575940587112726,15066,31622,2046
7813,2026-08-31,KrzysztofKruk,t6,720575940581735832,23106,31753,2035
7814,2026-08-31,Nseraf,RBC,720575940556684279,44229,11924,1970
7815,2026-08-31,Nseraf,t6,720575940542403704,24889,32501,1931
7816,2026-08-31,Nseraf,t6,720575940568502625,25923,32540,2022
7817,2026-08-31,Nseraf,t6,720575940561284426,43606,11942,2031
7818,2026-08-31,Nseraf,t5t,720575940581735320,37758,11965,2039
7819,2026-08-31,Nseraf,t1,720575940570278989,20863,32429,1901
7820,2026-09-01,KrzysztofKruk,RBC,720575940557153884,25886,32079,2013
7821,2026-09-01,KrzysztofKruk,t1,720575940577536253,19575,32062,2059
7822,2026-09-01,KrzysztofKruk,RBC,720575940573732987,22185,32022,2038
7823,2026-09-01,KrzysztofKruk,t5t,720575940562029404,17010,32090,2002
7824,2026-09-01,Nseraf,RBC,720575940557659714,24937,32650,2014
7825,2026-09-01,Nseraf,t1,720575940569421041,22052,32635,1844
7826,2026-09-01,KrzysztofKruk,RBC,720575940587121942,13292,32030,2058
7827,2026-09-01,KrzysztofKruk,t2,720575940572205867,25461,31932,1963
7828,2026-09-01,KrzysztofKruk,RBC,720575940577934232,27216,32205,2048
7829,2026-09-01,KrzysztofKruk,4,720575940579504125,25274,32058,1861
7830,2026-09-01,Nseraf,RBC,720575940581133456,24128,32606,1974
7831,2026-09-01,Nseraf,t7,720575940553805585,13180,32636,2034
7832,2026-09-01,KrzysztofKruk,RBC,720575940563018905,24434,31947,2035
7833,2026-09-01,KrzysztofKruk,RBC,720575940578172304,26260,31886,1987
7834,2026-09-01,KrzysztofKruk,t3b,720575940577899672,13297,32079,2047
7835,2026-09-01,Nseraf,RBC,720575940552255653,24586,32654,2021
7836,2026-09-01,KrzysztofKruk,RBC,720575940579907480,19744,32082,2041
7837,2026-09-01,KrzysztofKruk,t3a,720575940558946652,19872,32240,2044
7838,2026-09-01,KrzysztofKruk,t3b,720575940572125364,18835,32061,1962
7839,2026-09-01,KrzysztofKruk,RBC,720575940576985853,23398,32251,2019
7840,2026-09-01,Nseraf,t5t,720575940575514838,20625,32618,2047
7841,2026-09-01,KrzysztofKruk,t2,720575940561945884,23758,32203,1969
7842,2026-09-01,KrzysztofKruk,RBC,720575940557747549,15774,31981,2033
7843,2026-09-01,KrzysztofKruk,RBC,720575940557748061,14677,32166,2019
7844,2026-09-01,KrzysztofKruk,RBC,720575940576177044,26643,31904,1969
7845,2026-09-01,KrzysztofKruk,t5i,720575940569420017,26559,32020,2060
7846,2026-09-01,Nseraf,t3b,720575940567144733,23025,32641,2020
7847,2026-09-01,Nseraf,t1,720575940567448169,18443,32659,1901
7848,2026-09-01,KrzysztofKruk,RBC,720575940573961112,14730,31963,1950
7849,2026-09-01,KrzysztofKruk,t6,720575940553339890,14732,32162,2007
7850,2026-09-01,KrzysztofKruk,RBC,720575940557745501,12554,32151,2026
7851,2026-09-01,KrzysztofKruk,RBC,720575940557748573,13152,31972,2026
7852,2026-09-01,KrzysztofKruk,RBC,720575940571537456,13614,32049,2059
7853,2026-09-01,KrzysztofKruk,RBC,720575940557744733,13597,32166,2022
7854,2026-09-01,Nseraf,t6,720575940557658690,26553,32637,2045
7855,2026-09-01,KrzysztofKruk,RBC,720575940584521213,16201,32115,2031
7856,2026-09-01,KrzysztofKruk,RBC,720575940553340914,26076,32208,2047
7857,2026-09-01,KrzysztofKruk,t4,720575940574885391,24348,32110,2012
7858,2026-09-01,KrzysztofKruk,t4,720575940580132810,13889,32220,2030
7859,2026-09-01,Nseraf,t5i,720575940570035534,15573,32585,1878
7860,2026-09-01,KrzysztofKruk,RBC,720575940579931288,23656,32063,2040
7861,2026-09-01,Nseraf,t5o,720575940564924443,17912,32623,2010
7862,2026-09-01,KrzysztofKruk,t2,720575940551873885,13261,31934,2055
7863,2026-09-01,KrzysztofKruk,RBC,720575940573732731,21973,32162,2029
7864,2026-09-01,KrzysztofKruk,t3b,720575940569421553,26054,32121,2021
7865,2026-09-01,KrzysztofKruk,t2,720575940542411640,24445,31899,2020
7866,2026-09-01,KrzysztofKruk,t2,720575940579096324,26129,32227,1981
7867,2026-09-01,Nseraf,t4,720575940571849758,25316,32607,2027
7868,2026-09-01,Nseraf,RBC,720575940565381089,14781,32649,1991
7869,2026-09-01,KrzysztofKruk,t6,720575940552854877,22989,32070,2048
7870,2026-09-01,Nseraf,t7,720575940565119807,13682,32546,2055
7871,2026-09-01,KrzysztofKruk,RBC,720575940573757307,23081,31928,2002
7872,2026-09-01,KrzysztofKruk,RBC,720575940578352784,26982,32119,2006
7873,2026-09-01,Nseraf,t2,720575940569420529,19813,32606,2021
7874,2026-09-01,KrzysztofKruk,GluMI,720575940568802935,21168,32028,1696
7875,2026-09-02,KrzysztofKruk,RBC,720575940552330567,24611,33251,1966
7876,2026-09-02,KrzysztofKruk,XBC,720575940569444337,19224,32336,1904
7877,2026-09-02,KrzysztofKruk,RBC,720575940559467063,27032,33581,1959
7878,2026-09-02,KrzysztofKruk,RBC,720575940557052062,12767,33201,2027
7879,2026-09-02,KrzysztofKruk,RBC,720575940557684034,13665,33281,2018
7880,2026-09-02,KrzysztofKruk,t5t,720575940555249315,28159,33472,2062
7881,2026-09-02,KrzysztofKruk,RBC,720575940557776989,13967,32344,2060
7882,2026-09-02,KrzysztofKruk,RBC,720575940572095689,22393,33547,2026
7883,2026-09-02,KrzysztofKruk,t2,720575940571673298,21330,33833,1976
7884,2026-09-02,KrzysztofKruk,t5i,720575940580147402,23824,33580,2015
7885,2026-09-02,KrzysztofKruk,RBC,720575940559271223,25026,33764,2037
7886,2026-09-02,KrzysztofKruk,GluMI,720575940564718327,16964,33471,1518
7887,2026-09-02,KrzysztofKruk,RBC,720575940559890231,26686,33198,2024
7888,2026-09-02,KrzysztofKruk,t2,720575940572350921,22941,33769,2049
7889,2026-09-02,KrzysztofKruk,GluMI,720575940562263119,29210,33782,1720
7890,2026-09-02,KrzysztofKruk,RBC,720575940562434457,23441,32271,2001
7891,2026-09-02,KrzysztofKruk,RBC,720575940573266500,26289,33313,1987
7892,2026-09-02,KrzysztofKruk,RBC,720575940559863095,27815,33555,2034
7893,2026-09-02,KrzysztofKruk,RBC,720575940573667798,13064,33649,2039
7894,2026-09-02,KrzysztofKruk,RBC,720575940559868215,27699,33280,1968
7895,2026-09-02,KrzysztofKruk,t3b,720575940553517639,24592,33236,2012
7896,2026-09-02,KrzysztofKruk,t5o,720575940557972031,16173,33784,2056
7897,2026-09-02,KrzysztofKruk,t6,720575940571431890,21091,33451,2039
7898,2026-09-02,KrzysztofKruk,RBC,7.20576E+17,21062,32340,2019
7899,2026-09-02,KrzysztofKruk,t5o,720575940569445361,23252,33217,1999
7900,2026-09-02,KrzysztofKruk,RBC,720575940567001924,20437,33367,2027
7901,2026-09-02,KrzysztofKruk,RBC,720575940560402416,14294,33201,2011
7902,2026-09-02,KrzysztofKruk,t1,720575940568943349,16338,33362,1767
7903,2026-09-02,KrzysztofKruk,RBC,720575940564194116,22584,33233,1995
7904,2026-09-02,Nseraf,t8,720575940564484179,22067,32697,2039
7905,2026-09-02,KrzysztofKruk,RBC,720575940560559521,21315,33754,2046
7906,2026-09-02,KrzysztofKruk,RBC,720575940560329121,21247,33821,2047
7907,2026-09-02,KrzysztofKruk,t3b,720575940565401313,28902,33578,1847
7908,2026-09-02,KrzysztofKruk,t3b,720575940555794008,24721,32339,2056
7909,2026-09-02,KrzysztofKruk,t8,720575940556853597,28681,33718,2008
7910,2026-09-02,KrzysztofKruk,RBC,720575940550156124,22625,32338,2004
7911,2026-09-02,KrzysztofKruk,GluMI,720575940557683778,21775,33227,1724
7912,2026-09-02,KrzysztofKruk,t4,720575940561957916,14355,33251,2016
7913,2026-09-02,KrzysztofKruk,t6,720575940575324853,18426,33481,1850
7914,2026-09-02,KrzysztofKruk,t6,720575940573263940,26764,33516,2010
7915,2026-09-02,Nseraf,RBC,720575940552271013,13197,32731,2018
7916,2026-09-02,KrzysztofKruk,t5t,720575940564483411,14350,33572,2036
7917,2026-09-02,KrzysztofKruk,RBC,720575940559863607,27415,33219,2026
7918,2026-09-02,KrzysztofKruk,t3b,720575940572395721,23001,33438,2003
7919,2026-09-02,KrzysztofKruk,t5t,720575940570744649,29134,33644,2056
7920,2026-09-02,KrzysztofKruk,t3a,720575940553353458,25775,33359,2038
7921,2026-09-02,KrzysztofKruk,RBC,720575940559290423,26285,33843,2014
7922,2026-09-02,KrzysztofKruk,RBC,720575940572409801,23331,33565,2039
7923,2026-09-02,Nseraf,t2,720575940564038831,24624,32674,2014
7924,2026-09-02,Nseraf,t5i,720575940579123204,24390,32754,2038
7925,2026-09-02,KrzysztofKruk,t6,720575940563776283,17149,33671,1853
7926,2026-09-02,KrzysztofKruk,t2,720575940550331976,14508,33735,1953
7927,2026-09-02,KrzysztofKruk,t5i,720575940567168285,25371,33324,1999
7928,2026-09-02,KrzysztofKruk,XBC,720575940581504625,25377,33723,2013
7929,2026-09-02,KrzysztofKruk,RBC,720575940560404208,13977,33566,2016
7930,2026-09-02,KrzysztofKruk,t6,720575940550966621,23753,32307,2027
7931,2026-09-02,KrzysztofKruk,RBC,720575940577562116,15256,33175,2039
7932,2026-09-02,KrzysztofKruk,RBC,720575940571737042,20021,33730,1994
7933,2026-09-02,KrzysztofKruk,4,720575940553353714,16123,33386,1964
7934,2026-09-02,KrzysztofKruk,t4,720575940571445529,26172,32274,1998
7935,2026-09-02,Nseraf,t2,720575940579121156,26605,32707,2022
7936,2026-09-02,KrzysztofKruk,RBC,720575940560769182,15866,33201,2029
7937,2026-09-02,KrzysztofKruk,t7,720575940564044705,26583,33849,2008
7938,2026-09-02,KrzysztofKruk,t3a,720575940565363780,21779,33644,1995
7939,2026-09-02,Nseraf,t7,720575940579122692,20391,32709,1928
7940,2026-09-02,KrzysztofKruk,t2,720575940576209149,25803,33414,2027
7941,2026-09-02,Nseraf,t4,720575940561958172,24059,32661,2013
7942,2026-09-02,KrzysztofKruk,t3b,720575940564482899,24116,33442,2040
7943,2026-09-02,KrzysztofKruk,RBC,720575940564471713,29539,33708,2043
7944,2026-09-02,KrzysztofKruk,t4,720575940558203740,27775,32274,1855
7945,2026-09-02,KrzysztofKruk,t6,720575940572935320,21276,32266,494
7946,2026-09-02,KrzysztofKruk,RBC,720575940575315154,28440,33315,2035
7947,2026-09-02,KrzysztofKruk,t7,720575940569229897,24956,33560,2000
7948,2026-09-02,KrzysztofKruk,XBC,720575940553353970,24599,33397,2049
7949,2026-09-02,KrzysztofKruk,t2,720575940572955602,19934,33365,1806
7950,2026-09-02,KrzysztofKruk,RBC,720575940568498731,24171,33834,2058
7951,2026-09-02,KrzysztofKruk,t2,720575940564040623,27295,33708,1997
7952,2026-09-02,KrzysztofKruk,RBC,720575940560570273,22831,33703,1995
7953,2026-09-02,Nseraf,RBC,720575940568828279,26665,32767,1991
7954,2026-09-02,KrzysztofKruk,RBC,720575940560544158,14661,33609,2045
7955,2026-09-02,KrzysztofKruk,t6,720575940559726135,28560,33563,1918
7956,2026-09-02,KrzysztofKruk,GluMI,720575940564859716,20651,33718,1953
7957,2026-09-02,KrzysztofKruk,RBC,720575940560534945,22161,33207,2015
7958,2026-09-02,KrzysztofKruk,t1,720575940558357855,25066,33741,2039
7959,2026-09-02,KrzysztofKruk,RBC,720575940564759926,27585,33580,2002
7960,2026-09-02,KrzysztofKruk,GluMI,720575940564192580,22482,33757,2055
7961,2026-09-02,KrzysztofKruk,t1,720575940578410933,19372,33698,2011
7962,2026-09-02,KrzysztofKruk,t5t,720575940557684802,21284,33308,1858
7963,2026-09-02,KrzysztofKruk,GluMI,720575940551695074,14055,33786,1843
7964,2026-09-02,KrzysztofKruk,RBC,720575940572333257,24135,33476,1986
7965,2026-09-02,KrzysztofKruk,t6,720575940575592393,26012,33615,2039
7966,2026-09-02,Nseraf,t6,720575940557685570,16593,32673,1835
7967,2026-09-02,KrzysztofKruk,RBC,720575940560328865,21748,33558,2038
7968,2026-09-02,KrzysztofKruk,t6,720575940559268663,25335,33781,1997
7969,2026-09-02,KrzysztofKruk,RBC,720575940573258820,27329,33507,2036
7970,2026-09-02,KrzysztofKruk,t6,720575940561107421,24190,33467,2045
7971,2026-09-02,Nseraf,RBC,720575940581504369,23871,32743,2023
7972,2026-09-02,KrzysztofKruk,t3b,720575940579807384,18573,32267,1849
7973,2026-09-02,KrzysztofKruk,t3a,720575940548451677,26292,33239,2015
7974,2026-09-02,KrzysztofKruk,t3a,720575940582602861,24162,33407,2051
7975,2026-09-03,KrzysztofKruk,RBC,720575940559862839,27920,34024,1977
7976,2026-09-03,KrzysztofKruk,t4,720575940572929490,16734,33897,2052
7977,2026-09-03,KrzysztofKruk,t1,720575940553846033,12796,34080,2019
7978,2026-09-03,KrzysztofKruk,t2,720575940573265220,25886,34137,1984
7979,2026-09-03,KrzysztofKruk,RBC,720575940569445388,28201,34004,2029
7980,2026-09-03,KrzysztofKruk,t6,720575940553553223,24542,34133,2023
7981,2026-09-03,KrzysztofKruk,t3b,720575940569969481,27406,34164,2056
7982,2026-09-03,Annkri,t5i,720575940577976250,44263,17583,2035
7983,2026-09-03,Nseraf,RBC,720575940565256911,23395,32845,2005
7984,2026-09-03,Annkri,t3a,720575940574145213,39731,17597,2036
7985,2026-09-03,Annkri,t6,720575940561245245,49596,17598,1988
7986,2026-09-03,KrzysztofKruk,t2,720575940571673810,22710,34243,1816
7987,2026-09-03,KrzysztofKruk,t6,720575940565971574,29934,34263,1857
7988,2026-09-03,KrzysztofKruk,t6,720575940565911620,19855,33933,1910
7989,2026-09-03,Annkri,t5o,720575940575351184,43307,17617,2037
7990,2026-09-03,KrzysztofKruk,GluMI,720575940553685185,19597,34101,1560
7991,2026-09-03,KrzysztofKruk,t7,720575940570693572,13063,34222,2059
7992,2026-09-03,KrzysztofKruk,t7,720575940565480004,19209,33912,1789
7993,2026-09-03,KrzysztofKruk,t4,720575940559781943,27116,34047,2016
7994,2026-09-03,KrzysztofKruk,t5i,720575940578316959,20535,34151,1876
7995,2026-09-03,KrzysztofKruk,t2,720575940575195346,29791,33958,1914
7996,2026-09-03,KrzysztofKruk,RBC,720575940562363534,26274,33971,2041
7997,2026-09-03,KrzysztofKruk,t5o,720575940549587272,14552,34200,1858
7998,2026-09-03,KrzysztofKruk,t6,720575940547825736,12664,34215,2021
7999,2026-09-03,Nseraf,t5i,720575940562055772,18638,32798,2059
8000,2026-09-03,KrzysztofKruk,t4,720575940584677422,25621,33906,2049
8001,2026-09-03,KrzysztofKruk,t1,720575940572773078,12696,34212,2024
8002,2026-09-03,KrzysztofKruk,t1,720575940573440533,16220,33947,2017
8003,2026-09-03,KrzysztofKruk,RBC,720575940578244277,20736,34037,2040
8004,2026-09-03,KrzysztofKruk,RBC,720575940560508830,13332,33887,2032
8005,2026-09-03,Nseraf,t4,720575940576759505,16363,32778,2055
8006,2026-09-03,KrzysztofKruk,RBC,720575940566444445,20345,34235,2034
8007,2026-09-03,KrzysztofKruk,RBC,720575940550331208,14230,34144,2032
8008,2026-09-03,KrzysztofKruk,t3b,720575940549200771,15553,33944,1854
8009,2026-09-03,KrzysztofKruk,t4,720575940545743701,12693,34157,2027
8010,2026-09-03,KrzysztofKruk,RBC,720575940576187337,29088,33922,2037
8011,2026-09-03,KrzysztofKruk,RBC,720575940542889485,26006,34157,924
8012,2026-09-03,KrzysztofKruk,RBC,720575940573552598,14779,33951,2009
8013,2026-09-03,KrzysztofKruk,t3b,720575940575078610,28680,34204,1958
8014,2026-09-03,KrzysztofKruk,t5t,720575940568117645,19994,34116,1830
8015,2026-09-03,KrzysztofKruk,GluMI,720575940578577468,26180,34110,1851
8016,2026-09-03,KrzysztofKruk,t2,720575940560785310,13059,34167,2040
8017,2026-09-03,KrzysztofKruk,t3b,720575940578307765,19636,34143,2030
8018,2026-09-03,Nseraf,RBC,720575940558779520,20974,32846,2033
8019,2026-09-03,Annkri,RBC,720575940575582917,40512,17625,1953
8020,2026-09-03,Nseraf,RBC,720575940574875460,12577,32790,2021
8021,2026-09-03,KrzysztofKruk,t4,720575940560558753,21378,33896,1996
8022,2026-09-03,Annkri,t7,720575940562354574,50464,17620,2043
8023,2026-09-03,KrzysztofKruk,t2,720575940565798391,26360,33915,1977
8024,2026-09-03,Nseraf,RBC,720575940558061858,22588,32812,2041
8025,2026-09-03,KrzysztofKruk,t6,720575940571382482,21766,34072,2029
8026,2026-09-03,KrzysztofKruk,RBC,720575940566163524,21948,33884,2039
8027,2026-09-03,Annkri,RBC,720575940566146891,49631,17602,1990
8028,2026-09-03,KrzysztofKruk,GluMI,720575940556689602,27874,34023,1622
8029,2026-09-03,Annkri,?,720575940563198169,47443,17602,1998
8030,2026-09-03,KrzysztofKruk,RBC,720575940571346130,20296,34173,2021
8031,2026-09-03,KrzysztofKruk,RBC,720575940560403184,12761,34078,2015
8032,2026-09-03,KrzysztofKruk,RBC,720575940552446023,24572,33874,2035
8033,2026-09-03,KrzysztofKruk,t3b,720575940560677685,15676,34167,2032
8034,2026-09-03,Nseraf,t3a,720575940583562622,12563,32822,2015
8035,2026-09-03,KrzysztofKruk,t8,720575940570302029,21112,34244,2031
8036,2026-09-03,KrzysztofKruk,t3a,720575940550332488,13344,34108,1957
8037,2026-09-03,KrzysztofKruk,t6,720575940571918889,23641,34171,2036
8038,2026-09-03,KrzysztofKruk,GluMI,720575940570741520,27976,34141,1763
8039,2026-09-03,Nseraf,t5o,720575940568946165,12920,32774,2035
8040,2026-09-03,KrzysztofKruk,t3a,720575940575515640,16113,34138,1895
8041,2026-09-03,KrzysztofKruk,t3a,720575940583564158,27005,34261,1998
8042,2026-09-03,Annkri,t3b,720575940564741451,55251,17604,2041
8043,2026-09-03,KrzysztofKruk,RBC,720575940559881271,25863,34104,2001
8044,2026-09-03,KrzysztofKruk,t4,720575940559216105,28996,33857,1895
8045,2026-09-03,KrzysztofKruk,RBC,720575940566163012,21011,34032,2062
8046,2026-09-03,Nseraf,RBC,720575940562180944,27184,32850,1969
8047,2026-09-03,Nseraf,RBC,720575940569446412,22271,32786,2031
8048,2026-09-03,Nseraf,XBC,720575940565256143,12610,32808,2010
8049,2026-09-03,KrzysztofKruk,RBC,720575940573552086,15305,33937,2007
8050,2026-09-03,KrzysztofKruk,t6,720575940559463991,27945,34111,2022
8051,2026-09-03,KrzysztofKruk,t6,720575940574156612,13454,33920,1535
8052,2026-09-03,KrzysztofKruk,t4,720575940551291963,23609,34176,2005
8053,2026-09-03,KrzysztofKruk,RBC,720575940573551830,14888,34016,2017
8054,2026-09-03,Annkri,t3b,720575940582173206,52888,17629,2055
8055,2026-09-03,KrzysztofKruk,RBC,720575940572093385,23589,34198,1993
8056,2026-09-03,KrzysztofKruk,RBC,720575940571919145,22927,34178,2054
8057,2026-09-03,KrzysztofKruk,RBC,720575940564768630,26596,33926,2015
8058,2026-09-03,KrzysztofKruk,t2,720575940570537426,22553,34058,2016
8059,2026-09-03,KrzysztofKruk,t2,720575940560404464,13393,34089,1946
8060,2026-09-03,KrzysztofKruk,RBC,720575940573552854,14807,34144,2016
8061,2026-09-03,KrzysztofKruk,RBC,720575940568566113,27377,34121,2052
8062,2026-09-03,KrzysztofKruk,t3a,720575940551923271,24600,33918,2015
8063,2026-09-03,KrzysztofKruk,t2,720575940565478724,19186,34278,1888
8064,2026-09-03,KrzysztofKruk,t6,720575940559446583,27108,34024,2042
8065,2026-09-03,KrzysztofKruk,RBC,720575940559875895,28287,34146,2059
8066,2026-09-03,KrzysztofKruk,t4,720575940550332744,14381,34273,1898
8067,2026-09-04,Nseraf,GluMI,720575940549224323,15023,32981,1843
8068,2026-09-04,KrzysztofKruk,t7,720575940569107529,28382,34360,2022
8069,2026-09-04,Annkri,t3a,720575940567396272,40687,17545,2041
8070,2026-09-04,KrzysztofKruk,RBC,720575940559270967,25019,34320,2040
8071,2026-09-04,Annkri,t5i,720575940551284316,33319,17522,2041
8072,2026-09-04,Annkri,t7,720575940563459852,47023,17510,2028
8073,2026-09-04,KrzysztofKruk,?,720575940566858657,19927,34383,2030
8074,2026-09-04,Nseraf,RBC,720575940560597549,13939,33007,2034
8075,2026-09-04,Nseraf,RBC,720575940577625469,12586,32976,1979
8076,2026-09-04,Nseraf,t6,720575940549223043,17487,32974,2053
8077,2026-09-04,KrzysztofKruk,t3a,720575940565843755,25182,34430,2037
8078,2026-09-04,KrzysztofKruk,t2,720575940569749321,27705,34433,2054
8079,2026-09-04,Nseraf,t6,720575940561428613,14564,32889,2056
8080,2026-09-04,KrzysztofKruk,?,720575940553294428,25181,34323,1650
8081,2026-09-04,KrzysztofKruk,t2,720575940567396016,26996,34368,2013
8082,2026-09-04,KrzysztofKruk,t3b,720575940555379238,15124,34491,1993
8083,2026-09-04,Nseraf,t5i,720575940553555071,25892,32997,2031
8084,2026-09-04,KrzysztofKruk,t5i,720575940565686695,21850,34414,1964
8085,2026-09-04,Annkri,RBC,720575940575478725,40081,17507,1968
8086,2026-09-04,Annkri,RBC,720575940568637614,46100,17559,2013
8087,2026-09-04,Nseraf,RBC,720575940571983425,20171,32968,2027
8088,2026-09-04,Nseraf,t2,720575940553338696,19457,32890,1759
8089,2026-09-04,Nseraf,RBC,720575940551299899,26487,32919,1971
8090,2026-09-04,KrzysztofKruk,RBC,720575940564609654,27357,34447,1996
8091,2026-09-04,KrzysztofKruk,RBC,720575940560569249,21788,34462,2038
8092,2026-09-04,Annkri,RBC,720575940553200202,32122,17529,2016
8093,2026-09-04,KrzysztofKruk,t5o,720575940570130130,18751,34292,1858
8094,2026-09-04,KrzysztofKruk,RBC,720575940549587016,13804,34489,2030
8095,2026-09-04,KrzysztofKruk,t6,720575940575022034,28455,34305,1989
8096,2026-09-04,Nseraf,t3b,720575940566709487,25904,32981,2035
8097,2026-09-04,Annkri,t5t,720575940554692109,44231,17537,2030
8098,2026-09-04,Annkri,t6,720575940564062611,43541,17514,2048
8099,2026-09-04,KrzysztofKruk,RBC,720575940559470647,26703,34424,2006
8100,2026-09-04,Annkri,t3b,720575940560914340,55109,17581,2036
8101,2026-09-04,KrzysztofKruk,RBC,720575940571990988,30235,34373,1890
8102,2026-09-04,KrzysztofKruk,t5o,720575940572888057,25049,34299,2059
8103,2026-09-04,Nseraf,t5i,720575940564896849,16411,33003,2060
8104,2026-09-04,Nseraf,RBC,720575940581532273,21036,32922,2036
8105,2026-09-04,Annkri,RBC,720575940583125782,52699,17498,1993
8106,2026-09-04,KrzysztofKruk,RBC,720575940559289655,26117,34394,2015
8107,2026-09-04,Annkri,t5i,720575940573059697,49138,17552,2013
8108,2026-09-04,KrzysztofKruk,RBC,720575940572095177,21603,34345,2060
8109,2026-09-04,Annkri,t3b,720575940570254773,54052,17536,2043
8110,2026-09-04,Nseraf,t5t,720575940549629896,27073,32874,1948
8111,2026-09-04,Annkri,t3b,720575940554784634,37585,17525,2043
8112,2026-09-04,Annkri,RBC,720575940555676970,32668,17537,1473
8113,2026-09-04,Annkri,RBC,720575940581779990,52275,17516,1989
8114,2026-09-04,KrzysztofKruk,RBC,720575940570745673,29735,34404,2019
8115,2026-09-04,KrzysztofKruk,t2,720575940558758814,12510,34308,2024
8116,2026-09-04,KrzysztofKruk,t5i,720575940572829394,21076,34470,1853
8117,2026-09-04,Nseraf,t6,720575940559579940,26932,32922,2017
8118,2026-09-04,Annkri,t6,720575940552242554,38508,17500,2011
8119,2026-09-04,KrzysztofKruk,RBC,720575940566175197,19708,34340,2005
8120,2026-09-04,Annkri,RBC,720575940563202572,46529,17579,2057
8121,2026-09-04,KrzysztofKruk,t7,720575940560635959,29911,34283,1782
8122,2026-09-04,Annkri,t6,720575940569626619,46278,17528,2018
8123,2026-09-04,KrzysztofKruk,GluMI,720575940559369904,22048,34436,1650
8124,2026-09-04,KrzysztofKruk,t4,720575940571014610,18020,34419,1797
8125,2026-09-04,Annkri,t3b,720575940552366714,33349,17536,2015
8126,2026-09-04,KrzysztofKruk,t6,720575940564618102,25817,34395,2043
8127,2026-09-04,KrzysztofKruk,RBC,720575940563669643,30326,34441,1997
8128,2026-09-04,Nseraf,GluMI,720575940577073423,26921,32902,2025
8129,2026-09-04,Annkri,?,720575940555593034,41440,17527,2059
8130,2026-09-04,KrzysztofKruk,t2,720575940563206617,24579,34479,2012
8131,2026-09-04,KrzysztofKruk,t3a,720575940560696734,13073,34282,1965
8132,2026-09-04,Annkri,?,720575940581522198,51239,17500,2035
8133,2026-09-04,Nseraf,RBC,720575940556345062,28474,32919,2038
8134,2026-09-04,KrzysztofKruk,t5i,720575940554439575,24769,34456,1963
8135,2026-09-04,KrzysztofKruk,RBC,720575940565357942,24612,34436,2022
8136,2026-09-04,KrzysztofKruk,RBC,720575940566309675,23964,34334,1984
8137,2026-09-04,Nseraf,RBC,720575940556346342,15069,32994,2026
8138,2026-09-04,KrzysztofKruk,t3b,720575940575997621,20376,34429,1998
8139,2026-09-04,Nseraf,t5o,720575940551299643,19853,32909,2054
8140,2026-09-04,KrzysztofKruk,RBC,720575940570081609,27009,34283,1993
8141,2026-09-05,KrzysztofKruk,RBC,720575940574951349,20626,34500,2014
8142,2026-09-05,KrzysztofKruk,RBC,720575940572377033,23493,34535,2042
8143,2026-09-05,KrzysztofKruk,t2,720575940561725648,12502,34501,2002
8144,2026-09-05,KrzysztofKruk,RBC,720575940560541077,25457,34509,2016
8145,2026-09-05,KrzysztofKruk,RBC,720575940573792214,15570,34492,1996
8146,2026-09-05,KrzysztofKruk,RBC,720575940571185874,22272,34531,1992
8147,2026-09-05,KrzysztofKruk,t1,720575940565989163,24812,34538,2041
8148,2026-09-05,KrzysztofKruk,t7,720575940558065954,24320,34514,2031
8149,2026-09-05,KrzysztofKruk,4,720575940553860113,26998,34521,2038
8150,2026-09-05,KrzysztofKruk,t7,720575940560475701,16344,34514,1861
8151,2026-09-05,KrzysztofKruk,t3b,720575940576115145,30157,34502,2048
8152,2026-09-05,KrzysztofKruk,4,720575940564883355,29787,34504,2058
8153,2026-09-05,Nseraf,XBC,720575940571733355,22416,33019,2039
8154,2026-09-06,KrzysztofKruk,RBC,720575940565704235,24236,34721,2038
8155,2026-09-06,KrzysztofKruk,t5t,720575940559375162,22324,34995,1826
8156,2026-09-06,KrzysztofKruk,RBC,720575940570111158,27340,35033,2019
8157,2026-09-06,KrzysztofKruk,RBC,720575940564614774,25745,35066,2004
8158,2026-09-06,KrzysztofKruk,RBC,720575940564053153,26145,34786,2055
8159,2026-09-06,KrzysztofKruk,t5t,720575940572439980,16075,34817,1831
8160,2026-09-06,KrzysztofKruk,t6,7.20576E+17,12800,34569,2043
8161,2026-09-06,KrzysztofKruk,RBC,720575940560534174,14129,35040,2030
8162,2026-09-06,KrzysztofKruk,RBC,720575940572989252,24791,35045,2017
8163,2026-09-06,KrzysztofKruk,t7,720575940565493316,17080,34614,1835
8164,2026-09-06,KrzysztofKruk,RBC,720575940565190518,26386,34941,2029
8165,2026-09-06,KrzysztofKruk,t6,720575940566986308,20445,35008,1794
8166,2026-09-06,KrzysztofKruk,t3b,720575940570623088,29412,35062,2018
8167,2026-09-06,KrzysztofKruk,RBC,720575940560340897,21255,34976,2001
8168,2026-09-06,KrzysztofKruk,t8,720575940555269795,23287,34552,2016
8169,2026-09-06,KrzysztofKruk,t5i,720575940575529976,27764,34591,2015
8170,2026-09-06,KrzysztofKruk,t1,720575940563314667,18396,34717,1914
8171,2026-09-06,KrzysztofKruk,RBC,720575940576577205,22244,35122,2047
8172,2026-09-06,KrzysztofKruk,t2,720575940559864375,28292,35099,1961
8173,2026-09-06,KrzysztofKruk,t7,720575940571015378,18275,34842,1833
8174,2026-09-06,KrzysztofKruk,t1,720575940558654279,29968,34757,1850
8175,2026-09-06,KrzysztofKruk,RBC,720575940571923241,23917,34979,2006
8176,2026-09-06,KrzysztofKruk,t3a,720575940553180735,16424,34772,1907
8177,2026-09-06,KrzysztofKruk,RBC,720575940572098249,23258,34661,2033
8178,2026-09-06,KrzysztofKruk,t2,720575940571757778,18355,34798,1881
8179,2026-09-06,KrzysztofKruk,t6,720575940564609910,27338,34935,2034
8180,2026-09-06,KrzysztofKruk,RBC,720575940570746441,29554,34897,2044
8181,2026-09-06,KrzysztofKruk,t6,720575940565364036,21043,34685,2020
8182,2026-09-06,KrzysztofKruk,RBC,720575940564236193,28429,34953,2035
8183,2026-09-06,KrzysztofKruk,t5o,720575940571989908,15408,34745,1821
8184,2026-09-06,KrzysztofKruk,RBC,720575940572092617,23785,34896,2026
8185,2026-09-06,Annkri,t3b,720575940554472826,39249,17491,2017
8186,2026-09-06,KrzysztofKruk,RBC,720575940572988228,25184,35079,2027
8187,2026-09-06,KrzysztofKruk,RBC,720575940575473353,31603,35103,2002
8188,2026-09-06,KrzysztofKruk,t5i,720575940570621808,21784,34988,1847
8189,2026-09-06,KrzysztofKruk,RBC,720575940566850603,24524,35053,1989
8190,2026-09-06,KrzysztofKruk,t3b,720575940559646366,14181,35024,2048
8191,2026-09-06,KrzysztofKruk,t4,720575940564767862,27382,34803,2011
8192,2026-09-06,KrzysztofKruk,t5i,720575940565136185,17240,34782,2026
8193,2026-09-06,KrzysztofKruk,t3b,720575940557860619,21578,35050,2012
8194,2026-09-06,KrzysztofKruk,XBC,720575940569770902,14693,34707,2024
8195,2026-09-06,KrzysztofKruk,t1,720575940564045473,26273,34898,2005
8196,2026-09-06,KrzysztofKruk,t2,720575940560640055,30330,34928,1800
8197,2026-09-06,Annkri,RBC,720575940561051283,43386,17492,1950
8198,2026-09-06,KrzysztofKruk,t1,720575940555271075,27861,35071,1991
8199,2026-09-06,KrzysztofKruk,t6,720575940574089628,13769,34561,2031
8200,2026-09-06,KrzysztofKruk,RBC,720575940571684562,22875,34933,2060
8201,2026-09-06,KrzysztofKruk,t4,720575940548096328,13803,34603,2000
8202,2026-09-06,KrzysztofKruk,t5i,720575940571326418,19662,34922,1928
8203,2026-09-06,KrzysztofKruk,t2,720575940572090825,21565,34739,1979
8204,2026-09-06,KrzysztofKruk,t2,720575940572897785,23816,34874,1900
8205,2026-09-06,KrzysztofKruk,t7,720575940554698610,26237,34852,2035
8206,2026-09-06,KrzysztofKruk,?,720575940559878711,27372,34858,2035
8207,2026-09-06,KrzysztofKruk,RBC,720575940572786898,18728,34999,2049
8208,2026-09-06,KrzysztofKruk,t2,720575940566524404,18894,34999,1870
8209,2026-09-06,KrzysztofKruk,t2,720575940569946699,28040,34868,2035
8210,2026-09-06,KrzysztofKruk,RBC,720575940570746697,30253,34676,2053
8211,2026-09-06,Annkri,t5i,720575940554368195,45765,17491,2026
8212,2026-09-06,KrzysztofKruk,t5t,720575940563827524,18620,34623,1965
8213,2026-09-06,KrzysztofKruk,t5o,720575940571431634,22691,34557,1944
8214,2026-09-06,KrzysztofKruk,RBC,720575940572988484,25104,34984,2029
8215,2026-09-06,KrzysztofKruk,t8,720575940564763254,26357,34893,2036
8216,2026-09-06,KrzysztofKruk,t3b,720575940550259528,12894,35016,2055
8217,2026-09-06,KrzysztofKruk,?,720575940563022309,30800,34614,710
8218,2026-09-06,KrzysztofKruk,t6,720575940581761944,27604,34640,2001
8219,2026-09-06,KrzysztofKruk,t3b,720575940565486404,19602,34756,1983
8220,2026-09-06,KrzysztofKruk,t6,720575940572982805,16044,34913,1874
8221,2026-09-06,KrzysztofKruk,RBC,720575940559455031,28503,34916,2026
8222,2026-09-06,KrzysztofKruk,RBC,720575940576275497,29482,34945,2043
8223,2026-09-06,KrzysztofKruk,t7,720575940573264452,25153,35093,1943
8224,2026-09-06,KrzysztofKruk,RBC,720575940563837623,13864,35068,2018
8225,2026-09-06,KrzysztofKruk,t8,720575940573264708,25754,35018,2043
8226,2026-09-06,KrzysztofKruk,RBC,720575940560639031,29388,35087,1994
8227,2026-09-06,KrzysztofKruk,RBC,720575940560532382,13567,34941,2036
8228,2026-09-06,KrzysztofKruk,t6,720575940570745929,29519,34894,2042
8229,2026-09-06,KrzysztofKruk,t5t,720575940555270307,26957,34840,1970
8230,2026-09-06,KrzysztofKruk,RBC,720575940576582069,21578,34765,2006
8231,2026-09-06,KrzysztofKruk,t3b,720575940558788224,30334,34729,1919
8232,2026-09-06,KrzysztofKruk,RBC,720575940572094356,13786,35036,2056
8233,2026-09-06,Annkri,t5o,720575940569804539,46218,17497,2012
8234,2026-09-06,KrzysztofKruk,t5t,720575940554367683,23508,34923,2055
8235,2026-09-06,KrzysztofKruk,t6,720575940571021010,17808,35048,1878
8236,2026-09-06,KrzysztofKruk,t5t,720575940559646878,13668,35023,2063
8237,2026-09-06,KrzysztofKruk,t2,720575940559321176,17422,35084,1789
8238,2026-09-06,KrzysztofKruk,t7,720575940561695039,16357,35114,2036
8239,2026-09-06,KrzysztofKruk,t6,720575940576299977,28901,35014,2003
8240,2026-09-06,KrzysztofKruk,RBC,720575940565362806,25508,34745,2020
8241,2026-09-06,KrzysztofKruk,XBC,720575940559374650,20001,34980,1874
8242,2026-09-06,KrzysztofKruk,t2,720575940565192822,25806,35074,1974
8243,2026-09-06,KrzysztofKruk,RBC,720575940570745161,31098,35100,2048
8244,2026-09-06,KrzysztofKruk,t5o,720575940569946955,17778,34974,1936
8245,2026-09-06,KrzysztofKruk,RBC,720575940564604790,27934,34664,1996
8246,2026-09-06,KrzysztofKruk,t3a,720575940569336649,27652,34892,2001
8247,2026-09-06,KrzysztofKruk,RBC,720575940560520097,22144,34809,2046
8248,2026-09-06,KrzysztofKruk,GluMI,720575940563023077,30741,34968,1735
8249,2026-09-07,KrzysztofKruk,t3b,720575940571757010,18487,35149,1803
8250,2026-09-07,KrzysztofKruk,RBC,720575940560532126,13481,35222,1999
8251,2026-09-07,KrzysztofKruk,t3a,720575940566526964,29739,35125,2033
8252,2026-09-07,KrzysztofKruk,t8,720575940568578778,14690,35198,2059
8253,2026-09-07,KrzysztofKruk,t6,720575940560550817,23548,35158,1970
8254,2026-09-07,KrzysztofKruk,t5i,720575940572561339,15180,35131,2047
8255,2026-09-07,KrzysztofKruk,t4,720575940562380051,20925,35242,1893
8256,2026-09-07,KrzysztofKruk,RBC,720575940564189508,18936,35129,2023
8257,2026-09-07,KrzysztofKruk,t5i,720575940555441152,17545,35136,1830
8258,2026-09-07,KrzysztofKruk,GluMI,720575940556752242,24783,35135,1777
8259,2026-09-07,KrzysztofKruk,t5i,720575940564231329,27244,35165,2038
8260,2026-09-07,KrzysztofKruk,RBC,720575940576171445,19964,35126,2037
8261,2026-09-07,KrzysztofKruk,t4,720575940571737195,16678,35246,1871
8262,2026-09-07,KrzysztofKruk,t5i,720575940566527988,29843,35264,1980
8263,2026-09-07,KrzysztofKruk,t6,720575940577629053,24725,35248,2062
8264,2026-09-07,KrzysztofKruk,RBC,720575940560531102,12872,35247,2028
8265,2026-09-07,KrzysztofKruk,RBC,720575940570522953,27772,35137,1975
8266,2026-09-07,KrzysztofKruk,t5t,720575940577628285,19686,35213,2057
8267,2026-09-07,KrzysztofKruk,t1,720575940572134036,14759,35139,1817
8268,2026-09-07,KrzysztofKruk,RBC,720575940570441682,20547,35238,2000
8269,2026-09-07,KrzysztofKruk,t5t,720575940577628797,18776,35223,2033
8270,2026-09-07,KrzysztofKruk,RBC,720575940559869751,28326,35163,1995
8271,2026-09-07,KrzysztofKruk,t3b,720575940564608118,28297,35152,2037
8272,2026-09-08,Annkri,RBC,720575940570823122,18505,36205,2000
8273,2026-09-08,Annkri,RBC,720575940556228080,12750,36199,2063
8274,2026-09-08,KrzysztofKruk,RBC,720575940560340641,20871,35319,1984
8275,2026-09-08,KrzysztofKruk,t4,720575940559210807,25623,35319,2003
8276,2026-09-08,KrzysztofKruk,t3b,720575940559474999,26436,35300,2002
8277,2026-09-08,KrzysztofKruk,RBC,720575940576280617,28747,35291,1998
8278,2026-09-08,KrzysztofKruk,t3b,720575940571993492,15115,35318,2059
8279,2026-09-08,KrzysztofKruk,t1,720575940576569781,23304,35284,1894
8280,2026-09-08,Annkri,t8,720575940575564502,25829,36636,2024
8281,2026-09-08,KrzysztofKruk,t3a,720575940564623222,26462,35287,2015
8282,2026-09-08,Annkri,RBC,720575940565957750,29618,36198,2029
8283,2026-09-08,KrzysztofKruk,RBC,720575940559465783,26101,35323,1955
8284,2026-09-08,KrzysztofKruk,t5i,720575940576818516,16652,35307,2057
8285,2026-09-08,KrzysztofKruk,t1,720575940588614141,19106,35307,1767
8286,2026-09-09,KrzysztofKruk,t1,720575940566585701,17100,35342,1839
8287,2026-09-09,KrzysztofKruk,t3b,720575940568588506,18055,35336,1727
8288,2026-09-11,KrzysztofKruk,RBC,720575940572144020,14244,35368,1988
8289,2026-09-11,KrzysztofKruk,t3a,720575940576559541,22064,35362,1858
8290,2026-09-11,KrzysztofKruk,RBC,720575940564678955,24270,35419,1985
8291,2026-09-11,KrzysztofKruk,t5t,720575940570770192,20744,35350,2053
8292,2026-09-11,KrzysztofKruk,RBC,720575940560501150,13125,35393,2039
8293,2026-09-11,KrzysztofKruk,t3a,720575940560487219,27583,35367,2056
8294,2026-09-11,KrzysztofKruk,GluMI,720575940585224571,14262,35395,1645
8295,2026-09-11,KrzysztofKruk,t5o,720575940561366920,21560,35392,1816
8296,2026-09-11,KrzysztofKruk,RBC,720575940574420694,28621,35369,2030
8297,2026-09-11,KrzysztofKruk,t2,720575940571327442,18770,35444,1820
8298,2026-09-11,KrzysztofKruk,t1,720575940583694279,22929,35432,2038
8299,2026-09-11,KrzysztofKruk,t1,720575940562826805,15307,35391,1966
8300,2026-09-12,KrzysztofKruk,t7,720575940565976438,29614,35848,2046
8301,2026-09-12,KrzysztofKruk,RBC,720575940564611958,26227,35715,2008
8302,2026-09-12,KrzysztofKruk,RBC,720575940559466039,25949,35637,1995
8303,2026-09-12,KrzysztofKruk,RBC,720575940563416388,17307,35592,1882
8304,2026-09-12,KrzysztofKruk,RBC,720575940575218101,18430,35648,1995
8305,2026-09-12,KrzysztofKruk,t3b,720575940573091140,28075,35809,2045
8306,2026-09-12,KrzysztofKruk,t5o,720575940560775991,29081,35619,1990
8307,2026-09-12,KrzysztofKruk,t2,720575940575851561,27165,35636,2040
8308,2026-09-12,KrzysztofKruk,RBC,720575940564769348,22790,35473,2032
8309,2026-09-12,KrzysztofKruk,RBC,720575940560769694,15185,35727,2044
8310,2026-09-12,KrzysztofKruk,RBC,720575940576294857,30821,35745,2033
8311,2026-09-12,KrzysztofKruk,RBC,720575940576623657,30198,35502,2023
8312,2026-09-12,KrzysztofKruk,t2,720575940578087235,22006,35531,1844
8313,2026-09-12,KrzysztofKruk,RBC,720575940571982740,13998,35769,1996
8314,2026-09-12,KrzysztofKruk,t5i,720575940568656902,20503,35884,2027
8315,2026-09-12,KrzysztofKruk,t2,720575940579280425,28103,35875,2037
8316,2026-09-12,KrzysztofKruk,RBC,720575940566499741,19192,35514,2024
8317,2026-09-12,KrzysztofKruk,t6,720575940553590143,30186,35556,1991
8318,2026-09-12,KrzysztofKruk,XBC,720575940567247901,21092,35560,1843
8319,2026-09-12,KrzysztofKruk,t5o,720575940572971844,27600,35454,2008
8320,2026-09-12,KrzysztofKruk,t3a,720575940565301741,18165,35917,1835
8321,2026-09-12,KrzysztofKruk,t6,720575940555686680,17755,35783,1808
8322,2026-09-12,KrzysztofKruk,RBC,720575940569958217,25793,35558,2036
8323,2026-09-12,KrzysztofKruk,RBC,720575940567248157,21332,35678,2012
8324,2026-09-12,KrzysztofKruk,t3a,720575940579712949,28712,35815,2040
8325,2026-09-12,KrzysztofKruk,t5i,720575940570770704,18715,35613,2055
8326,2026-09-12,KrzysztofKruk,t2,720575940550761684,16634,35851,1857
8327,2026-09-12,KrzysztofKruk,t1,720575940554710029,13621,35822,1782
8328,2026-09-12,KrzysztofKruk,t3a,720575940573568726,14723,35816,2023
8329,2026-09-12,KrzysztofKruk,t5i,720575940558219567,26459,35682,2023
8330,2026-09-12,KrzysztofKruk,t4,720575940569803670,29920,35640,2057
8331,2026-09-12,KrzysztofKruk,RBC,720575940564594038,25064,35505,1974
8332,2026-09-12,KrzysztofKruk,RBC,720575940575854633,27742,35849,2003
8333,2026-09-12,KrzysztofKruk,t3b,720575940559456055,27357,35543,2047
8334,2026-09-12,KrzysztofKruk,4,720575940570295583,27158,35670,2039
8335,2026-09-12,KrzysztofKruk,t4,720575940581233552,13135,35647,2014
8336,2026-09-12,KrzysztofKruk,t2,720575940557858100,31821,35707,2003
8337,2026-09-12,KrzysztofKruk,RBC,720575940559878455,27337,35578,2014
8338,2026-09-12,KrzysztofKruk,t3a,720575940576272937,30639,35659,2022
8339,2026-09-12,KrzysztofKruk,t5i,720575940554448023,21977,35703,1852
8340,2026-09-12,KrzysztofKruk,t6,720575940575490249,29429,35867,2049
8341,2026-09-12,KrzysztofKruk,?,720575940556373222,22501,35608,1685
8342,2026-09-12,KrzysztofKruk,RBC,720575940576299209,30891,35809,2015
8343,2026-09-12,KrzysztofKruk,t3b,720575940575526089,29546,35835,1982
8344,2026-09-12,KrzysztofKruk,t5i,720575940565162656,15806,35700,2055
8345,2026-09-12,KrzysztofKruk,RBC,720575940573068356,28850,35869,1979
8346,2026-09-12,KrzysztofKruk,RBC,720575940576189129,29167,35698,2025
8347,2026-09-12,KrzysztofKruk,RBC,720575940560770462,14746,35800,2020
8348,2026-09-12,KrzysztofKruk,t3a,720575940555457792,24248,35814,2062
8349,2026-09-12,KrzysztofKruk,RBC,720575940571900626,19253,35855,1982
8350,2026-09-12,KrzysztofKruk,t5i,720575940560487731,19794,35641,1910
8351,2026-09-12,KrzysztofKruk,t3a,720575940561048931,25942,35602,2008
8352,2026-09-12,KrzysztofKruk,t6,720575940564593782,25023,35738,2011
8353,2026-09-12,KrzysztofKruk,t5i,720575940565734311,27936,35536,1962
8354,2026-09-12,KrzysztofKruk,t5t,720575940551330107,17204,35916,1826
8355,2026-09-12,KrzysztofKruk,?,720575940571927593,24111,35900,2029
8356,2026-09-12,KrzysztofKruk,RBC,720575940564595062,24720,35831,2047
8357,2026-09-12,KrzysztofKruk,t5t,720575940553723841,31730,35536,1879
8358,2026-09-12,KrzysztofKruk,t5o,720575940559346647,19497,35698,1936
8359,2026-09-12,KrzysztofKruk,XBC,720575940559346903,27665,35832,2033
8360,2026-09-12,KrzysztofKruk,t2,720575940575619765,17815,35868,1750
8361,2026-09-12,KrzysztofKruk,RBC,720575940553891857,31255,35504,2049
8362,2026-09-12,KrzysztofKruk,t6,720575940567501161,24104,35558,1893
8363,2026-09-12,KrzysztofKruk,RBC,720575940570250569,28783,35860,1976
8364,2026-09-12,KrzysztofKruk,RBC,720575940573816534,15505,35722,2008
8365,2026-09-12,KrzysztofKruk,t1,720575940586559542,28623,35892,1736
8366,2026-09-12,KrzysztofKruk,RBC,720575940571535570,19116,35819,2019
8367,2026-09-12,KrzysztofKruk,?,720575940576623913,30978,35569,2001
8368,2026-09-12,KrzysztofKruk,t3b,720575940575479753,29584,35506,1991
8369,2026-09-12,KrzysztofKruk,RBC,720575940576275241,30241,35918,2006
8370,2026-09-12,KrzysztofKruk,RBC,720575940565402436,20807,35790,2030
8371,2026-09-12,KrzysztofKruk,GluMI,720575940553313607,24583,35894,1854
8372,2026-09-13,KrzysztofKruk,t2,720575940555686936,26094,36124,1999
8373,2026-09-13,KrzysztofKruk,RBC,720575940564596086,25965,36088,2022
8374,2026-09-13,KrzysztofKruk,t3b,720575940564586052,22401,36184,1931
8375,2026-09-13,KrzysztofKruk,t6,720575940570145274,14261,36056,1997
8376,2026-09-13,KrzysztofKruk,RBC,720575940551261438,31314,35947,1182
8377,2026-09-13,KrzysztofKruk,t4,720575940549256579,21355,35942,1833
8378,2026-09-13,KrzysztofKruk,GluMI,720575940571068437,16837,36121,1949
8379,2026-09-13,KrzysztofKruk,RBC,720575940571926313,23512,35991,2028
8380,2026-09-13,KrzysztofKruk,t5i,720575940572199348,23504,35955,1848
8381,2026-09-13,KrzysztofKruk,t6,720575940575862569,27319,36172,2020
8382,2026-09-13,KrzysztofKruk,RBC,720575940573559510,15031,36176,1984
8383,2026-09-13,KrzysztofKruk,t6,720575940570153801,28291,35978,2022
8384,2026-09-13,KrzysztofKruk,t7,720575940560155703,26417,35958,2056
8385,2026-09-13,KrzysztofKruk,GluMI,720575940569380797,23461,36169,1571
8386,2026-09-13,KrzysztofKruk,t5i,720575940565189021,27613,36039,2042
8387,2026-09-13,KrzysztofKruk,RBC,720575940564228420,22667,35995,2010
8388,2026-09-13,KrzysztofKruk,t1,720575940573504324,32820,36025,2034
8389,2026-09-13,KrzysztofKruk,t6,720575940576627241,32083,36173,2025
8390,2026-09-13,KrzysztofKruk,t6,720575940565942902,30748,35940,1942
8391,2026-09-13,KrzysztofKruk,t7,720575940569149769,28178,36008,2040
8392,2026-09-13,KrzysztofKruk,t5i,720575940569960265,25521,36000,1768
8393,2026-09-13,KrzysztofKruk,t5i,720575940570145530,26152,36070,1931
8394,2026-09-13,KrzysztofKruk,t3a,720575940571194411,24807,36083,1349
8395,2026-09-13,KrzysztofKruk,RBC,720575940570521929,28140,35974,2018
8396,2026-09-13,KrzysztofKruk,t5o,720575940567502441,21387,36153,2045
8397,2026-09-13,KrzysztofKruk,t5t,720575940553591423,24562,36008,1649
8398,2026-09-13,KrzysztofKruk,GluMI,720575940562865463,29479,36072,1714
8399,2026-09-13,KrzysztofKruk,t5i,720575940552191830,31184,35976,1972
8400,2026-09-13,KrzysztofKruk,t5i,720575940567281666,24020,36162,1811
8401,2026-09-13,KrzysztofKruk,t5o,720575940569363017,25713,36126,1943
8402,2026-09-13,KrzysztofKruk,RBC,720575940570151161,24477,36063,1923
8403,2026-09-13,KrzysztofKruk,t3b,720575940570117330,18517,36086,1957
8404,2026-09-13,KrzysztofKruk,t1,720575940564682308,22617,36013,2018
8405,2026-09-13,KrzysztofKruk,RBC,720575940572199604,32721,35967,2033
8406,2026-09-13,KrzysztofKruk,t5i,720575940573839975,22772,36162,1988
8407,2026-09-13,KrzysztofKruk,RBC,720575940565945462,29866,35988,2055
8408,2026-09-13,KrzysztofKruk,t1,720575940560034359,28317,35972,2027
8409,2026-09-13,KrzysztofKruk,RBC,720575940575889705,32209,35994,1991
8410,2026-09-13,KrzysztofKruk,t3b,720575940575469001,31856,36054,2031
8411,2026-09-13,KrzysztofKruk,t7,720575940567502441,12784,36133,2029
8412,2026-09-13,KrzysztofKruk,t7,720575940565682475,23986,36025,1824
8413,2026-09-13,KrzysztofKruk,t5o,720575940572098857,22361,36055,1730
8414,2026-09-13,KrzysztofKruk,GluMI,720575940579546037,25364,36467,1577
8415,2026-09-13,KrzysztofKruk,RBC,720575940578096821,20032,35968,1986
8416,2026-09-13,KrzysztofKruk,RBC,720575940575864617,26850,35985,1999
8417,2026-09-13,KrzysztofKruk,t2,720575940571074581,15538,36112,1972
8418,2026-09-13,KrzysztofKruk,t7,720575940575860777,27366,36169,2004
8419,2026-09-13,KrzysztofKruk,t4,720575940559406820,21523,35935,1873
8420,2026-09-14,KrzysztofKruk,RBC,720575940575861801,27507,36602,1976
8421,2026-09-14,Nseraf,RBC,720575940539190707,28578,37109,2032
8422,2026-09-14,KrzysztofKruk,RBC,720575940564962201,33127,36701,2022
8423,2026-09-14,Nseraf,RBC,720575940565204543,24572,37102,2007
8424,2026-09-14,KrzysztofKruk,GluMI,720575940571505064,22715,36562,1504
8425,2026-09-14,KrzysztofKruk,RBC,720575940575528137,30484,36480,1975
8426,2026-09-14,Nseraf,t2,720575940564805564,25116,33058,2007
8427,2026-09-14,Nseraf,RBC,720575940562028572,25271,33041,2003
8428,2026-09-14,KrzysztofKruk,RBC,720575940565743659,24215,36693,2032
8429,2026-09-14,KrzysztofKruk,t7,720575940579225644,22780,36717,2057
8430,2026-09-14,Nseraf,RBC,720575940574712473,24970,33080,1960
8431,2026-09-14,KrzysztofKruk,4,720575940581578097,31060,36592,2029
8432,2026-09-14,Nseraf,t7,720575940558808067,24693,33137,2043
8433,2026-09-14,KrzysztofKruk,t5i,720575940578627132,33157,36738,2017
8434,2026-09-14,Nseraf,t7,720575940568447137,25588,33020,2015
8435,2026-09-14,KrzysztofKruk,t6,720575940575849653,17406,36680,1966
8436,2026-09-14,KrzysztofKruk,RBC,720575940565938038,31443,36718,2023
8437,2026-09-14,Nseraf,t6,720575940557085155,22858,33119,1984
8438,2026-09-14,Nseraf,t5i,720575940564361239,12899,33110,2051
8439,2026-09-14,Nseraf,t1,720575940581951321,16801,33157,1847
8440,2026-09-14,KrzysztofKruk,t4,720575940578726165,30988,36603,1771
8441,2026-09-14,KrzysztofKruk,t4,720575940564625057,32053,36752,1998
8442,2026-09-14,KrzysztofKruk,t5o,720575940573857895,31379,36740,1999
8443,2026-09-14,Nseraf,RBC,720575940568404280,26626,37114,2057
8444,2026-09-14,Nseraf,t6,720575940571941150,27909,33077,2018
8445,2026-09-14,KrzysztofKruk,RBC,720575940572722244,29131,36734,2053
8446,2026-09-14,Nseraf,RBC,720575940579964008,13227,37151,2055
8447,2026-09-14,KrzysztofKruk,RBC,720575940576336688,19242,36500,2003
8448,2026-09-14,KrzysztofKruk,t2,720575940575887401,31839,36666,1954
8449,2026-09-14,KrzysztofKruk,t3b,720575940571347922,19042,36649,2008
8450,2026-09-14,Nseraf,t3a,720575940560199303,31903,37116,2004
8451,2026-09-14,Nseraf,RBC,720575940554592090,30635,37123,1965
8452,2026-09-14,Nseraf,RBC,720575940581859736,26050,33129,1992
8453,2026-09-14,KrzysztofKruk,t5t,720575940568453793,33011,36696,1951
8454,2026-09-14,Nseraf,t3a,720575940579963496,16755,37133,2013
8455,2026-09-14,Nseraf,t8,720575940562398350,26266,33070,1710
8456,2026-09-14,KrzysztofKruk,t3b,720575940572602153,28467,36705,1998
8457,2026-09-14,Nseraf,t6,720575940552191783,24674,33125,2035
8458,2026-09-14,Nseraf,RBC,720575940554592346,31866,37132,2010
8459,2026-09-14,KrzysztofKruk,t3b,720575940558058499,29198,36757,2054
8460,2026-09-14,KrzysztofKruk,RBC,720575940564237985,27046,36563,978
8461,2026-09-14,KrzysztofKruk,t3b,720575940569956169,26748,36630,1971
8462,2026-09-14,KrzysztofKruk,RBC,720575940579552181,25847,36698,2004
8463,2026-09-14,Nseraf,RBC,720575940561411729,16542,37111,2024
8464,2026-09-14,Nseraf,RBC,720575940563638092,22114,33067,2001
8465,2026-09-14,Nseraf,t7,720575940567271453,33986,37154,2026
8466,2026-09-14,KrzysztofKruk,t2,720575940571974098,23106,36742,1869
8467,2026-09-14,KrzysztofKruk,t1,720575940584714286,16481,36582,1841
8468,2026-09-14,KrzysztofKruk,t2,720575940570609225,30812,36595,2013
8469,2026-09-14,Nseraf,RBC,720575940568887671,12661,37116,2056
8470,2026-09-14,Nseraf,t6,720575940577199353,21449,33105,2006
8471,2026-09-14,Nseraf,RBC,720575940567104642,24875,33111,2026
8472,2026-09-14,Nseraf,RBC,720575940552333221,14163,37155,2036
8473,2026-09-14,Nseraf,t3a,720575940581251728,14089,33083,2011
8474,2026-09-14,KrzysztofKruk,t5o,720575940569411847,17352,36635,2059
8475,2026-09-14,KrzysztofKruk,RBC,720575940560010551,26803,36696,2017
8476,2026-09-14,Nseraf,t4,720575940571942686,26157,37140,2052
8477,2026-09-14,KrzysztofKruk,t2,720575940582667629,28390,36727,1978
8478,2026-09-14,KrzysztofKruk,t6,720575940570185545,27118,36504,2042
8479,2026-09-14,KrzysztofKruk,t5t,720575940565670955,23658,36700,1701
8480,2026-09-14,Nseraf,t2,720575940564270197,22849,33155,1992
8481,2026-09-14,KrzysztofKruk,RBC,720575940556750472,33671,36642,2027
8482,2026-09-14,Nseraf,t3b,720575940568450721,26191,37151,2025
8483,2026-09-14,Nseraf,RBC,720575940570649712,26954,33103,2028
8484,2026-09-14,Nseraf,t1,720575940584271422,28451,33110,1855
8485,2026-09-14,Nseraf,t5i,720575940566363727,24834,33102,2007
8486,2026-09-14,KrzysztofKruk,t5i,720575940552333477,32569,36503,1932
8487,2026-09-14,Nseraf,GluMI,720575940564758312,18532,33031,1644
8488,2026-09-14,KrzysztofKruk,RBC,720575940575862057,27172,36524,1978
8489,2026-09-14,KrzysztofKruk,RBC,720575940570727497,31337,36715,2040
8490,2026-09-14,KrzysztofKruk,RBC,720575940571291602,16900,36605,2023
8491,2026-09-14,KrzysztofKruk,RBC,720575940571955092,13582,36710,2037
8492,2026-09-14,Nseraf,RBC,720575940570126262,28469,37120,2024
8493,2026-09-14,KrzysztofKruk,t5i,720575940564762664,12553,36695,2015
8494,2026-09-14,KrzysztofKruk,4,720575940556484828,16858,36612,2037
8495,2026-09-14,KrzysztofKruk,t2,720575940579967080,28485,36720,2018
8496,2026-09-14,KrzysztofKruk,RBC,720575940571098322,18286,36537,2019
8497,2026-09-14,KrzysztofKruk,t2,720575940576337968,31737,36699,2016
8498,2026-09-14,KrzysztofKruk,t3a,720575940553278023,25130,36513,1887
8499,2026-09-14,Nseraf,GluMI,720575940579223596,20154,33104,1697
8500,2026-09-14,KrzysztofKruk,t4,720575940570732617,31067,36594,2004
8501,2026-09-14,KrzysztofKruk,t3a,720575940563252036,17504,36474,1857
8502,2026-09-14,KrzysztofKruk,t3a,720575940578625340,27164,36579,2004
8503,2026-09-14,Nseraf,RBC,720575940565032219,28139,33079,1976
8504,2026-09-14,KrzysztofKruk,XBC,720575940573857639,33108,36660,2014
8505,2026-09-14,KrzysztofKruk,RBC,720575940574542357,16408,36714,2023
8506,2026-09-14,KrzysztofKruk,RBC,720575940566347076,20490,36556,1992
8507,2026-09-14,KrzysztofKruk,t3a,720575940579629565,33127,36733,2027
8508,2026-09-14,KrzysztofKruk,t5t,720575940571098834,18676,36540,1929
8509,2026-09-14,KrzysztofKruk,t3b,720575940564384929,30464,36507,1975
8510,2026-09-14,KrzysztofKruk,t6,720575940560122431,16382,36744,2013
8511,2026-09-14,Nseraf,t8,720575940581251216,24648,33064,2040
8512,2026-09-14,Nseraf,t2,720575940579963752,24852,37146,1975
8513,2026-09-14,Nseraf,t2,720575940566805358,13012,33156,2022
8514,2026-09-14,KrzysztofKruk,RBC,720575940560478519,28001,36508,2018
8515,2026-09-14,KrzysztofKruk,t6,720575940559904823,30593,36512,2018
8516,2026-09-15,KrzysztofKruk,RBC,720575940560296688,15144,36788,1994
8517,2026-09-15,KrzysztofKruk,RBC,720575940566942788,19784,36791,1984
8518,2026-09-15,KrzysztofKruk,t5i,720575940571515816,21393,36843,2047
8519,2026-09-15,Nseraf,t4,720575940556738754,18886,37161,1989
8520,2026-09-15,Nseraf,t3b,720575940581866904,23375,37168,1864
8521,2026-09-15,KrzysztofKruk,RBC,720575940549631560,12929,36777,2036
8522,2026-09-15,KrzysztofKruk,t4,720575940564585796,22713,36851,1740
8523,2026-09-15,KrzysztofKruk,t5i,720575940566227812,19020,36822,2056
8524,2026-09-15,KrzysztofKruk,t1,720575940570491602,21488,36814,1856
8525,2026-09-15,KrzysztofKruk,t1,720575940579547829,25958,36862,1803
8526,2026-09-15,KrzysztofKruk,t2,720575940566385817,32741,36845,2041
8527,2026-09-15,KrzysztofKruk,t8,720575940554724877,13376,36796,2059
8528,2026-09-15,Nseraf,t6,720575940575618518,30727,37171,1997
8529,2026-09-15,KrzysztofKruk,t7,720575940553388872,12885,36771,2044
8530,2026-09-15,KrzysztofKruk,RBC,720575940575339986,26508,36818,1993
8531,2026-09-15,G Trakimas,t7,720575940556497372,32531,37331,2000
8532,2026-09-15,KrzysztofKruk,RBC,720575940576646697,31388,36788,2009
8533,2026-09-15,G Trakimas,t5o,720575940566227556,34289,37333,2042
8534,2026-09-15,KrzysztofKruk,GluMI,720575940566508445,13933,36813,1867
8535,2026-09-15,KrzysztofKruk,t6,720575940572100244,12986,36832,2016
8536,2026-09-15,Nseraf,t5i,720575940567523433,31469,37175,1987
8537,2026-09-15,KrzysztofKruk,RBC,720575940558618014,14450,36790,2019
8538,2026-09-15,KrzysztofKruk,RBC,720575940563332164,18326,36829,1969
8539,2026-09-15,KrzysztofKruk,RBC,720575940570726473,31060,36794,2059
8540,2026-09-15,KrzysztofKruk,t6,720575940565403254,29251,36777,1950
8541,2026-09-15,Nseraf,RBC,720575940556780658,19745,37160,1994
8542,2026-09-15,Nseraf,t4,720575940564761896,30661,37157,1989
8543,2026-09-15,KrzysztofKruk,t4,720575940570466964,13000,36848,2010
8544,2026-09-15,Nseraf,t3a,720575940568893303,28579,37171,2001
8545,2026-09-16,KrzysztofKruk,t4,720575940572976196,27752,37063,1997
8546,2026-09-16,KrzysztofKruk,t4,720575940560452510,13844,36958,2021
8547,2026-09-16,KrzysztofKruk,t2,720575940571097849,24367,36920,1929
8548,2026-09-16,KrzysztofKruk,t5i,720575940564201286,23478,37066,2055
8549,2026-09-16,KrzysztofKruk,GluMI,720575940553606783,18040,36869,1636
8550,2026-09-16,KrzysztofKruk,t5i,720575940560076855,26072,37066,1866
8551,2026-09-16,KrzysztofKruk,t3b,720575940564795972,23192,36937,2024
8552,2026-09-16,KrzysztofKruk,t8,720575940552313536,17947,36916,2022
8553,2026-09-16,KrzysztofKruk,GluMI,720575940560223111,26167,37038,1629
8554,2026-09-16,KrzysztofKruk,t7,720575940565451382,29566,36975,1945
8555,2026-09-16,KrzysztofKruk,t3b,720575940565183392,21900,36901,1904
8556,2026-09-16,KrzysztofKruk,t4,720575940572581010,29676,36932,2026
8557,2026-09-16,KrzysztofKruk,RBC,720575940573482962,23924,36922,1947
8558,2026-09-16,G Trakimas,RBC,720575940566571508,33211,37340,2016
8559,2026-09-16,KrzysztofKruk,RBC,720575940575122453,16656,37019,1955
8560,2026-09-16,KrzysztofKruk,t8,720575940564200518,33914,37029,2022
8561,2026-09-16,KrzysztofKruk,GluMI,720575940574343445,15927,37028,1663
8562,2026-09-16,KrzysztofKruk,t5i,720575940579296553,27380,37101,2036
8563,2026-09-16,KrzysztofKruk,RBC,720575940565360502,24734,37045,2008
8564,2026-09-16,KrzysztofKruk,t8,720575940576827345,24753,37012,2029
8565,2026-09-16,KrzysztofKruk,t6,720575940559641502,13857,37004,2016
8566,2026-09-16,KrzysztofKruk,RBC,720575940575922357,17564,37001,2020
8567,2026-09-16,G Trakimas,RBC,720575940565485380,17080,37337,1983
8568,2026-09-16,KrzysztofKruk,t5i,720575940560489638,17807,36892,1934
8569,2026-09-16,KrzysztofKruk,t6,720575940571164114,21826,37030,2013
8570,2026-09-16,KrzysztofKruk,t6,720575940568462753,31682,36878,2057
8571,2026-09-16,KrzysztofKruk,t5i,720575940556802030,27814,36946,2033
8572,2026-09-16,KrzysztofKruk,t4,720575940572631227,28949,36930,2003
8573,2026-09-16,KrzysztofKruk,t5t,720575940564551748,21681,36875,2031
8574,2026-09-16,G Trakimas,t5t,720575940568461473,32489,37355,2005
8575,2026-09-16,KrzysztofKruk,RBC,720575940564915617,27718,36983,2042
8576,2026-09-16,KrzysztofKruk,t3a,720575940575178677,18915,36885,1781
8577,2026-09-16,KrzysztofKruk,t5t,720575940563872766,20976,36899,1850
8578,2026-09-16,KrzysztofKruk,RBC,720575940558251055,30017,37027,2031
8579,2026-09-16,KrzysztofKruk,t5i,720575940553168352,33840,37045,2035
8580,2026-09-16,KrzysztofKruk,RBC,720575940567440793,32743,36907,2022
8581,2026-09-16,KrzysztofKruk,RBC,720575940570742345,26001,37468,2037
8582,2026-09-16,KrzysztofKruk,t5o,720575940556801518,18298,36911,1797
8583,2026-09-16,G Trakimas,t3b,720575940565183904,18467,37357,1858
8584,2026-09-16,KrzysztofKruk,t3b,720575940579676341,27803,36888,2018
8585,2026-09-16,KrzysztofKruk,RBC,720575940573821142,15405,36920,2053
8586,2026-09-16,KrzysztofKruk,RBC,720575940572104596,13904,36910,1977
8587,2026-09-16,KrzysztofKruk,t6,720575940566232694,30589,37039,2030
8588,2026-09-16,KrzysztofKruk,RBC,720575940562643869,14959,37021,1349
8589,2026-09-16,KrzysztofKruk,XBC,720575940558709575,20563,37000,2060
8590,2026-09-16,KrzysztofKruk,RBC,720575940559300036,33620,36986,1982
8591,2026-09-16,KrzysztofKruk,t1,720575940547519475,20032,36941,2026
8592,2026-09-16,KrzysztofKruk,t1,720575940571084025,24100,36912,1875
8593,2026-09-16,KrzysztofKruk,RBC,720575940569898233,23958,36929,1979
8594,2026-09-16,KrzysztofKruk,RBC,720575940576729385,25664,37076,1930
8595,2026-09-17,KrzysztofKruk,t5i,720575940581594481,32820,37608,2021
8596,2026-09-17,KrzysztofKruk,t2,720575940561471684,33977,37753,2027
8597,2026-09-17,G Trakimas,RBC,720575940563793732,20246,37368,2009
8598,2026-09-17,KrzysztofKruk,RBC,720575940573440329,31149,37582,2057
8599,2026-09-17,KrzysztofKruk,RBC,720575940556252552,33121,37524,2036
8600,2026-09-17,G Trakimas,t7,720575940575145682,27528,37359,2042
8601,2026-09-17,KrzysztofKruk,RBC,720575940573346002,18062,37666,2009
8602,2026-09-17,KrzysztofKruk,RBC,720575940565484868,16810,37809,2001
8603,2026-09-17,KrzysztofKruk,RBC,720575940571388882,20020,37821,2015
8604,2026-09-17,G Trakimas,4,720575940560223879,34315,37358,2028
8605,2026-09-17,KrzysztofKruk,t1,720575940551801826,27249,37666,1710
8606,2026-09-17,KrzysztofKruk,t5t,720575940572721697,24865,37630,2012
8607,2026-09-17,Nseraf,t5o,720575940566531229,22935,37246,2018
8608,2026-09-17,KrzysztofKruk,RBC,720575940575546313,32171,37797,2036
8609,2026-09-17,KrzysztofKruk,t2,720575940560602785,21250,37779,1925
8610,2026-09-17,KrzysztofKruk,t5o,720575940559282665,24982,37666,1788
8611,2026-09-17,Nseraf,RBC,720575940553395784,33170,37241,2010
8612,2026-09-17,KrzysztofKruk,t5o,720575940552540999,24292,37838,2042
8613,2026-09-17,KrzysztofKruk,RBC,720575940568905079,23065,37824,1968
8614,2026-09-17,KrzysztofKruk,t6,720575940578744853,21236,37714,1906
8615,2026-09-17,KrzysztofKruk,t1,720575940553396040,21022,37568,2016
8616,2026-09-17,KrzysztofKruk,t5i,720575940580232146,22359,37532,2061
8617,2026-09-17,G Trakimas,t2,720575940554183511,20779,37369,1518
8618,2026-09-17,KrzysztofKruk,RBC,720575940557022856,35111,37796,2031
8619,2026-09-17,KrzysztofKruk,t3b,720575940576612649,16260,37492,2064
8620,2026-09-17,KrzysztofKruk,RBC,720575940570557769,27225,37691,2033
8621,2026-09-17,KrzysztofKruk,t8,720575940558715463,33537,37752,2015
8622,2026-09-17,KrzysztofKruk,t5o,720575940565958262,29975,37511,2037
8623,2026-09-17,KrzysztofKruk,t6,720575940564208198,14824,37711,2018
8624,2026-09-17,Nseraf,RBC,720575940561894065,34292,37238,2042
8625,2026-09-17,KrzysztofKruk,t7,720575940553833287,24357,37646,1747
8626,2026-09-17,Nseraf,t5t,720575940539198131,34034,37175,1697
8627,2026-09-17,KrzysztofKruk,RBC,720575940547257672,15944,37655,1998
8628,2026-09-17,KrzysztofKruk,t5i,720575940578050490,31662,37686,2033
8629,2026-09-17,KrzysztofKruk,t2,720575940563423402,34533,37535,2047
8630,2026-09-17,Nseraf,t5t,720575940560972235,19011,37209,1789
8631,2026-09-17,KrzysztofKruk,t2,720575940566874180,17042,37493,1997
8632,2026-09-17,KrzysztofKruk,RBC,720575940576612649,29246,37487,2026
8633,2026-09-17,KrzysztofKruk,t4,720575940576607017,30595,37505,2000
8634,2026-09-17,KrzysztofKruk,t7,720575940575345097,28382,37647,2031
8635,2026-09-17,KrzysztofKruk,t5t,720575940564571972,23071,37470,1978
8636,2026-09-17,KrzysztofKruk,t8,720575940559661860,30831,37603,2037
8637,2026-09-17,KrzysztofKruk,RBC,720575940576612905,30249,37470,2004
8638,2026-09-17,KrzysztofKruk,t2,720575940563355033,33151,37578,2028
8639,2026-09-17,KrzysztofKruk,RBC,720575940568788474,14552,37756,2036
8640,2026-09-17,KrzysztofKruk,RBC,720575940573440585,31770,37636,2001
8641,2026-09-17,KrzysztofKruk,t2,720575940558715207,24405,37659,1766
8642,2026-09-17,KrzysztofKruk,t3a,720575940558957180,29187,37502,2029
8643,2026-09-17,KrzysztofKruk,t5i,720575940563345643,23596,37805,2045
8644,2026-09-17,KrzysztofKruk,t7,720575940576628777,29220,37571,2019
8645,2026-09-17,KrzysztofKruk,t5i,720575940575389641,28175,37572,2033
8646,2026-09-17,KrzysztofKruk,t6,720575940573439817,31625,37651,2037
8647,2026-09-17,KrzysztofKruk,t6,720575940557877812,27829,37771,2026
8648,2026-09-17,KrzysztofKruk,t3b,720575940580233426,23000,37656,1372
8649,2026-09-17,KrzysztofKruk,t3b,720575940560612513,23298,37830,2029
8650,2026-09-17,G Trakimas,t2,720575940572061749,31272,37362,2000
8651,2026-09-17,KrzysztofKruk,RBC,720575940578080949,17470,37653,2001
8652,2026-09-17,KrzysztofKruk,RBC,720575940553373696,32799,37673,1994
8653,2026-09-17,KrzysztofKruk,t2,720575940563648076,25965,37822,1973
8654,2026-09-17,KrzysztofKruk,t2,720575940559771959,25800,37485,1978
8655,2026-09-17,KrzysztofKruk,GluMI,720575940577003957,20460,37767,1644
8656,2026-09-17,KrzysztofKruk,t7,720575940561484421,13106,37505,2038
8657,2026-09-17,KrzysztofKruk,t2,720575940577173566,35065,37827,1971
8658,2026-09-17,Nseraf,t5i,720575940579303721,27141,37238,2037
8659,2026-09-17,KrzysztofKruk,t5i,720575940553736897,34015,37746,2008
8660,2026-09-17,G Trakimas,RBC,720575940560550558,14523,37364,2050
8661,2026-09-17,KrzysztofKruk,t3a,720575940574936388,34006,37726,2058
8662,2026-09-17,KrzysztofKruk,t6,720575940572135721,22408,37807,1887
8663,2026-09-17,KrzysztofKruk,t6,720575940556598408,34829,37801,2017
8664,2026-09-17,KrzysztofKruk,RBC,720575940561471172,33606,37786,2062
8665,2026-09-17,KrzysztofKruk,RBC,720575940571990729,23996,37800,2059
8666,2026-09-17,KrzysztofKruk,t3b,720575940575929385,31712,37653,1997
8667,2026-09-17,Nseraf,RBC,720575940559433274,12585,37182,2042
8668,2026-09-17,KrzysztofKruk,t6,720575940565361270,25939,37633,1812
8669,2026-09-17,Nseraf,t3b,720575940581593969,34265,37247,2053
8670,2026-09-17,KrzysztofKruk,t3b,720575940572335830,14804,37683,2002
8671,2026-09-17,KrzysztofKruk,RBC,720575940570639177,28861,37706,2031
8672,2026-09-17,Nseraf,GluMI,720575940583617918,27282,37243,1780
8673,2026-09-17,KrzysztofKruk,RBC,720575940560538273,20792,37829,2050
8674,2026-09-17,KrzysztofKruk,t6,720575940557565338,29136,37514,2043
8675,2026-09-17,KrzysztofKruk,t4,720575940572700118,13848,37740,1996
8676,2026-09-17,KrzysztofKruk,t3a,720575940579305257,21430,37626,2013
8677,2026-09-17,KrzysztofKruk,t5i,720575940559434298,24708,37671,2043
8678,2026-09-17,KrzysztofKruk,t2,720575940564467873,27846,37785,1981
8679,2026-09-17,KrzysztofKruk,RBC,720575940580226762,31932,37587,2057
8680,2026-09-17,KrzysztofKruk,RBC,720575940559282921,27884,37796,1996
8681,2026-09-17,KrzysztofKruk,RBC,720575940564916385,27231,37792,2002
8682,2026-09-17,KrzysztofKruk,t2,720575940560509854,14191,37585,1951
8683,2026-09-17,KrzysztofKruk,t6,720575940570541266,17805,37563,2016
8684,2026-09-17,Nseraf,t3b,720575940549729992,31529,37233,1988
8685,2026-09-17,KrzysztofKruk,GluMI,720575940564789800,15548,37717,2056
8686,2026-09-17,KrzysztofKruk,t5t,720575940579304233,33188,37510,2020
8687,2026-09-17,KrzysztofKruk,t5t,720575940578112835,14871,37629,1909
8688,2026-09-17,KrzysztofKruk,t4,720575940575518153,31947,37662,2041
8689,2026-09-17,KrzysztofKruk,t3b,720575940564549203,20066,37810,2006
8690,2026-09-17,KrzysztofKruk,t3b,720575940566682469,32799,37621,1987
8691,2026-09-18,KrzysztofKruk,t1,720575940560457118,14499,38113,1832
8692,2026-09-18,KrzysztofKruk,GluMI,720575940539200691,28829,38132,1759
8693,2026-09-18,G Trakimas,RBC,720575940571425490,18155,38166,2060
8694,2026-09-18,KrzysztofKruk,t7,720575940576799413,17525,37867,1785
8695,2026-09-18,KrzysztofKruk,RBC,720575940570742857,25323,38009,2019
8696,2026-09-18,KrzysztofKruk,t6,720575940576152617,27998,37937,2054
8697,2026-09-18,KrzysztofKruk,GluMI,720575940549737160,35448,38114,1958
8698,2026-09-18,KrzysztofKruk,RBC,720575940560590241,21308,38104,1961
8699,2026-09-18,KrzysztofKruk,RBC,720575940570541778,16927,38135,2026
8700,2026-09-18,KrzysztofKruk,XBC,720575940556944154,34474,38019,2030
8701,2026-09-18,KrzysztofKruk,t3a,720575940570138713,33435,38048,1988
8702,2026-09-18,KrzysztofKruk,t5o,720575940576606249,30905,37917,1940
8703,2026-09-18,KrzysztofKruk,RBC,720575940575945513,31476,37889,2025
8704,2026-09-18,KrzysztofKruk,RBC,720575940571383506,19077,37945,2055
8705,2026-09-18,G Trakimas,t3b,720575940583213576,22752,37450,1857
8706,2026-09-18,KrzysztofKruk,t6,720575940559641246,12682,37990,2011
8707,2026-09-18,Nseraf,RBC,720575940569834902,13737,37320,1976
8708,2026-09-18,G Trakimas,t6,720575940561470404,34300,37381,2013
8709,2026-09-18,Nseraf,RBC,720575940578122819,19796,38322,1994
8710,2026-09-18,KrzysztofKruk,RBC,720575940576630313,30091,37905,1995
8711,2026-09-18,KrzysztofKruk,t7,720575940560560033,23463,37859,1789
8712,2026-09-18,G Trakimas,RBC,720575940564424587,26481,37428,2031
8713,2026-09-18,G Trakimas,t2,720575940581710077,31993,37413,1993
8714,2026-09-18,Nseraf,t1,720575940590171796,22954,37249,1976
8715,2026-09-18,KrzysztofKruk,t2,720575940560232583,30060,37956,2008
8716,2026-09-18,Nseraf,t5o,720575940558775183,33116,37263,2046
8717,2026-09-18,KrzysztofKruk,t3b,720575940571654905,24340,38075,1876
8718,2026-09-18,KrzysztofKruk,t2,720575940577789365,22201,37876,1825
8719,2026-09-18,KrzysztofKruk,t2,720575940565362244,20006,38044,1993
8720,2026-09-18,KrzysztofKruk,t4,720575940585563859,33254,38088,1990
8721,2026-09-18,KrzysztofKruk,t7,720575940569428743,26970,38093,1971
8722,2026-09-18,KrzysztofKruk,t5o,720575940570541522,17071,38063,2051
8723,2026-09-18,KrzysztofKruk,t6,720575940565361732,18868,38071,1968
8724,2026-09-18,KrzysztofKruk,t3b,720575940547251016,14968,37939,1881
8725,2026-09-18,G Trakimas,t6,720575940565008025,32488,37462,2010
8726,2026-09-18,KrzysztofKruk,XBC,720575940562243152,22315,38104,1817
8727,2026-09-18,KrzysztofKruk,t7,720575940560584609,22649,38128,1875
8728,2026-09-18,Nseraf,t8,720575940564797480,27770,37325,2034
8729,2026-09-18,KrzysztofKruk,RBC,720575940576606505,30707,37980,2000
8730,2026-09-18,KrzysztofKruk,t5i,720575940555732104,34448,37879,2029
8731,2026-09-18,G Trakimas,RBC,720575940550252360,12784,37435,1975
8732,2026-09-18,KrzysztofKruk,RBC,720575940575918377,29559,37858,2004
8733,2026-09-18,KrzysztofKruk,t2,720575940560642359,27346,37843,2031
8734,2026-09-18,KrzysztofKruk,t7,720575940564865697,29444,38051,2040
8735,2026-09-18,KrzysztofKruk,t6,720575940565071684,23654,37978,2001
8736,2026-09-18,KrzysztofKruk,4,720575940549197497,29528,37866,1997
8737,2026-09-18,KrzysztofKruk,RBC,720575940570554441,27566,38118,2015
8738,2026-09-18,KrzysztofKruk,XBC,720575940562243408,13188,38110,2029
8739,2026-09-18,Nseraf,RBC,720575940570000971,20608,38326,2001
8740,2026-09-18,G Trakimas,t6,720575940574598688,32148,37465,1374
8741,2026-09-18,G Trakimas,RBC,720575940547256904,15748,38166,1985
8742,2026-09-18,Nseraf,RBC,720575940563030922,32443,37280,2033
8743,2026-09-18,G Trakimas,t3a,720575940581594737,12717,37379,2046
8744,2026-09-18,Nseraf,t2,720575940574795244,26559,37265,1930
8745,2026-09-18,Nseraf,t5i,720575940564209990,19835,37287,1897
8746,2026-09-18,KrzysztofKruk,t3a,720575940547217480,13149,38048,1972
8747,2026-09-18,Nseraf,RBC,720575940569015029,29741,37306,1939
8748,2026-09-18,KrzysztofKruk,RBC,720575940576629801,28901,37887,1955
8749,2026-09-18,KrzysztofKruk,t5t,720575940559666468,33305,38117,2033
8750,2026-09-18,Nseraf,RBC,720575940568472737,18324,37277,2035
8751,2026-09-18,KrzysztofKruk,RBC,720575940576115241,28447,37895,2021
8752,2026-09-18,KrzysztofKruk,RBC,720575940550254152,13152,38037,2018
8753,2026-09-18,KrzysztofKruk,t3a,720575940560583841,22950,38021,1830
8754,2026-09-18,G Trakimas,?,720575940549822854,27898,37439,1720
8755,2026-09-18,KrzysztofKruk,t6,720575940559432932,17505,37902,1980
8756,2026-09-18,KrzysztofKruk,t5t,720575940574796268,32000,38161,2015
8757,2026-09-18,G Trakimas,t3a,720575940560631710,12759,37413,2048
8758,2026-09-18,Nseraf,t2,720575940553744833,22575,37262,1787
8759,2026-09-18,KrzysztofKruk,t1,720575940568740434,13188,37937,2008
8760,2026-09-18,KrzysztofKruk,t8,720575940564109743,34901,38073,2020
8761,2026-09-18,KrzysztofKruk,t4,720575940561405064,28847,37912,2012
8762,2026-09-18,G Trakimas,GluMI,720575940567399577,30691,37436,1781
8763,2026-09-18,KrzysztofKruk,t6,720575940555322019,31478,37912,1989
8764,2026-09-18,Nseraf,?,720575940579238956,26730,37265,1975
8765,2026-09-18,KrzysztofKruk,RBC,720575940557494152,34135,38054,1996
8766,2026-09-18,KrzysztofKruk,t7,720575940545502377,35463,38078,1918
8767,2026-09-18,KrzysztofKruk,t3b,720575940561486532,34114,38036,2031
8768,2026-09-18,KrzysztofKruk,?,720575940570740297,25619,38052,2029
8769,2026-09-18,KrzysztofKruk,t7,720575940557813224,20806,37890,1814
8770,2026-09-18,KrzysztofKruk,t6,720575940571772626,19451,37862,1989
8771,2026-09-18,KrzysztofKruk,t6,720575940555060055,12654,38548,1994
8772,2026-09-18,KrzysztofKruk,t5t,720575940580233162,20562,37967,1984
8773,2026-09-18,KrzysztofKruk,t4,720575940564579233,27861,37849,2019
8774,2026-09-18,KrzysztofKruk,RBC,720575940570639945,28138,38011,2016
8775,2026-09-18,G Trakimas,GluMI,720575940570267858,19715,37429,1754
8776,2026-09-18,KrzysztofKruk,t3b,720575940559450820,34897,38039,2005
8777,2026-09-18,KrzysztofKruk,t3b,720575940560599457,22587,38145,1819
8778,2026-09-18,KrzysztofKruk,t6,720575940572350297,33367,37923,2055
8779,2026-09-18,KrzysztofKruk,RBC,720575940577284926,34468,37984,2010
8780,2026-09-18,KrzysztofKruk,RBC,720575940565500022,27969,38062,2038
8781,2026-09-18,G Trakimas,t5i,720575940558866816,13663,37448,2038
8782,2026-09-18,KrzysztofKruk,RBC,720575940577283390,34886,37998,2036
8783,2026-09-18,KrzysztofKruk,RBC,720575940579308329,14396,37998,2009
8784,2026-09-18,KrzysztofKruk,t3a,720575940575910441,31086,38011,2014
8785,2026-09-18,G Trakimas,t3b,720575940563606430,30210,38165,2018
8786,2026-09-18,KrzysztofKruk,t5i,720575940557494920,35381,38037,2029
8787,2026-09-18,KrzysztofKruk,RBC,720575940547211592,15675,38024,2047
8788,2026-09-18,G Trakimas,t2,720575940561486276,33212,37401,1965
8789,2026-09-18,G Trakimas,t1,720575940567297565,28244,37426,2011
8790,2026-09-18,KrzysztofKruk,t1,720575940569999691,34418,37845,2032
8791,2026-09-18,KrzysztofKruk,t2,720575940571944415,30757,37997,1944
8792,2026-09-18,Nseraf,t3b,720575940571822443,29741,37263,1972
8793,2026-09-18,KrzysztofKruk,RBC,720575940557034376,35460,38015,1987
8794,2026-09-18,KrzysztofKruk,t3b,720575940575910185,31077,38077,1980
8795,2026-09-18,KrzysztofKruk,t5t,720575940561492458,24004,37864,1976
8796,2026-09-18,Nseraf,RBC,720575940572710348,19233,37294,2050
8797,2026-09-18,KrzysztofKruk,t8,720575940556807150,16604,37911,2033
8798,2026-09-18,Nseraf,t1,720575940576831941,34273,37297,2007
8799,2026-09-18,G Trakimas,t3b,720575940569833366,27467,37428,2054
8800,2026-09-18,KrzysztofKruk,RBC,720575940575918121,29643,38068,2024
8801,2026-09-18,KrzysztofKruk,RBC,720575940556547464,34830,37868,1978
8802,2026-09-18,KrzysztofKruk,t6,720575940576629289,29593,38054,2014
8803,2026-09-18,KrzysztofKruk,RBC,720575940574795756,18559,38010,2030
8804,2026-09-18,Nseraf,RBC,720575940555464230,23800,37293,1986
8805,2026-09-18,KrzysztofKruk,t6,720575940560603553,23282,37848,1887
8806,2026-09-18,G Trakimas,RBC,720575940560550814,15449,37394,1960
8807,2026-09-18,Nseraf,XBC,720575940559195334,29376,37319,2017
8808,2026-09-18,Nseraf,RBC,720575940560981963,24185,37324,2021
8809,2026-09-18,KrzysztofKruk,t6,720575940570316575,30639,37924,2044
8810,2026-09-18,KrzysztofKruk,RBC,720575940568049519,13683,37883,1955
8811,2026-09-19,KrzysztofKruk,t5t,720575940560584097,22589,38765,2064
8812,2026-09-19,KrzysztofKruk,RBC,720575940559370199,14151,38932,2032
8813,2026-09-19,KrzysztofKruk,RBC,720575940576153129,28000,38608,2031
8814,2026-09-19,KrzysztofKruk,RBC,720575940575559113,32645,38789,1989
8815,2026-09-19,KrzysztofKruk,t3a,720575940568633306,33354,38888,2042
8816,2026-09-19,KrzysztofKruk,t7,720575940560170845,34257,38706,1983
8817,2026-09-19,KrzysztofKruk,t6,720575940569823305,28469,38549,2024
8818,2026-09-19,KrzysztofKruk,t4,720575940574211841,29460,38769,1360
8819,2026-09-19,KrzysztofKruk,RBC,720575940575946793,31572,38705,2018
8820,2026-09-19,KrzysztofKruk,GluMI,720575940548016901,29405,38565,1722
8821,2026-09-19,KrzysztofKruk,t5o,720575940564785220,18534,38686,1813
8822,2026-09-19,KrzysztofKruk,t3b,720575940564671300,18869,38808,2055
8823,2026-09-19,KrzysztofKruk,t3a,720575940567288740,24223,38964,1863
8824,2026-09-19,KrzysztofKruk,RBC,720575940561512132,35877,38691,2017
8825,2026-09-19,KrzysztofKruk,RBC,720575940575916329,29277,38808,1983
8826,2026-09-19,KrzysztofKruk,t4,720575940566810521,33310,38887,2011
8827,2026-09-19,KrzysztofKruk,t1,720575940547228744,13402,38627,2014
8828,2026-09-19,KrzysztofKruk,t3b,720575940575486153,30268,38949,2013
8829,2026-09-19,KrzysztofKruk,t2,720575940558219058,23304,38862,2063
8830,2026-09-19,KrzysztofKruk,t3a,720575940559196614,28334,38876,2054
8831,2026-09-19,KrzysztofKruk,t2,720575940552650816,27618,38658,1853
8832,2026-09-19,KrzysztofKruk,t5t,720575940588643837,35883,38650,1998
8833,2026-09-19,KrzysztofKruk,t3a,720575940559196358,31162,38711,2023
8834,2026-09-19,KrzysztofKruk,RBC,720575940576605993,29793,38719,2030
8835,2026-09-19,KrzysztofKruk,t1,720575940560444469,16396,38592,1830
8836,2026-09-19,KrzysztofKruk,t1,720575940568867190,31860,38881,2062
8837,2026-09-19,KrzysztofKruk,t6,720575940564834236,24104,38789,2045
8838,2026-09-19,KrzysztofKruk,t5i,720575940571416018,18930,38869,2054
8839,2026-09-19,KrzysztofKruk,RBC,720575940573438793,31203,38694,2019
8840,2026-09-19,KrzysztofKruk,t2,720575940561405576,31122,38662,2013
8841,2026-09-19,KrzysztofKruk,t6,720575940556119058,18582,38734,1970
8842,2026-09-19,G Trakimas,t2,720575940547249992,14608,38169,2056
8843,2026-09-19,KrzysztofKruk,RBC,720575940564927094,28671,38892,2018
8844,2026-09-19,KrzysztofKruk,RBC,720575940550251080,12797,38935,2045
8845,2026-09-19,KrzysztofKruk,t6,720575940581891480,26989,38830,2045
8846,2026-09-19,KrzysztofKruk,?,720575940564975697,31552,38713,2006
8847,2026-09-19,KrzysztofKruk,t5i,720575940576071753,24534,38747,2028
8848,2026-09-19,KrzysztofKruk,RBC,720575940571827922,19988,38838,2008
8849,2026-09-19,KrzysztofKruk,t1,720575940574796524,26803,38552,1966
8850,2026-09-19,KrzysztofKruk,GluMI,720575940559523012,35457,38701,2033
8851,2026-09-19,G Trakimas,t3b,720575940563096549,17988,38167,1984
8852,2026-09-19,KrzysztofKruk,RBC,720575940563880190,28888,38834,2045
8853,2026-09-19,KrzysztofKruk,RBC,720575940560644151,25399,38697,1947
8854,2026-09-19,KrzysztofKruk,t5i,720575940570388408,34092,38729,2041
8855,2026-09-19,KrzysztofKruk,t5i,720575940566244196,29650,38718,2028
8856,2026-09-19,KrzysztofKruk,t2,720575940561341380,34883,38924,1963
8857,2026-09-19,KrzysztofKruk,t5i,720575940549198009,16897,38695,1839
8858,2026-09-19,KrzysztofKruk,t6,720575940577284670,34914,38890,2060
8859,2026-09-19,KrzysztofKruk,RBC,720575940577321397,17144,38626,2060
8860,2026-09-19,KrzysztofKruk,RBC,720575940579734269,32940,38826,2026
8861,2026-09-19,KrzysztofKruk,t6,720575940565029529,33315,38910,2002
8862,2026-09-19,KrzysztofKruk,RBC,720575940561508036,35441,38780,2009
8863,2026-09-19,KrzysztofKruk,t6,720575940563880446,22392,38922,2061
8864,2026-09-19,KrzysztofKruk,t5i,720575940557112035,19528,38582,1986
8865,2026-09-19,KrzysztofKruk,RBC,720575940573661654,13366,38653,1993
8866,2026-09-19,KrzysztofKruk,t3b,720575940564834492,17378,38821,2015
8867,2026-09-19,KrzysztofKruk,RBC,720575940562632511,16383,38806,1972
8868,2026-09-19,KrzysztofKruk,RBC,720575940564672580,16753,38682,1979
8869,2026-09-19,KrzysztofKruk,GluMI,720575940547669077,12909,38939,1682
8870,2026-09-19,KrzysztofKruk,t2,720575940578375839,34243,38608,2024
8871,2026-09-19,KrzysztofKruk,t3b,720575940571950889,22021,38607,1957
8872,2026-09-19,KrzysztofKruk,?,720575940565362756,19698,38913,1985
8873,2026-09-19,KrzysztofKruk,RBC,720575940556394377,20675,38810,2032
8874,2026-09-19,KrzysztofKruk,t3b,720575940579615294,34904,38851,1960
8875,2026-09-19,KrzysztofKruk,t3a,720575940558261295,23879,38839,1852
8876,2026-09-19,KrzysztofKruk,t3a,720575940572332587,35302,38855,2019
8877,2026-09-19,KrzysztofKruk,t7,720575940558748868,35915,38945,1978
8878,2026-09-19,KrzysztofKruk,t5i,720575940579773949,33358,38780,2024
8879,2026-09-19,KrzysztofKruk,t2,720575940560176324,36456,38958,2053
8880,2026-09-19,KrzysztofKruk,t3b,720575940570544969,24990,38871,1770
8881,2026-09-19,KrzysztofKruk,t6,720575940570557001,27203,38578,1965
8882,2026-09-19,KrzysztofKruk,t6,720575940556550792,35297,38697,2031
8883,2026-09-19,KrzysztofKruk,t3a,720575940556544392,34177,38715,2019
8884,2026-09-19,KrzysztofKruk,t3a,720575940578746133,32241,38836,2055
8885,2026-09-19,KrzysztofKruk,t3b,720575940581890712,29370,38604,1070
8886,2026-09-19,KrzysztofKruk,t5i,720575940553782783,18038,38827,1990
8887,2026-09-19,KrzysztofKruk,t3b,720575940579615550,34813,38953,2011
8888,2026-09-19,KrzysztofKruk,t1,720575940560083723,20938,38941,2040
8889,2026-09-19,KrzysztofKruk,t3a,720575940565988470,25792,38952,1955
8890,2026-09-19,KrzysztofKruk,RBC,720575940577285950,34765,38912,2060
8891,2026-09-19,KrzysztofKruk,RBC,720575940570553417,25891,38660,1994
8892,2026-09-19,KrzysztofKruk,t4,720575940569805234,33384,38845,2005
8893,2026-09-19,KrzysztofKruk,RBC,720575940575421621,18791,38632,2021
8894,2026-09-19,KrzysztofKruk,RBC,720575940556300936,35317,38847,1994
8895,2026-09-19,KrzysztofKruk,t5o,720575940558140450,34245,38767,1971
8896,2026-09-19,KrzysztofKruk,t6,720575940577285182,34217,38692,1974
8897,2026-09-19,KrzysztofKruk,RBC,720575940556547720,34999,38966,2031
8898,2026-09-19,KrzysztofKruk,t6,720575940563650124,26259,38685,2039
8899,2026-09-19,KrzysztofKruk,RBC,720575940575504585,29776,38833,2022
8900,2026-09-19,KrzysztofKruk,t7,720575940579694845,33291,38812,2041
8901,2026-09-19,KrzysztofKruk,t3b,720575940571693010,19844,38721,2043
8902,2026-09-19,KrzysztofKruk,RBC,720575940575918889,30270,38941,2000
8903,2026-09-19,KrzysztofKruk,t2,720575940556542344,35036,38928,1963
8904,2026-09-19,KrzysztofKruk,RBC,720575940564915361,27131,38871,2024
8905,2026-09-19,KrzysztofKruk,XBC,720575940564834748,32202,38865,2008
8906,2026-09-19,KrzysztofKruk,RBC,720575940560552862,15799,38723,2003
8907,2026-09-19,KrzysztofKruk,RBC,720575940573666518,14659,38674,2041
8908,2026-09-19,KrzysztofKruk,RBC,720575940560605601,23904,38827,1973
8909,2026-09-19,KrzysztofKruk,RBC,720575940565954934,25107,38839,2010
8910,2026-09-19,KrzysztofKruk,?,720575940569805490,15840,38303,1845
8911,2026-09-19,KrzysztofKruk,t2,720575940575676181,16417,38885,2011
8912,2026-09-19,KrzysztofKruk,?,720575940553563300,15138,38803,1704
8913,2026-09-20,Nseraf,GluMI,720575940580234954,17902,38394,2059
8914,2026-09-20,KrzysztofKruk,t7,720575940564578977,27460,38980,2056
8915,2026-09-20,KrzysztofKruk,t6,720575940571411154,19043,39006,2040
8916,2026-09-20,KrzysztofKruk,RBC,720575940556548744,33786,39033,1996
8917,2026-09-20,Nseraf,RBC,720575940561898417,33799,38475,2020
8918,2026-09-20,KrzysztofKruk,RBC,720575940571409618,19432,38993,2005
8919,2026-09-20,Nseraf,t7,720575940552212263,14289,38364,2001
8920,2026-09-20,Nseraf,t2,720575940578659644,23314,38451,1849
8921,2026-09-20,KrzysztofKruk,RBC,720575940557034120,35880,39052,1991
8922,2026-09-20,Nseraf,RBC,720575940559667236,20175,38396,2061
8923,2026-09-20,Nseraf,t7,720575940562056220,29980,38496,2039
8924,2026-09-20,Nseraf,RBC,720575940563651404,28664,38429,2020
8925,2026-09-20,Nseraf,RBC,720575940559453242,33704,38447,2045
8926,2026-09-20,KrzysztofKruk,t5t,720575940575952169,29361,39073,1916
8927,2026-09-20,KrzysztofKruk,t5i,720575940565386959,26010,39073,1890
8928,2026-09-20,Nseraf,RBC,720575940570758596,27449,38484,2054
8929,2026-09-20,KrzysztofKruk,GluMI,720575940563650636,17220,39053,1724
8930,2026-09-20,KrzysztofKruk,t6,720575940574339093,15898,38983,2030
8931,2026-09-20,Nseraf,t5t,720575940575633366,30254,38438,2001
8932,2026-09-20,KrzysztofKruk,t3b,720575940559859749,15158,39134,2031
8933,2026-09-20,KrzysztofKruk,t1,720575940561084259,25307,39043,2045
8934,2026-09-20,Nseraf,t5i,720575940579989096,12506,38359,1993
8935,2026-09-20,KrzysztofKruk,RBC,720575940576427189,18866,38995,2017
8936,2026-09-20,Nseraf,RBC,720575940557825602,15968,38387,2019
8937,2026-09-20,KrzysztofKruk,RBC,720575940561937885,24522,39134,1974
8938,2026-09-20,Nseraf,t5i,720575940574800108,31953,38459,1935
8939,2026-09-20,KrzysztofKruk,t2,720575940552213031,35899,38997,1961
8940,2026-09-20,Nseraf,t3a,720575940569562892,14206,38407,2018
8941,2026-09-20,G Trakimas,t4,720575940573661910,13087,38193,1995
8942,2026-09-20,KrzysztofKruk,t2,720575940575513545,30633,39109,2027
8943,2026-09-20,Nseraf,GluMI,720575940563274969,26100,38429,1676
8944,2026-09-20,Nseraf,RBC,720575940572545452,29825,38456,2053
8945,2026-09-20,KrzysztofKruk,t3b,720575940570410066,19333,39142,2040
8946,2026-09-20,Nseraf,RBC,720575940557819770,34932,38406,2026
8947,2026-09-20,KrzysztofKruk,RBC,720575940564838076,12686,39143,2034
8948,2026-09-20,KrzysztofKruk,RBC,720575940570640713,28488,39134,1999
8949,2026-09-20,KrzysztofKruk,t8,720575940560499366,17777,38967,1556
8950,2026-09-20,KrzysztofKruk,t7,720575940578376607,26417,39094,1276
8951,2026-09-20,G Trakimas,RBC,720575940560644407,25074,38173,1999
8952,2026-09-20,Nseraf,RBC,720575940561157723,12659,38488,2003
8953,2026-09-20,KrzysztofKruk,RBC,720575940582041721,33263,39100,2040
8954,2026-09-20,Nseraf,RBC,720575940569564428,21104,38441,1973
8955,2026-09-20,G Trakimas,RBC,720575940550251848,13006,38184,2026
8956,2026-09-20,KrzysztofKruk,RBC,720575940576628521,30789,39080,1996
8957,2026-09-20,Nseraf,t5i,720575940565746855,22362,38422,1909
8958,2026-09-20,Nseraf,t2,720575940556414950,28797,38482,1985
8959,2026-09-20,KrzysztofKruk,t2,720575940560535713,22040,39017,1858
8960,2026-09-20,KrzysztofKruk,RBC,720575940563805467,13695,39166,2019
8961,2026-09-20,Nseraf,t5i,720575940578123587,30989,38368,2002
8962,2026-09-20,KrzysztofKruk,t8,720575940568051210,22212,39023,1862
8963,2026-09-20,Nseraf,RBC,720575940566583028,25911,38419,2019
8964,2026-09-20,KrzysztofKruk,RBC,720575940560551070,15269,39060,2048
8965,2026-09-20,Nseraf,t4,720575940560987339,21342,38434,1856
8966,2026-09-20,KrzysztofKruk,t1,720575940570757572,36330,38976,1828
8967,2026-09-20,KrzysztofKruk,RBC,720575940575097269,17025,39104,1981
8968,2026-09-20,Nseraf,RBC,720575940570120270,33003,38327,2031
8969,2026-09-20,KrzysztofKruk,t3b,720575940573889639,24725,39131,1952
8970,2026-09-20,G Trakimas,t5o,720575940570406482,13803,38181,2031
8971,2026-09-20,G Trakimas,RBC,720575940560590753,22049,38178,2050
8972,2026-09-20,G Trakimas,RBC,720575940567368396,16234,38180,2023
8973,2026-09-20,Nseraf,RBC,720575940557823810,20187,38337,1765
8974,2026-09-20,Nseraf,RBC,720575940570120782,17866,38344,2018
8975,2026-09-20,KrzysztofKruk,RBC,720575940572309908,13700,39136,2039
8976,2026-09-20,Nseraf,RBC,720575940574800364,19247,38473,2021
8977,2026-09-20,KrzysztofKruk,RBC,720575940547209288,13933,38993,2038
8978,2026-09-20,KrzysztofKruk,t5i,720575940569015797,36445,39036,2012
8979,2026-09-20,KrzysztofKruk,t5i,720575940562273571,21568,39147,1926
8980,2026-09-20,Nseraf,RBC,720575940565386191,14245,38385,2012
8981,2026-09-20,Nseraf,RBC,720575940570414669,13946,38495,2001
8982,2026-09-20,KrzysztofKruk,RBC,720575940578081205,17539,39043,1996
8983,2026-09-20,Nseraf,RBC,720575940571577625,15847,38367,1958
8984,2026-09-20,Nseraf,RBC,720575940559452218,19298,38437,2032
8985,2026-09-20,KrzysztofKruk,t6,720575940564361399,14839,39117,1997
8986,2026-09-20,KrzysztofKruk,t5o,720575940557112291,25792,39002,1721
8987,2026-09-20,KrzysztofKruk,RBC,720575940565206596,16723,39146,2035
8988,2026-09-20,Nseraf,RBC,720575940583622526,20079,38425,2042
8989,2026-09-20,KrzysztofKruk,t5o,720575940557525380,15645,38978,1828
8990,2026-09-21,Nseraf,t4,720575940568915319,31275,39567,2027
8991,2026-09-21,Nseraf,RBC,720575940549830278,34530,39668,2016
8992,2026-09-21,G Trakimas,t6,720575940575643350,15897,38217,1344
8993,2026-09-21,KrzysztofKruk,RBC,720575940560599713,21628,39185,2013
8994,2026-09-21,KrzysztofKruk,t6,720575940577284158,34540,39278,1972
8995,2026-09-21,KrzysztofKruk,t1,720575940574321173,15967,39242,1746
8996,2026-09-21,G Trakimas,t5i,720575940558735687,29729,38197,1983
8997,2026-09-21,KrzysztofKruk,RBC,720575940575558857,32045,39326,2005
8998,2026-09-21,Nseraf,RBC,720575940539204787,18198,39553,2008
8999,2026-09-21,KrzysztofKruk,RBC,720575940556298632,34568,39315,2043
9000,2026-09-21,KrzysztofKruk,RBC,720575940547218248,16094,39309,2004
9001,2026-09-21,Nseraf,t4,720575940562422803,12737,39641,2059
9002,2026-09-21,Nseraf,RBC,720575940564296309,18890,39575,2033
9003,2026-09-21,Nseraf,RBC,720575940552224854,18225,38517,2024
9004,2026-09-21,KrzysztofKruk,t4,720575940575637013,16042,39295,2062
9005,2026-09-21,KrzysztofKruk,RBC,720575940547244872,15874,39289,2028
9006,2026-09-21,KrzysztofKruk,t6,720575940577683325,24126,39250,1748
9007,2026-09-21,Nseraf,t2,720575940553420786,20691,39651,1918
9008,2026-09-21,KrzysztofKruk,t5i,720575940566690661,24284,39166,1974
9009,2026-09-21,KrzysztofKruk,t3b,720575940559190950,12691,39181,1999
9010,2026-09-21,KrzysztofKruk,t2,720575940575951657,29836,39303,2007
9011,2026-09-21,KrzysztofKruk,RBC,720575940573760982,14266,39253,1982
9012,2026-09-21,KrzysztofKruk,t2,720575940566021163,23841,39260,1882
9013,2026-09-21,KrzysztofKruk,t5t,720575940561479876,35171,39237,1974
9014,2026-09-21,KrzysztofKruk,RBC,720575940575943721,31788,39219,2021
9015,2026-09-21,KrzysztofKruk,RBC,720575940577441717,20044,39179,1993
9016,2026-09-21,Nseraf,RBC,720575940567295396,33126,39547,1983
9017,2026-09-21,Nseraf,t7,720575940578660668,31886,38511,1995
9018,2026-09-21,KrzysztofKruk,t2,720575940547257416,15526,39255,2004
9019,2026-09-21,Nseraf,t3a,720575940574821356,19148,39668,1879
9020,2026-09-21,KrzysztofKruk,t5i,720575940576073289,34579,39284,1998
9021,2026-09-21,KrzysztofKruk,t5o,720575940552447401,23390,39218,2052
9022,2026-09-21,Nseraf,RBC,720575940570151350,35295,39645,1984
9023,2026-09-21,G Trakimas,RBC,720575940570542290,17165,38219,2040
9024,2026-09-21,Nseraf,GluMI,720575940572442161,15909,39623,1708
9025,2026-09-21,Nseraf,RBC,720575940563651660,37492,39534,1937
9026,2026-09-21,Nseraf,t4,720575940563608222,24838,39639,1809
9027,2026-09-21,Nseraf,RBC,720575940576072777,24421,39640,2010
9028,2026-09-21,Nseraf,t6,720575940560988875,29687,38503,1993
9029,2026-09-21,KrzysztofKruk,t3b,720575940566841497,33233,39186,1989
9030,2026-09-21,Nseraf,t2,720575940580001896,30350,39547,1881
9031,2026-09-21,KrzysztofKruk,RBC,720575940559292649,35405,39207,1983
9032,2026-09-21,KrzysztofKruk,RBC,720575940573433161,29786,39303,1974
9033,2026-09-21,Nseraf,RBC,720575940574820076,18827,39555,2026
9034,2026-09-21,Nseraf,RBC,720575940572601746,33660,39581,1947
9035,2026-09-21,KrzysztofKruk,t5i,720575940577797950,36818,39292,2018
9036,2026-09-21,KrzysztofKruk,?,720575940564564804,18343,39168,2018
9037,2026-09-21,KrzysztofKruk,t3b,720575940561509572,35850,39333,2027
9038,2026-09-21,KrzysztofKruk,t4,720575940561508804,36562,39259,2046
9039,2026-09-21,Nseraf,t5t,720575940562056476,34286,38541,2048
9040,2026-09-21,Nseraf,t5i,720575940569024757,21857,39565,1110
9041,2026-09-21,Nseraf,t1,720575940572440113,23067,39549,2021
9042,2026-09-21,Nseraf,RBC,720575940576362032,32598,39557,2006
9043,2026-09-21,KrzysztofKruk,RBC,720575940563710957,32981,39275,2028
9044,2026-09-21,Nseraf,t6,720575940569433095,33666,39642,2009
9045,2026-09-21,Nseraf,RBC,720575940569432839,28135,39632,1944
9046,2026-09-21,KrzysztofKruk,t3a,720575940556304008,35889,39331,2049
9047,2026-09-21,KrzysztofKruk,RBC,720575940575552201,31946,39215,1984
9048,2026-09-21,KrzysztofKruk,RBC,720575940575097525,16741,39237,2010
9049,2026-09-21,Nseraf,t3b,720575940580005736,23325,39671,1906
9050,2026-09-21,KrzysztofKruk,RBC,720575940570500681,26725,39170,2008
9051,2026-09-21,Nseraf,t7,720575940565280731,33197,38532,1999
9052,2026-09-21,Nseraf,RBC,720575940558749686,31650,39586,2041
9053,2026-09-21,Nseraf,t4,720575940578377119,37083,39535,2018
9054,2026-09-21,KrzysztofKruk,RBC,720575940556548232,35146,39209,1992
9055,2026-09-21,Nseraf,t1,720575940572602514,16555,39613,1730
9056,2026-09-21,Nseraf,t5t,720575940563435434,18447,39653,1901
9057,2026-09-21,KrzysztofKruk,t3a,720575940570500937,27918,39238,1932
9058,2026-09-21,Nseraf,RBC,720575940562068508,15825,39672,2005
9059,2026-09-21,Nseraf,GluMI,720575940577137679,31229,39592,2037
9060,2026-09-21,KrzysztofKruk,RBC,720575940576426677,18101,39268,2056
9061,2026-09-21,KrzysztofKruk,RBC,720575940556319112,36579,39221,2019
9062,2026-09-21,Nseraf,t3a,720575940573440073,31919,38541,2012
9063,2026-09-21,KrzysztofKruk,t7,720575940556297864,33910,39269,2027
9064,2026-09-21,KrzysztofKruk,RBC,720575940559580215,25712,39326,2055
9065,2026-09-21,KrzysztofKruk,t5o,720575940566840729,32922,39235,2038
9066,2026-09-21,KrzysztofKruk,t5i,720575940557127651,35234,39191,2046
9067,2026-09-21,Nseraf,t1,720575940562422035,29921,39632,1836
9068,2026-09-21,Nseraf,t3b,720575940575948841,30800,38540,2062
9069,2026-09-21,KrzysztofKruk,?,720575940565191840,35072,39223,2009
9070,2026-09-21,Nseraf,?,720575940562056988,32609,39526,2003
9071,2026-09-21,KrzysztofKruk,RBC,720575940576156457,25489,39219,1964
9072,2026-09-21,Nseraf,t5i,720575940553419506,15432,39592,2052
9073,2026-09-21,KrzysztofKruk,t6,720575940556313736,35849,39309,2002
9074,2026-09-21,Nseraf,GluMI,720575940556398217,19335,38509,1659
9075,2026-09-21,Nseraf,t2,720575940588644349,12824,39580,2057
9076,2026-09-21,Nseraf,t2,720575940580005224,25999,39660,1822
9077,2026-09-21,G Trakimas,RBC,720575940559641758,13479,38209,1975
9078,2026-09-22,KrzysztofKruk,RBC,720575940576738089,27723,39384,1998
9079,2026-09-22,G Trakimas,t5t,720575940564446091,15187,38235,1986
9080,2026-09-22,Nseraf,t7,720575940564569427,22910,39694,2063
9081,2026-09-22,KrzysztofKruk,RBC,720575940575541961,31452,39363,2044
9082,2026-09-22,Nseraf,t3b,720575940566541213,15104,39726,1984
9083,2026-09-22,KrzysztofKruk,RBC,720575940576427445,18203,39494,2021
9084,2026-09-22,G Trakimas,XBC,720575940553628031,26979,37301,2029
9085,2026-09-22,KrzysztofKruk,t2,720575940559674916,21253,39516,1827
9086,2026-09-22,Nseraf,t5i,720575940569584652,35899,39840,2032
9087,2026-09-22,KrzysztofKruk,t3a,720575940575096501,16877,39971,2027
9088,2026-09-22,Nseraf,t5i,720575940564221254,26650,39841,1907
9089,2026-09-22,Nseraf,t6,720575940562802878,23253,39715,1847
9090,2026-09-22,Nseraf,t5o,720575940565352173,14560,39852,1825
9091,2026-09-22,G Trakimas,?,720575940576729129,25241,38246,2003
9092,2026-09-22,KrzysztofKruk,RBC,720575940570743881,26465,39476,2001
9093,2026-09-22,Nseraf,t4,720575940575645654,23707,39676,1911
9094,2026-09-22,Nseraf,t6,720575940571953119,31286,39694,1979
9095,2026-09-22,Nseraf,RBC,720575940564762285,34123,39843,2032
9096,2026-09-22,KrzysztofKruk,RBC,720575940578457662,35739,39419,1994
9097,2026-09-22,KrzysztofKruk,t3b,720575940575997481,28178,39474,1912
9098,2026-09-22,Nseraf,GluMI,720575940574153372,17600,39688,1701
9099,2026-09-22,Nseraf,t5i,720575940556438246,31225,39743,1989
9100,2026-09-22,KrzysztofKruk,RBC,720575940577880382,37620,39524,2031
9101,2026-09-22,KrzysztofKruk,t2,720575940539216563,35876,39465,2059
9102,2026-09-22,Nseraf,?,720575940585276027,35015,39811,2012
9103,2026-09-22,KrzysztofKruk,t2,720575940574219265,35331,39964,2041
9104,2026-09-22,Nseraf,RBC,720575940553932049,27645,39838,2017
9105,2026-09-22,KrzysztofKruk,t5t,720575940565362500,20061,39518,1825
9106,2026-09-22,Nseraf,RBC,720575940557833704,16506,39871,2035
9107,2026-09-22,KrzysztofKruk,RBC,720575940575943977,32663,39475,1997
9108,2026-09-22,Nseraf,RBC,720575940564303221,24743,39678,2027
9109,2026-09-22,Nseraf,RBC,720575940584295998,35938,39886,2019
9110,2026-09-22,Nseraf,RBC,720575940568571388,13473,39837,2032
9111,2026-09-22,KrzysztofKruk,t3a,720575940573433417,30098,39350,1990
9112,2026-09-22,KrzysztofKruk,t4,720575940576912565,21099,39495,1942
9113,2026-09-22,Nseraf,t6,720575940564448395,35048,39795,2029
9114,2026-09-22,Nseraf,RBC,720575940553751489,15773,39756,1977
9115,2026-09-22,Nseraf,GluMI,720575940581978457,26881,39720,2012
9116,2026-09-22,Nseraf,t7,720575940565206585,22413,39555,816
9117,2026-09-22,KrzysztofKruk,RBC,720575940547218504,13044,39437,2007
9118,2026-09-22,KrzysztofKruk,RBC,720575940557035400,33340,39411,2054
9119,2026-09-22,KrzysztofKruk,RBC,720575940561339844,34167,39429,1976
9120,2026-09-22,Nseraf,t3b,720575940564221766,34059,39861,2058
9121,2026-09-22,Nseraf,t3b,720575940553629823,34550,39708,2013
9122,2026-09-22,KrzysztofKruk,t3b,720575940549312131,27796,39400,2045
9123,2026-09-22,Nseraf,t6,720575940566539933,18872,39725,1998
9124,2026-09-22,Nseraf,t7,720575940575590136,29002,39779,1932
9125,2026-09-22,KrzysztofKruk,t3a,720575940560529313,22555,39441,1841
9126,2026-09-22,KrzysztofKruk,RBC,720575940573598166,15329,39358,1980
9127,2026-09-22,Nseraf,RBC,720575940553747649,26912,39691,1997
9128,2026-09-22,KrzysztofKruk,RBC,720575940547226184,14708,39421,2000
9129,2026-09-22,KrzysztofKruk,t8,720575940564854204,30770,39353,1972
9130,2026-09-22,KrzysztofKruk,t7,720575940556383112,36901,39431,2036
9131,2026-09-22,KrzysztofKruk,t5t,720575940558886596,37506,39504,1989
9132,2026-09-22,Nseraf,t6,720575940583733191,17745,39827,2041
9133,2026-09-22,KrzysztofKruk,t4,720575940561338820,34184,39365,1982
9134,2026-09-22,Nseraf,t6,720575940556767938,14740,39806,1996
9135,2026-09-22,Nseraf,RBC,720575940575588856,35513,39728,2003
9136,2026-09-22,KrzysztofKruk,t2,720575940578704446,37097,39422,1988
9137,2026-09-22,G Trakimas,t6,720575940575918633,30214,38242,2031
9138,2026-09-22,Nseraf,RBC,720575940568169580,17460,39793,2025
9139,2026-09-22,Nseraf,t7,720575940570719348,35000,39758,2025
9140,2026-09-22,Nseraf,4,720575940564761517,24735,39717,2057
9141,2026-09-22,KrzysztofKruk,t6,720575940577036989,37089,39354,2035
9142,2026-09-22,Nseraf,t6,720575940562802622,31862,39695,1450
9143,2026-09-22,G Trakimas,RBC,720575940575955497,30018,38250,2006
9144,2026-09-22,KrzysztofKruk,t6,720575940575096245,17388,39354,2007
9145,2026-09-22,G Trakimas,RBC,720575940575558601,32080,38248,2045
9146,2026-09-22,KrzysztofKruk,GluMI,720575940574157980,28136,39458,1658
9147,2026-09-22,Nseraf,t7,720575940570681968,17213,39774,2045
9148,2026-09-22,KrzysztofKruk,RBC,720575940556194952,37085,39496,2019
9149,2026-09-22,Nseraf,t5i,720575940569840534,35095,39817,1973
9150,2026-09-22,Nseraf,t3a,720575940560518822,29403,39799,1863
9151,2026-09-22,KrzysztofKruk,t3b,720575940573161817,33330,39474,2047
9152,2026-09-22,Nseraf,t5t,720575940570819600,35092,39800,2030
9153,2026-09-22,KrzysztofKruk,RBC,720575940539216051,19492,39367,2060
9154,2026-09-22,Nseraf,RBC,720575940562126684,18446,39829,2031
9155,2026-09-22,KrzysztofKruk,GluMI,720575940552101447,17034,39969,1730
9156,2026-09-22,KrzysztofKruk,t2,720575940561471428,34163,39480,1992
9157,2026-09-22,Nseraf,?,720575940574153628,22634,39689,1813
9158,2026-09-22,KrzysztofKruk,GluMI,720575940576849617,30772,39503,1724
9159,2026-09-22,Nseraf,t6,720575940557833448,29671,39843,1768
9160,2026-09-22,KrzysztofKruk,t6,720575940569840022,35574,39406,2030
9161,2026-09-22,KrzysztofKruk,t3b,720575940560672708,37073,39508,2012
9162,2026-09-22,KrzysztofKruk,RBC,720575940582689901,30802,39381,1982
9163,2026-09-22,KrzysztofKruk,t2,720575940560547998,13113,39484,2015
9164,2026-09-22,KrzysztofKruk,RBC,720575940547231560,13275,39339,2053
9165,2026-09-22,Nseraf,t5i,720575940560235399,27955,39763,2029
9166,2026-09-22,KrzysztofKruk,t2,720575940567448985,32107,39335,2008
9167,2026-09-22,KrzysztofKruk,t3b,720575940581709821,32607,39449,2017
9168,2026-09-22,Nseraf,t5i,720575940557831912,36268,39767,2040
9169,2026-09-22,KrzysztofKruk,t2,720575940565529924,19701,39373,2035
9170,2026-09-22,KrzysztofKruk,GluMI,720575940575792841,31877,39498,2036
9171,2026-09-22,KrzysztofKruk,RBC,720575940556520584,35902,39397,2023
9172,2026-09-23,G Trakimas,t4,720575940568647521,32035,38251,2054
9173,2026-09-23,Nseraf,t7,720575940561462929,30376,39923,2029
9174,2026-09-23,Nseraf,t4,720575940553640319,20994,40311,2058
9175,2026-09-23,Nseraf,RBC,720575940569877133,14028,40377,2017
9176,2026-09-23,KrzysztofKruk,t3b,720575940567980114,16874,40098,1903
9177,2026-09-23,Nseraf,RBC,720575940569875853,27738,40267,2041
9178,2026-09-23,KrzysztofKruk,t7,720575940560614146,13817,40045,1997
9179,2026-09-23,G Trakimas,t6,720575940564785476,17183,38266,2027
9180,2026-09-23,Nseraf,RBC,720575940580014537,22517,40297,1903
9181,2026-09-23,KrzysztofKruk,GluMI,720575940575115837,28746,40087,1667
9182,2026-09-23,Nseraf,RBC,720575940548029189,26694,40350,2038
9183,2026-09-23,Nseraf,RBC,720575940570435666,17455,40264,2030
9184,2026-09-23,Nseraf,t4,720575940577693053,21682,39906,1811
9185,2026-09-23,KrzysztofKruk,RBC,720575940565660459,16835,39978,2053
9186,2026-09-23,KrzysztofKruk,t5i,720575940559681828,25659,40199,2059
9187,2026-09-23,KrzysztofKruk,RBC,720575940576820603,14273,40110,2047
9188,2026-09-23,G Trakimas,t2,720575940571950377,21804,38258,1716
9189,2026-09-23,KrzysztofKruk,RBC,720575940570744393,25225,40185,2013
9190,2026-09-23,KrzysztofKruk,t7,720575940564229298,24229,40166,1894
9191,2026-09-23,KrzysztofKruk,t7,720575940560616194,12673,40057,2031
9192,2026-09-23,Nseraf,t5o,720575940571965407,29706,39921,1905
9193,2026-09-23,Nseraf,t7,720575940553416008,36393,39894,2062
9194,2026-09-23,Nseraf,t5i,720575940553641599,20885,40334,1383
9195,2026-09-23,KrzysztofKruk,t3b,720575940555686536,35714,40143,2005
9196,2026-09-23,KrzysztofKruk,t4,720575940586579510,25468,40057,1878
9197,2026-09-23,KrzysztofKruk,RBC,720575940573435209,30779,40121,1996
9198,2026-09-23,KrzysztofKruk,RBC,720575940555682952,36153,40160,1947
9199,2026-09-23,KrzysztofKruk,RBC,720575940552707677,33140,40005,1990
9200,2026-09-23,KrzysztofKruk,t1,720575940567081003,21310,40057,1999
9201,2026-09-23,Nseraf,t7,720575940555332771,35203,40387,1998
9202,2026-09-23,KrzysztofKruk,t3b,720575940558952029,14041,40106,1961
9203,2026-09-23,Nseraf,t3a,720575940571849835,29639,39928,2029
9204,2026-09-23,Nseraf,t2,720575940577156879,33997,40275,2016
9205,2026-09-23,KrzysztofKruk,RBC,720575940547218760,13158,40033,2028
9206,2026-09-23,KrzysztofKruk,RBC,720575940566341675,20610,40186,2008
9207,2026-09-23,KrzysztofKruk,RBC,720575940565467510,26228,40085,2013
9208,2026-09-23,KrzysztofKruk,t6,720575940559221702,36761,40116,2018
9209,2026-09-23,Nseraf,t3b,720575940554485143,29232,40370,1984
9210,2026-09-23,KrzysztofKruk,t3b,720575940556292744,36736,40134,1972
9211,2026-09-23,KrzysztofKruk,t5i,720575940577244665,13167,40136,1976
9212,2026-09-23,Nseraf,t5i,720575940558849795,23272,39957,2036
9213,2026-09-23,Nseraf,RBC,720575940566548893,32482,40292,1996
9214,2026-09-23,KrzysztofKruk,t5o,720575940552604231,20151,40183,2032
9215,2026-09-23,Nseraf,RBC,720575940560532019,25692,40267,2031
9216,2026-09-23,KrzysztofKruk,RBC,720575940575651529,24909,40070,1968
9217,2026-09-23,Nseraf,t2,720575940556447974,37306,40271,2035
9218,2026-09-23,Nseraf,t5t,720575940560102155,37316,40330,2019
9219,2026-09-23,Nseraf,t3a,720575940553199072,24579,40314,1799
9220,2026-09-23,Nseraf,t6,720575940548157068,13484,40278,2063
9221,2026-09-23,Nseraf,t6,720575940542517368,37642,40295,2052
9222,2026-09-23,KrzysztofKruk,RBC,720575940558706312,38103,40133,2008
9223,2026-09-23,Nseraf,RBC,720575940563459022,32065,40321,1966
9224,2026-09-23,KrzysztofKruk,t2,720575940553493831,17632,40185,2039
9225,2026-09-23,Nseraf,t3b,720575940567305636,20988,40295,2025
9226,2026-09-23,Nseraf,t2,720575940559222982,18488,40301,2045
9227,2026-09-23,Nseraf,RBC,720575940581979481,31294,39898,2043
9228,2026-09-23,KrzysztofKruk,t5i,720575940579733245,33414,39990,1999
9229,2026-09-23,Nseraf,RBC,720575940577247993,15305,40366,1971
9230,2026-09-23,Nseraf,t5i,720575940576373296,22438,39955,2001
9231,2026-09-23,KrzysztofKruk,RBC,720575940575815625,25597,40071,2031
9232,2026-09-23,KrzysztofKruk,t3b,720575940560449953,22853,40103,1872
9233,2026-09-23,Nseraf,RBC,720575940553941009,28694,39945,1548
9234,2026-09-23,G Trakimas,t6,720575940554622810,35867,38265,2039
9235,2026-09-23,Nseraf,RBC,720575940551549024,34088,39963,2018
9236,2026-09-23,KrzysztofKruk,RBC,720575940575929641,31302,40159,1983
9237,2026-09-23,KrzysztofKruk,t8,720575940577245433,37305,40192,2038
9238,2026-09-23,Nseraf,t2,720575940562294051,36371,39921,2005
9239,2026-09-23,Nseraf,t3a,720575940558968956,31756,39905,2021
9240,2026-09-23,KrzysztofKruk,t5i,720575940559372120,21707,40120,866
9241,2026-09-23,Nseraf,RBC,720575940560522918,27254,40305,2035
9242,2026-09-23,Nseraf,RBC,720575940560532531,36643,40282,2023
9243,2026-09-23,KrzysztofKruk,RBC,720575940557025672,35741,40178,2002
9244,2026-09-23,KrzysztofKruk,RBC,720575940547226696,14868,40036,2025
9245,2026-09-23,KrzysztofKruk,t5i,720575940555331235,37378,40199,2002
9246,2026-09-23,KrzysztofKruk,t3a,720575940542517112,33324,39987,2046
9247,2026-09-23,Nseraf,RBC,720575940554284501,20867,39917,2035
9248,2026-09-23,KrzysztofKruk,RBC,720575940564913526,28742,40184,2006
9249,2026-09-23,KrzysztofKruk,t7,720575940553877079,14355,40032,1977
9250,2026-09-23,Nseraf,?,720575940570439501,34738,40393,1777
9251,2026-09-23,KrzysztofKruk,RBC,720575940576736041,28195,40090,2018
9252,2026-09-23,KrzysztofKruk,t2,720575940575115325,18923,40084,1873
9253,2026-09-23,KrzysztofKruk,RBC,720575940565481334,27084,39978,2003
9254,2026-09-23,KrzysztofKruk,t6,720575940556521608,36019,40104,2000
9255,2026-09-23,Nseraf,RBC,720575940553754817,28824,39894,2012
9256,2026-09-23,Nseraf,t6,720575940578760469,32796,40321,2002
9257,2026-09-23,KrzysztofKruk,t5o,720575940564391703,25824,40038,1854
9258,2026-09-23,Nseraf,t6,720575940557849666,22334,39903,1994
9259,2026-09-23,KrzysztofKruk,t6,720575940573384265,25882,40070,1927
9260,2026-09-23,KrzysztofKruk,RBC,720575940572242689,15004,40004,1968
9261,2026-09-23,KrzysztofKruk,RBC,720575940567054635,18861,40044,2005
9262,2026-09-23,KrzysztofKruk,RBC,720575940567043627,18234,40059,2038
9263,2026-09-23,KrzysztofKruk,t3b,720575940577242105,15520,40043,2056
9264,2026-09-23,Nseraf,t3b,720575940565618022,19131,40281,1982
9265,2026-09-23,Nseraf,t5o,720575940569598986,23665,40362,2026
9266,2026-09-23,Nseraf,t6,720575940552239702,34172,39899,2045
9267,2026-09-23,Nseraf,t6,720575940564222790,25062,39905,1915
9268,2026-09-23,Nseraf,t2,720575940561018571,31794,39930,1992
9269,2026-09-23,KrzysztofKruk,t5o,720575940577245177,26643,40189,2061
9270,2026-09-23,KrzysztofKruk,RBC,720575940556366472,36849,40192,1945
9271,2026-09-23,KrzysztofKruk,t3a,720575940560524198,36794,40159,1998
9272,2026-09-23,KrzysztofKruk,t5o,720575940560557985,22297,40116,1993
9273,2026-09-23,KrzysztofKruk,t5i,720575940572451633,25081,39971,1822
9274,2026-09-23,KrzysztofKruk,t5i,720575940564771757,29436,40065,2019
9275,2026-09-24,KrzysztofKruk,t5t,720575940562454926,37755,40778,2029
9276,2026-09-24,Nseraf,RBC,720575940570185654,18851,40533,1997
9277,2026-09-24,KrzysztofKruk,t5t,720575940564121263,15665,40765,2056
9278,2026-09-24,Nseraf,t6,720575940559694116,24290,40495,1919
9279,2026-09-24,KrzysztofKruk,t4,720575940565011511,18903,40862,2039
9280,2026-09-24,KrzysztofKruk,t4,720575940564533682,29340,40698,1893
9281,2026-09-24,KrzysztofKruk,RBC,720575940574332949,16077,40751,1988
9282,2026-09-24,KrzysztofKruk,XBC,720575940579274796,34553,40858,1992
9283,2026-09-24,KrzysztofKruk,t5o,720575940568731947,27508,40759,1909
9284,2026-09-24,KrzysztofKruk,t8,720575940580019657,25381,40719,2043
9285,2026-09-24,Nseraf,t5t,720575940567482334,16934,40471,2035
9286,2026-09-24,KrzysztofKruk,?,720575940566790383,21362,40701,2060
9287,2026-09-24,Nseraf,RBC,720575940569609740,38417,40598,2039
9288,2026-09-24,KrzysztofKruk,t5i,720575940566270308,37690,40750,2042
9289,2026-09-24,KrzysztofKruk,t4,720575940564674738,30937,40846,2006
9290,2026-09-24,KrzysztofKruk,RBC,720575940577885502,38491,40788,2039
9291,2026-09-24,KrzysztofKruk,t6,720575940558244202,37356,40238,2026
9292,2026-09-24,KrzysztofKruk,RBC,720575940580668478,37706,40718,2047
9293,2026-09-24,Nseraf,t3a,720575940566261469,21689,40577,2033
9294,2026-09-24,Nseraf,t3a,720575940569600778,23637,40389,2009
9295,2026-09-24,Nseraf,t5i,720575940576379696,24244,40473,1925
9296,2026-09-24,KrzysztofKruk,t8,720575940548037125,19845,40819,2030
9297,2026-09-24,Nseraf,t2,720575940570828304,28100,40524,1945
9298,2026-09-24,KrzysztofKruk,t7,720575940547322007,37748,40723,2031
9299,2026-09-24,KrzysztofKruk,t3b,720575940564425394,21058,40834,1932
9300,2026-09-24,Nseraf,RBC,720575940583635326,35787,40556,2009
9301,2026-09-24,KrzysztofKruk,RBC,720575940576826747,13447,40243,2060
9302,2026-09-24,KrzysztofKruk,RBC,720575940564164761,33115,40759,2054
9303,2026-09-24,Nseraf,t4,720575940573918823,36109,40566,1992
9304,2026-09-24,KrzysztofKruk,t1,720575940552117575,20267,40815,2027
9305,2026-09-24,Nseraf,RBC,720575940577253369,15711,40406,2061
9306,2026-09-24,Nseraf,t5o,720575940561925041,21187,40525,2016
9307,2026-09-24,KrzysztofKruk,RBC,720575940576819067,13684,40689,2004
9308,2026-09-24,Nseraf,RBC,720575940577693821,24465,40410,2028
9309,2026-09-24,KrzysztofKruk,t5t,720575940588665085,36487,40710,2031
9310,2026-09-24,KrzysztofKruk,t4,720575940574467743,38510,40858,2008
9311,2026-09-24,KrzysztofKruk,t7,720575940566773035,18618,40204,1754
9312,2026-09-24,G Trakimas,RBC,720575940575916073,30703,38274,2037
9313,2026-09-24,KrzysztofKruk,RBC,720575940567095595,17340,40861,1998
9314,2026-09-24,Nseraf,t3b,720575940559695140,36160,40508,1965
9315,2026-09-24,KrzysztofKruk,t3b,720575940556775560,37296,40264,2056
9316,2026-09-24,Nseraf,t3b,720575940558890880,21867,40481,1871
9317,2026-09-24,Nseraf,RBC,720575940580020937,32292,40534,2041
9318,2026-09-24,Nseraf,RBC,720575940562427042,35191,40475,2032
9319,2026-09-24,KrzysztofKruk,t4,720575940575616277,16350,40254,1925
9320,2026-09-24,Nseraf,t5t,720575940576379440,19334,40464,1787
9321,2026-09-24,KrzysztofKruk,t6,720575940572730060,37657,40794,2010
9322,2026-09-24,Nseraf,RBC,720575940565888503,16805,40580,2023
9323,2026-09-24,Nseraf,RBC,720575940562429858,36076,40604,1976
9324,2026-09-24,KrzysztofKruk,t3b,720575940564896521,34621,40777,2036
9325,2026-09-24,Nseraf,t7,720575940558152482,19463,40415,1921
9326,2026-09-24,KrzysztofKruk,RBC,720575940564804786,25117,40858,2009
9327,2026-09-24,KrzysztofKruk,t1,720575940554419783,25195,40231,2021
9328,2026-09-24,Nseraf,GluMI,720575940577160719,20102,40602,1656
9329,2026-09-24,KrzysztofKruk,RBC,720575940570177529,17109,40777,2028
9330,2026-09-24,Nseraf,t5i,720575940570182326,17227,40419,1831
9331,2026-09-24,KrzysztofKruk,t1,720575940568535851,26078,40257,1879
9332,2026-09-24,Nseraf,t1,720575940588664061,23094,40446,1820
9333,2026-09-24,Nseraf,t5i,720575940557598874,16101,40390,1751
9334,2026-09-24,KrzysztofKruk,t5t,720575940577405819,15411,40248,1842
9335,2026-09-24,Nseraf,RBC,720575940566261213,33614,40568,2000
9336,2026-09-24,Nseraf,RBC,720575940560528038,35159,40393,2021
9337,2026-09-24,KrzysztofKruk,RBC,720575940557641791,16421,40764,1969
9338,2026-09-24,Nseraf,t5i,720575940562426274,28832,40433,1993
9339,2026-09-24,KrzysztofKruk,GluMI,720575940572730316,27877,40841,1935
9340,2026-09-24,KrzysztofKruk,RBC,720575940576147241,27371,40209,2017
9341,2026-09-24,KrzysztofKruk,RBC,720575940553727559,17785,40758,2045
9342,2026-09-24,KrzysztofKruk,t1,720575940575123517,14667,40770,1794
9343,2026-09-24,Nseraf,t8,720575940572729036,26262,40510,2018
9344,2026-09-24,KrzysztofKruk,t3b,720575940564119983,18418,40240,2031
9345,2026-09-24,KrzysztofKruk,t3b,720575940555489318,25012,40842,1808
9346,2026-09-24,Nseraf,t1,720575940567485662,38354,40566,2061
9347,2026-09-24,Nseraf,t5o,720575940555723288,35780,40494,2046
9348,2026-09-24,KrzysztofKruk,t1,720575940578726206,36881,40247,2016
9349,2026-09-24,KrzysztofKruk,t6,720575940577844542,36674,40263,2004
9350,2026-09-24,KrzysztofKruk,t3a,720575940573916519,34880,40260,1973
9351,2026-09-24,Nseraf,t7,720575940583751623,35835,40562,2055
9352,2026-09-24,Nseraf,RBC,720575940553642623,29122,40397,2011
9353,2026-09-24,KrzysztofKruk,4,720575940566260189,25793,40841,2043
9354,2026-09-24,KrzysztofKruk,t1,720575940565391625,33955,40264,2025
9355,2026-09-24,KrzysztofKruk,t5t,720575940552273479,24206,40803,1805
9356,2026-09-24,Nseraf,RBC,720575940575123261,20463,40549,1962
9357,2026-09-24,KrzysztofKruk,RBC,720575940579220221,33229,40243,2011
9358,2026-09-24,KrzysztofKruk,t3a,720575940560991965,26636,40686,2059
9359,2026-09-24,Nseraf,t6,720575940559692836,20116,40420,1827
9360,2026-09-24,KrzysztofKruk,RBC,720575940566391236,14049,40782,2012
9361,2026-09-24,Nseraf,RBC,720575940566789359,26214,40479,2026
9362,2026-09-24,KrzysztofKruk,GluMI,720575940570184118,15481,40253,1692
9363,2026-09-24,KrzysztofKruk,t6,720575940547331479,39313,40845,1977
9364,2026-09-24,Nseraf,t3b,720575940559688484,29323,40397,2017
9365,2026-09-24,Nseraf,t5i,720575940558620365,35469,40503,2022
9366,2026-09-24,KrzysztofKruk,XBC,720575940573917543,14122,40728,2002
9367,2026-09-24,G Trakimas,t6,720575940573031700,16242,38274,2046
9368,2026-09-24,KrzysztofKruk,t5o,720575940561924529,36852,40216,2017
9369,2026-09-24,KrzysztofKruk,RBC,720575940565713707,17875,40260,2004
9370,2026-09-24,Nseraf,t2,720575940563460558,33635,40396,1930
9371,2026-09-24,Nseraf,t6,720575940576379184,35138,40434,2043
9372,2026-09-24,Nseraf,t5t,720575940549223353,21098,40411,2031
9373,2026-09-25,Nseraf,t6,720575940570452306,14903,40680,2024
9374,2026-09-25,Nseraf,t7,720575940568720902,22828,41305,1748
9375,2026-09-25,G Trakimas,XBC,720575940580019401,14289,38319,2018
9376,2026-09-25,G Trakimas,t6,720575940561470660,33878,38285,1971
9377,2026-09-25,Nseraf,RBC,720575940580267730,32643,40684,2024
9378,2026-09-25,Nseraf,t5t,720575940559236550,38948,41296,1998
9379,2026-09-25,G Trakimas,t3a,720575940574168476,15830,38301,1812
9380,2026-09-25,Nseraf,RBC,720575940563471310,33566,40621,2002
9381,2026-09-25,G Trakimas,t8,720575940556145682,15135,38304,2019
9382,2026-09-25,Nseraf,RBC,720575940566618100,28635,40629,2031
9383,2026-09-25,Nseraf,RBC,720575940551818210,26103,40666,2024
9384,2026-09-25,Nseraf,RBC,720575940559316969,24489,40645,2010
9385,2026-09-25,KrzysztofKruk,t3b,720575940550112919,38408,40899,2015
9386,2026-09-25,Nseraf,RBC,720575940559489594,25841,41280,2019
9387,2026-09-25,Annkri,t5t,720575940566109302,31169,36209,1825
9388,2026-09-25,Nseraf,RBC,720575940547696981,28895,41283,1955
9389,2026-09-25,Nseraf,RBC,720575940590208404,31285,40627,1966
9390,2026-09-25,Nseraf,RBC,720575940567558761,34022,40638,2007
9391,2026-09-25,Nseraf,t3a,720575940565250879,34468,40647,2038
9392,2026-09-25,KrzysztofKruk,t3b,720575940567053065,34646,40890,2027
9393,2026-09-25,Nseraf,RBC,720575940565080859,36395,40599,1473
9394,2026-09-25,KrzysztofKruk,RBC,720575940564345522,28272,40885,2009
9395,2026-09-25,Nseraf,RBC,720575940562096412,32412,41275,1706
9396,2026-09-25,Nseraf,t3a,720575940556461798,37273,40660,2061
9397,2026-09-25,Nseraf,RBC,720575940550819284,29239,40665,2016
9398,2026-09-25,G Trakimas,RBC,720575940564682795,23522,41089,1930
9399,2026-09-25,Nseraf,RBC,720575940579340329,26987,40656,2034
9400,2026-09-25,KrzysztofKruk,t5i,720575940565088795,38484,40908,1985
9401,2026-09-25,G Trakimas,t3b,720575940576605737,29797,38280,2031
9402,2026-09-25,Nseraf,t6,720575940553955857,36480,40651,1981
9403,2026-09-25,Nseraf,RBC,720575940550821844,38917,41276,2025
9404,2026-09-25,Nseraf,t6,720575940558625741,35499,40613,2053
9405,2026-09-25,Nseraf,RBC,720575940568585468,13776,41285,2024
9406,2026-09-25,G Trakimas,t6,720575940570750836,19324,41086,2021
9407,2026-09-25,KrzysztofKruk,RBC,720575940565088283,28856,40892,2023
9408,2026-09-25,G Trakimas,t3b,720575940575917353,32067,38304,1957
9409,2026-09-25,G Trakimas,t5i,720575940560532787,22899,38292,2004
9410,2026-09-25,Nseraf,RBC,720575940568181100,31694,40677,2053
9411,2026-09-25,Nseraf,RBC,720575940556462054,37321,40664,2013
9412,2026-09-25,Annkri,t2,720575940559193911,29545,36221,2032
9413,2026-09-25,Nseraf,t3b,720575940565088027,23007,40669,1910
9414,2026-09-25,KrzysztofKruk,t4,720575940558630861,16691,40899,1842
9415,2026-09-25,G Trakimas,t6,720575940563905092,20264,38312,2009
9416,2026-09-25,Nseraf,t7,720575940550819796,36463,40669,1980
9417,2026-09-25,Nseraf,t1,720575940569610508,23808,40605,1855
9418,2026-09-25,G Trakimas,RBC,720575940569590777,29403,41086,2038
9419,2026-09-25,Nseraf,t2,720575940580266962,18169,40678,1720
9420,2026-09-25,Nseraf,t6,720575940565027127,14709,40647,1985
9421,2026-09-25,Nseraf,t3a,720575940558631885,23459,40674,1871
9422,2026-09-25,Nseraf,t1,720575940578163011,36205,41292,2027
9423,2026-09-25,Nseraf,RBC,720575940563461034,24786,40640,1908
9424,2026-09-25,G Trakimas,t5o,720575940565198752,31588,38279,2043
9425,2026-09-25,Nseraf,t5i,720575940570706288,36453,40617,2007
9426,2026-09-25,Nseraf,RBC,720575940558633421,31170,40680,2054
9427,2026-09-25,Nseraf,RBC,720575940551559422,36211,41278,1989
9428,2026-09-25,KrzysztofKruk,t3b,720575940554260039,28427,40901,1818
9429,2026-09-26,Nseraf,t3b,720575940564320885,32553,36265,2038
9430,2026-09-26,G Trakimas,t3b,720575940557868610,19823,41100,2031
9431,2026-09-26,KrzysztofKruk,t5t,720575940567008043,17937,40923,1995
9432,2026-09-26,Nseraf,t6,720575940563379435,22583,41325,2039
9433,2026-09-26,KrzysztofKruk,t5t,720575940563543207,14159,41578,2062
9434,2026-09-26,KrzysztofKruk,t5i,720575940560639746,12534,40941,2055
9435,2026-09-26,KrzysztofKruk,t1,720575940574989636,39149,41541,2040
9436,2026-09-26,KrzysztofKruk,t7,720575940564804548,12573,41024,2025
9437,2026-09-26,KrzysztofKruk,RBC,720575940571617817,31811,41066,2021
9438,2026-09-26,KrzysztofKruk,t5i,720575940561271261,25579,41047,1783
9439,2026-09-26,Nseraf,t3b,720575940565176841,36283,41320,1974
9440,2026-09-26,KrzysztofKruk,RBC,720575940562440866,23883,40935,2037
9441,2026-09-26,KrzysztofKruk,t5t,720575940557619866,17767,41540,1991
9442,2026-09-26,KrzysztofKruk,t5i,720575940562149828,35707,41581,1999
9443,2026-09-26,KrzysztofKruk,t6,720575940567326628,23831,41079,1886
9444,2026-09-26,Nseraf,RBC,720575940571612697,31215,36258,2009
9445,2026-09-26,KrzysztofKruk,t5i,720575940572015519,34266,41060,2022
9446,2026-09-26,Nseraf,RBC,720575940565632870,27325,36248,2008
9447,2026-09-26,Nseraf,t5t,720575940570361950,17798,36294,1804
9448,2026-09-26,Nseraf,RBC,720575940575668182,19756,36245,2004
9449,2026-09-26,Nseraf,t4,720575940547699285,20176,41320,1775
9450,2026-09-26,KrzysztofKruk,t3b,720575940570791876,16233,41067,2059
9451,2026-09-26,Nseraf,t3b,720575940565252415,37523,41309,1987
9452,2026-09-26,KrzysztofKruk,XBC,720575940563631006,19542,41539,2046
9453,2026-09-26,KrzysztofKruk,t7,720575940565039881,36897,41033,1992
9454,2026-09-26,KrzysztofKruk,RBC,720575940553832663,34554,41567,2047
9455,2026-09-26,Nseraf,t3a,720575940581959093,36392,41306,2032
9456,2026-09-26,KrzysztofKruk,RBC,720575940564824754,26712,41000,2059
9457,2026-09-26,Nseraf,RBC,720575940565101083,32972,36256,2006
9458,2026-09-26,Nseraf,RBC,720575940573924455,34850,41313,2015
9459,2026-09-26,Nseraf,RBC,720575940567336477,14002,36299,2061
9460,2026-09-26,KrzysztofKruk,RBC,720575940561051613,31556,41059,1946
9461,2026-09-26,KrzysztofKruk,RBC,720575940553481799,16832,40945,2025
9462,2026-09-26,KrzysztofKruk,t3a,720575940562352093,25703,41015,1923
9463,2026-09-26,KrzysztofKruk,RBC,720575940559222274,15251,40952,2023
9464,2026-09-26,KrzysztofKruk,RBC,720575940573136633,26230,40979,2009
9465,2026-09-26,G Trakimas,?,720575940561413200,25909,41102,1999
9466,2026-09-26,Nseraf,t2,720575940578693948,26011,41317,1962
9467,2026-09-26,KrzysztofKruk,?,720575940557868098,14693,40920,2042
9468,2026-09-26,Nseraf,RBC,720575940565253183,38979,41330,2007
9469,2026-09-26,KrzysztofKruk,t5i,720575940569049845,29032,40936,1759
9470,2026-09-26,KrzysztofKruk,RBC,720575940571569657,24277,40954,2006
9471,2026-09-26,KrzysztofKruk,t3b,720575940564500402,28914,41029,1926
9472,2026-09-26,KrzysztofKruk,t1,720575940570441465,22631,40915,2014
9473,2026-09-26,KrzysztofKruk,RBC,720575940567216673,34218,41064,2016
9474,2026-09-26,KrzysztofKruk,t3b,720575940566880299,17473,41058,2049
9475,2026-09-26,KrzysztofKruk,t6,720575940569561849,25632,41007,1946
9476,2026-09-26,KrzysztofKruk,t3b,720575940564789165,17975,41583,1911
9477,2026-09-26,KrzysztofKruk,t3b,720575940562349277,29951,40981,2037
9478,2026-09-26,Nseraf,RBC,720575940563052170,25208,36271,2042
9479,2026-09-26,G Trakimas,RBC,720575940552278599,24205,41103,2021
9480,2026-09-26,KrzysztofKruk,t4,720575940564689195,23785,41577,1886
9481,2026-09-26,Nseraf,XBC,720575940552385189,12753,36229,2023
9482,2026-09-26,Nseraf,t5i,720575940564315509,37462,41334,2030
9483,2026-09-26,Nseraf,RBC,720575940547698773,34907,41312,2026
9484,2026-09-26,KrzysztofKruk,XBC,720575940565635174,21155,41061,1254
9485,2026-09-26,KrzysztofKruk,RBC,720575940567815286,27146,41559,1967
9486,2026-09-26,KrzysztofKruk,RBC,720575940566393340,27263,41063,1955
9487,2026-09-26,KrzysztofKruk,t1,720575940567395652,20732,41577,2031
9488,2026-09-26,KrzysztofKruk,t5t,720575940569050357,22425,40961,2028
9489,2026-09-26,KrzysztofKruk,t4,720575940569585913,29715,40929,1877
9490,2026-09-26,KrzysztofKruk,t7,720575940573777874,17168,41568,1794
9491,2026-09-26,KrzysztofKruk,t1,720575940566473515,17956,41579,1735
9492,2026-09-26,KrzysztofKruk,t3b,720575940568643115,27283,41026,1943
9493,2026-09-26,Nseraf,RBC,720575940563053450,17181,36274,2046
9494,2026-09-26,KrzysztofKruk,t1,720575940574146719,33702,41069,1968
9495,2026-09-26,Nseraf,t4,720575940571563176,18700,41338,1760
9496,2026-09-26,KrzysztofKruk,t6,720575940557618586,29944,40924,2024
9497,2026-09-26,KrzysztofKruk,t2,720575940565160969,36702,41583,2029
9498,2026-09-26,G Trakimas,t5o,720575940574845932,13528,41098,1551
9499,2026-09-26,KrzysztofKruk,t4,720575940567335197,20350,41070,1978
9500,2026-09-26,Nseraf,t5i,720575940553972753,32657,36275,990
9501,2026-09-26,KrzysztofKruk,t1,720575940570792644,12546,41570,2022
9502,2026-09-26,KrzysztofKruk,RBC,720575940566779145,36871,41036,2008
9503,2026-09-26,KrzysztofKruk,t3a,720575940565192201,35691,41044,1991
9504,2026-09-26,Nseraf,t6,720575940553223136,33115,36239,2037
9505,2026-09-26,Nseraf,XBC,720575940569048053,18040,36228,2006
9506,2026-09-26,KrzysztofKruk,t6,720575940547798679,35773,40970,2036
9507,2026-09-26,KrzysztofKruk,t1,720575940554455511,38706,41554,2012
9508,2026-09-27,KrzysztofKruk,RBC,720575940551715326,35700,41607,1988
9509,2026-09-27,Nseraf,t5o,720575940562102300,24537,36375,1805
9510,2026-09-27,KrzysztofKruk,t3b,720575940557147363,34911,41637,1974
9511,2026-09-27,Nseraf,RBC,720575940570455122,26578,36330,1994
9512,2026-09-27,KrzysztofKruk,t6,720575940553832919,34891,41603,1983
9513,2026-09-27,KrzysztofKruk,t8,720575940563631774,25958,41629,1955
9514,2026-09-27,KrzysztofKruk,t5o,720575940565003529,37660,41586,2048
9515,2026-09-27,KrzysztofKruk,t5o,720575940562101532,35413,41642,2015
9516,2026-09-27,KrzysztofKruk,t3b,720575940570758004,15052,41625,2020
9517,2026-09-27,KrzysztofKruk,t1,720575940555648810,25411,41603,1534
9518,2026-09-27,KrzysztofKruk,RBC,720575940553229822,39173,41609,1972
9519,2026-09-27,Nseraf,t3b,720575940572579756,23937,36340,1859
9520,2026-09-27,KrzysztofKruk,RBC,720575940562010564,35670,41589,1998
9521,2026-09-27,KrzysztofKruk,t5i,720575940552260694,16478,41644,1879
9522,2026-09-27,KrzysztofKruk,t7,720575940564979721,39697,41660,2003
9523,2026-09-27,Nseraf,t3a,720575940585600211,29273,36379,2034
9524,2026-09-27,KrzysztofKruk,RBC,720575940553861591,36686,41611,2055
9525,2026-09-27,Nseraf,RBC,720575940560610453,14420,36363,2012
9526,2026-09-27,KrzysztofKruk,t7,720575940561424202,19093,41658,1797
9527,2026-09-27,Nseraf,t5i,720575940561422922,21918,36343,2007
9528,2026-09-27,Nseraf,t7,720575940578420383,32351,36371,2039
9529,2026-09-27,Nseraf,t5i,720575940570022219,17011,36299,2007
9530,2026-09-27,Nseraf,t1,720575940561420874,27383,36329,2008
9531,2026-09-27,KrzysztofKruk,t6,720575940568938615,39152,41639,1972
9532,2026-09-27,KrzysztofKruk,t5t,720575940569581817,26434,41590,1902
9533,2026-09-27,KrzysztofKruk,t5t,720575940571996190,29163,41609,1878
9534,2026-09-27,Nseraf,t3a,720575940562099996,32279,36317,2038
9535,2026-09-27,KrzysztofKruk,RBC,720575940571698505,26329,41658,2009
9536,2026-09-27,KrzysztofKruk,t6,720575940574789073,24689,41618,1894
9537,2026-09-27,KrzysztofKruk,t5i,720575940559375496,36381,41586,2035
9538,2026-09-27,Nseraf,t3a,720575940578419871,21958,36362,1898
9539,2026-09-27,G Trakimas,t2,720575940571532537,24351,41110,1729
9540,2026-09-27,KrzysztofKruk,t5t,720575940568447800,28392,41634,1810
9541,2026-09-27,Nseraf,RBC,720575940576885713,15928,36330,2037
9542,2026-09-27,Nseraf,RBC,720575940568725766,29286,36354,2030
9543,2026-09-27,KrzysztofKruk,t7,720575940566593569,35425,41590,2031
9544,2026-09-27,Nseraf,t7,720575940571194230,28778,36300,2053
9545,2026-09-27,G Trakimas,RBC,720575940547331735,39297,41113,2002
9546,2026-09-28,Nseraf,RBC,720575940576407600,15701,41404,2018
9547,2026-09-28,G Trakimas,t2,720575940553178695,20225,41127,1775
9548,2026-09-28,Nseraf,t5o,720575940565385965,34546,41532,2015
9549,2026-09-28,Nseraf,RBC,720575940565380077,17744,41441,2040
9550,2026-09-28,KrzysztofKruk,RBC,720575940551556606,35529,41976,2021
9551,2026-09-28,Nseraf,RBC,720575940551836130,40004,41494,2004
9552,2026-09-28,Nseraf,RBC,720575940564343413,32534,42327,1988
9553,2026-09-28,Nseraf,t5i,720575940576904657,18458,41536,2018
9554,2026-09-28,Nseraf,t5i,720575940557867898,22473,41485,2004
9555,2026-09-28,Nseraf,t7,720575940562140508,20487,36454,1812
9556,2026-09-28,KrzysztofKruk,t5i,720575940562028599,27241,41897,2022
9557,2026-09-28,KrzysztofKruk,RBC,720575940561866039,28011,41709,2011
9558,2026-09-28,Nseraf,t1,720575940583254280,24121,41428,1797
9559,2026-09-28,Nseraf,t6,720575940556999706,38025,42342,2017
9560,2026-09-28,Nseraf,RBC,720575940580065896,14860,42325,2029
9561,2026-09-28,KrzysztofKruk,RBC,720575940575347766,15670,41949,2041
9562,2026-09-28,Nseraf,t7,720575940587242006,23553,41505,1801
9563,2026-09-28,Nseraf,t3a,720575940559514682,38768,41503,2016
9564,2026-09-28,Nseraf,RBC,720575940563488718,37932,41428,1951
9565,2026-09-28,Nseraf,t6,720575940561462920,34021,41482,2035
9566,2026-09-28,KrzysztofKruk,t3a,720575940567884577,39943,41954,1986
9567,2026-09-28,Nseraf,t5i,720575940559410008,13227,41521,2009
9568,2026-09-28,Nseraf,t6,720575940570199034,30933,41455,1994
9569,2026-09-28,Nseraf,t1,720575940557625754,30532,36462,2015
9570,2026-09-28,KrzysztofKruk,RBC,720575940553834199,33450,41931,2027
9571,2026-09-28,KrzysztofKruk,t3b,720575940553355479,33516,41915,2030
9572,2026-09-28,Nseraf,?,720575940576406576,24853,41391,2025
9573,2026-09-28,KrzysztofKruk,t3b,720575940553118206,37960,41907,2026
9574,2026-09-28,KrzysztofKruk,t3a,720575940572488393,19566,41777,2021
9575,2026-09-28,KrzysztofKruk,t6,720575940553828567,36057,41914,1972
9576,2026-09-28,KrzysztofKruk,RBC,720575940554034135,40423,41886,2016
9577,2026-09-28,KrzysztofKruk,t3b,720575940566548854,28037,41775,1954
9578,2026-09-28,G Trakimas,t2,720575940565901577,39306,41134,2001
9579,2026-09-28,KrzysztofKruk,t6,720575940572850591,40406,41723,2008
9580,2026-09-28,Nseraf,GluMI,720575940564825128,19450,36434,1693
9581,2026-09-28,Nseraf,t6,720575940561151843,16668,41352,2015
9582,2026-09-28,KrzysztofKruk,t2,720575940566528374,28612,41921,1901
9583,2026-09-28,Nseraf,t3a,720575940576905425,26418,42339,1850
9584,2026-09-28,KrzysztofKruk,RBC,720575940554429911,39028,41989,2035
9585,2026-09-28,Nseraf,t5i,720575940559264454,35121,41427,2028
9586,2026-09-28,Nseraf,t6,720575940556998682,12586,41520,2043
9587,2026-09-28,Nseraf,t5o,720575940559703844,36203,41358,2055
9588,2026-09-28,Nseraf,t4,720575940558163490,27951,36443,1959
9589,2026-09-28,Nseraf,RBC,720575940575017663,27855,41366,1999
9590,2026-09-28,KrzysztofKruk,t3a,720575940566882313,40376,41738,2007
9591,2026-09-28,KrzysztofKruk,RBC,720575940576573129,28959,42028,1930
9592,2026-09-28,KrzysztofKruk,4,720575940577066685,14974,42031,2017
9593,2026-09-28,KrzysztofKruk,RBC,720575940564386201,32765,41998,2054
9594,2026-09-28,KrzysztofKruk,RBC,720575940568057377,38456,41792,2035
9595,2026-09-28,Nseraf,t2,720575940559404376,21048,41465,1822
9596,2026-09-28,Amy R. Sterling,RBC,720575940570205946,25225,41184,2004
9597,2026-09-28,Nseraf,t3b,720575940566816239,30845,41439,1859
9598,2026-09-28,KrzysztofKruk,RBC,720575940560115074,39142,42015,1940
9599,2026-09-28,Nseraf,RBC,720575940558162466,32490,36386,1955
9600,2026-09-28,KrzysztofKruk,t5o,720575940579361065,20180,41685,2037
9601,2026-09-28,Nseraf,RBC,720575940556844526,33530,41429,2051
9602,2026-09-28,KrzysztofKruk,t6,720575940568054305,37624,41912,1985
9603,2026-09-28,G Trakimas,RBC,720575940561462664,22777,41140,2027
9604,2026-09-28,KrzysztofKruk,t1,720575940550648392,15545,41748,1790
9605,2026-09-28,Nseraf,RBC,720575940564821933,26590,41499,2010
9606,2026-09-28,Nseraf,t7,720575940564340853,33308,41453,1953
9607,2026-09-28,KrzysztofKruk,t8,720575940559409752,13225,41756,2038
9608,2026-09-28,Nseraf,t5o,720575940552260950,28381,36391,2024
9609,2026-09-28,Nseraf,RBC,720575940561157475,17143,42340,1932
9610,2026-09-28,KrzysztofKruk,t5t,720575940566661665,35227,41905,2012
9611,2026-09-28,Nseraf,t1,720575940572247732,24944,36463,1850
9612,2026-09-28,KrzysztofKruk,RBC,720575940551687934,35250,41944,2015
9613,2026-09-28,Nseraf,t7,720575940566824175,21037,41516,2045
9614,2026-09-28,KrzysztofKruk,t5i,720575940551837154,34561,41771,1476
9615,2026-09-28,Nseraf,t6,720575940548056069,27970,36422,1961
9616,2026-09-28,KrzysztofKruk,t3a,720575940552470782,33648,41664,2058
9617,2026-09-28,Nseraf,t4,720575940557565828,21938,36387,1858
9618,2026-09-28,Amy R. Sterling,t1,720575940552382656,29828,41174,1250
9619,2026-09-28,KrzysztofKruk,t1,720575940554372167,26639,41783,2014
9620,2026-09-28,KrzysztofKruk,?,720575940559339241,39541,42009,2033
9621,2026-09-28,G Trakimas,t3b,720575940564822189,21702,41144,1870
9622,2026-09-28,KrzysztofKruk,4,720575940561468040,23564,41895,1955
9623,2026-09-28,KrzysztofKruk,t3a,720575940583658366,22778,41764,1888
9624,2026-09-28,Nseraf,t6,720575940550838996,38766,41524,2023
9625,2026-09-28,KrzysztofKruk,RBC,720575940551043144,13360,41789,2008
9626,2026-09-28,KrzysztofKruk,RBC,720575940562392375,26082,41889,2011
9627,2026-09-28,Celia D,RBC,720575940559410530,14717,41164,942
9628,2026-09-28,KrzysztofKruk,t7,720575940560154096,12860,41780,2013
9629,2026-09-28,KrzysztofKruk,RBC,720575940572818121,17728,41784,1863
9630,2026-09-28,Nseraf,RBC,720575940558163746,29877,36452,2053
9631,2026-09-28,KrzysztofKruk,RBC,720575940574928849,29535,41957,2019
9632,2026-09-28,KrzysztofKruk,RBC,720575940574570194,22273,41721,2054
9633,2026-09-28,Amy R. Sterling,RBC,720575940577179919,29938,41178,2002
9634,2026-09-28,Nseraf,RBC,720575940555276101,16785,41411,1977
9635,2026-09-28,KrzysztofKruk,t3b,720575940552364992,28857,41886,2054
9636,2026-09-28,Nseraf,GluMI,720575940572066881,34063,41388,1731
9637,2026-09-28,Nseraf,RBC,720575940567588969,24587,42327,2006
9638,2026-09-28,KrzysztofKruk,RBC,720575940552470270,34846,42017,1999
9639,2026-09-28,KrzysztofKruk,t6,720575940574788561,26291,42022,1948
9640,2026-09-28,Nseraf,t5t,720575940567350436,24217,41538,2055
9641,2026-09-28,KrzysztofKruk,t3b,720575940567894561,39095,42014,2002
9642,2026-09-28,KrzysztofKruk,RBC,720575940554032343,40846,42005,2040
9643,2026-09-28,Nseraf,RBC,720575940561458824,28225,41446,2025
9644,2026-09-28,KrzysztofKruk,t7,720575940556980455,28751,41776,1853
9645,2026-09-28,Nseraf,t4,720575940576885969,24856,36393,1943
9646,2026-09-28,KrzysztofKruk,t5i,720575940567895329,38472,41899,2023
9647,2026-09-28,Nseraf,t6,720575940557865448,21914,41371,2030
9648,2026-09-28,KrzysztofKruk,t6,720575940574151121,29332,42023,2046
9649,2026-09-28,KrzysztofKruk,t5i,720575940551836898,14631,41748,1983
9650,2026-09-28,Amy R. Sterling,RBC,720575940570450360,16178,41163,1943
9651,2026-09-28,KrzysztofKruk,GluMI,720575940580065128,38311,41775,1810
9652,2026-09-28,G Trakimas,RBC,720575940549674647,33598,41133,2023
9653,2026-09-28,KrzysztofKruk,RBC,720575940573194489,24507,41769,2007
9654,2026-09-28,KrzysztofKruk,t6,720575940579015605,22504,41800,1998
9655,2026-09-28,KrzysztofKruk,RBC,720575940574602706,23121,42016,2003
9656,2026-09-28,Nseraf,t3b,720575940568750598,37248,41509,2018
9657,2026-09-28,KrzysztofKruk,RBC,720575940559203976,37130,41761,2054
9658,2026-09-28,KrzysztofKruk,RBC,720575940559670920,34168,41727,1968
9659,2026-09-28,KrzysztofKruk,RBC,720575940571121225,25392,42022,1942
9660,2026-09-28,Amy R. Sterling,RBC,720575940563514830,14217,41163,2004
9661,2026-09-28,G Trakimas,t2,720575940559662216,34248,41147,1968
9662,2026-09-28,Nseraf,t5o,720575940564822957,38741,41517,2009
9663,2026-09-28,Nseraf,RBC,720575940584773422,12881,41395,2059
9664,2026-09-28,Nseraf,RBC,720575940575004484,35795,41405,2023
9665,2026-09-28,KrzysztofKruk,RBC,720575940550648648,13162,41786,2034
9666,2026-09-28,Nseraf,RBC,720575940570197498,38425,41387,2008
9667,2026-09-28,Nseraf,RBC,720575940557870056,31200,41537,2017
9668,2026-09-28,KrzysztofKruk,RBC,720575940587242518,15231,41697,2028
9669,2026-09-28,G Trakimas,t5i,720575940572578220,30890,40906,1677
9670,2026-09-28,KrzysztofKruk,t3b,720575940553826007,36109,41799,2043
9671,2026-09-28,Nseraf,RBC,720575940570472269,12530,41511,2058
9672,2026-09-28,KrzysztofKruk,RBC,720575940571808415,40463,41796,2005
9673,2026-09-28,Amy R. Sterling,t4,720575940577310201,15238,41155,1838
9674,2026-09-28,Nseraf,RBC,720575940564812461,25927,41364,1975
9675,2026-09-28,Nseraf,RBC,720575940570436536,40620,42324,2030
9676,2026-09-28,KrzysztofKruk,RBC,720575940573593385,19244,42032,1934
9677,2026-09-28,Nseraf,RBC,720575940552688704,14094,41413,2037
9678,2026-09-28,G Trakimas,t5o,720575940564563634,29298,41126,1828
9679,2026-09-28,KrzysztofKruk,t7,720575940569584633,25693,41938,1920
9680,2026-09-28,KrzysztofKruk,t3b,720575940553825495,35561,41999,2029
9681,2026-09-28,Nseraf,t3b,720575940556995354,19649,41475,2017
9682,2026-09-28,KrzysztofKruk,t2,720575940562045424,13496,41935,2000
9683,2026-09-28,KrzysztofKruk,RBC,720575940577616937,32527,41971,2035
9684,2026-09-28,KrzysztofKruk,t1,720575940568716537,26128,41944,1817
9685,2026-09-28,Nseraf,RBC,720575940564469131,28676,36428,2022
9686,2026-09-28,Nseraf,t6,720575940564338293,28685,41395,2060
9687,2026-09-28,KrzysztofKruk,t6,720575940561867575,27641,41915,2029
9688,2026-09-28,Nseraf,t6,720575940566798575,32496,36450,1985
9689,2026-09-28,KrzysztofKruk,t4,720575940548951959,36076,41793,2036
9690,2026-09-28,Nseraf,t5i,720575940565243376,27568,41371,1929
9691,2026-09-28,Nseraf,t6,720575940552393125,19035,41360,2048
9692,2026-09-29,KrzysztofKruk,RBC,720575940571273284,18909,42249,1747
9693,2026-09-29,KrzysztofKruk,RBC,720575940553228286,39091,42057,2030
9694,2026-09-29,KrzysztofKruk,RBC,720575940559347336,36982,42125,2032
9695,2026-09-29,KrzysztofKruk,t7,720575940568556961,39543,42072,1962
9696,2026-09-29,Nseraf,RBC,720575940561504904,26480,42351,2056
9697,2026-09-29,G Trakimas,t3a,720575940574329897,21652,42574,1770
9698,2026-09-29,KrzysztofKruk,t6,720575940580774206,36882,42206,2027
9699,2026-09-29,KrzysztofKruk,t2,720575940576922833,37034,42197,2025
9700,2026-09-29,Nseraf,RBC,720575940553248992,40183,42499,1987
9701,2026-09-29,KrzysztofKruk,t5t,720575940553248736,36950,42175,2018
9702,2026-09-29,Nseraf,RBC,720575940570458552,13089,42414,2028
9703,2026-09-29,KrzysztofKruk,t6,720575940554698823,24175,42072,1906
9704,2026-09-29,KrzysztofKruk,t6,720575940559361416,37013,42245,2011
9705,2026-09-29,KrzysztofKruk,RBC,720575940559220360,33578,42228,2018
9706,2026-09-29,Nseraf,t2,720575940567614313,37967,42433,1937
9707,2026-09-29,Nseraf,t3a,720575940568776710,35186,42486,2012
9708,2026-09-29,Nseraf,XBC,720575940590230420,38142,42477,2024
9709,2026-09-29,Nseraf,RBC,720575940570375262,17714,42347,1931
9710,2026-09-29,Nseraf,t4,720575940559431895,33905,42415,1976
9711,2026-09-29,KrzysztofKruk,GluMI,720575940559432919,25542,42164,1663
9712,2026-09-29,KrzysztofKruk,t7,720575940573937753,33541,42226,1982
9713,2026-09-29,Nseraf,t6,720575940570492493,38855,42414,1991
9714,2026-09-29,KrzysztofKruk,t3b,720575940577608233,31567,42227,1939
9715,2026-09-29,Nseraf,GluMI,720575940561507720,29426,42501,1717
9716,2026-09-29,KrzysztofKruk,t5i,720575940574329641,23041,42109,2044
9717,2026-09-29,Nseraf,t5i,720575940559370985,36354,42443,2022
9718,2026-09-29,KrzysztofKruk,GluMI,720575940552949063,23489,42161,2003
9719,2026-09-29,Nseraf,t5i,720575940558176802,25562,42342,1834
9720,2026-09-29,Nseraf,RBC,720575940552388032,22633,42360,2018
9721,2026-09-29,G Trakimas,t3a,720575940582021977,18132,41147,1861
9722,2026-09-29,KrzysztofKruk,t2,720575940561087709,24788,42058,1767
9723,2026-09-29,KrzysztofKruk,RBC,720575940553418238,38440,42091,2031
9724,2026-09-29,Nseraf,t2,720575940568556705,23322,42442,1896
9725,2026-09-29,Nseraf,t4,720575940570458296,21976,42413,1877
9726,2026-09-29,G Trakimas,RBC,720575940567217441,33169,42575,2058
9727,2026-09-29,Nseraf,t6,720575940558269546,36367,42496,2053
9728,2026-09-29,Nseraf,t6,720575940570457784,34180,42377,1989
9729,2026-09-29,Nseraf,RBC,720575940567614825,20029,42449,2044
9730,2026-09-29,Nseraf,t6,720575940587284502,39171,42449,2063
9731,2026-09-29,Nseraf,RBC,720575940561507464,35707,42446,1961
9732,2026-09-29,KrzysztofKruk,RBC,720575940577372969,31657,42185,1992
9733,2026-09-29,Nseraf,t1,720575940549258169,36171,42454,2026
9734,2026-09-29,Nseraf,t3a,720575940549361283,35250,42471,1963
9735,2026-09-29,KrzysztofKruk,t6,720575940580919293,32679,42050,2031
9736,2026-09-29,Nseraf,t5o,720575940572766156,38694,42461,1992
9737,2026-09-29,G Trakimas,RBC,720575940567581449,40817,42577,2016
9738,2026-09-29,G Trakimas,t6,720575940568368417,37472,42564,2036
9739,2026-09-29,KrzysztofKruk,t5t,720575940574328617,20818,42054,2061
9740,2026-09-29,KrzysztofKruk,t3b,720575940575624696,26462,42100,2028
9741,2026-09-29,G Trakimas,RBC,720575940552384448,34024,42573,809
9742,2026-09-29,KrzysztofKruk,t3a,720575940551945214,36575,42168,2027
9743,2026-09-29,Nseraf,t6,720575940566852591,23005,42350,1937
9744,2026-09-29,KrzysztofKruk,t4,720575940553949399,36569,42182,2060
9745,2026-09-29,Nseraf,t3a,720575940570069615,28787,42452,1899
9746,2026-09-29,Nseraf,RBC,720575940565409261,23556,42359,2012
9747,2026-09-29,KrzysztofKruk,RBC,720575940579046581,23220,42099,1972
9748,2026-09-29,KrzysztofKruk,t6,720575940579076533,21703,42051,2039
9749,2026-09-29,KrzysztofKruk,t3a,720575940560245488,12811,42237,2030
9750,2026-09-29,Nseraf,RBC,720575940566330980,14382,42385,1984
9751,2026-09-29,KrzysztofKruk,t1,720575940567615081,40868,42077,2007
9752,2026-09-29,G Trakimas,RBC,720575940569644529,14986,42566,1952
9753,2026-09-29,Nseraf,RBC,720575940584797998,24821,42441,1974
9754,2026-09-29,KrzysztofKruk,t6,720575940573090068,12946,42222,2009
9755,2026-09-29,KrzysztofKruk,RBC,720575940549258425,40490,42259,2035
9756,2026-09-29,G Trakimas,t5i,720575940559365097,26160,42566,2038
9757,2026-09-29,Nseraf,RBC,720575940587285270,28460,42450,2054
9758,2026-09-29,KrzysztofKruk,t8,720575940572263348,24070,42160,1438
9759,2026-09-29,KrzysztofKruk,XBC,720575940570209786,35975,42222,2022
9760,2026-09-29,Nseraf,XBC,720575940583271432,34150,42349,2010
9761,2026-09-30,Nseraf,RBC,720575940568677338,32623,42919,2026
9762,2026-09-30,Nseraf,RBC,720575940588688125,14172,41830,1277
9763,2026-09-30,G Trakimas,RBC,720575940565041569,27363,42590,1988
9764,2026-09-30,KrzysztofKruk,t1,720575940554516183,38024,42308,1998
9765,2026-09-30,KrzysztofKruk,t5t,720575940568676826,24208,42309,2024
9766,2026-09-30,Nseraf,t6,720575940550861524,39616,42524,1984
9767,2026-09-30,Nseraf,t6,720575940578196142,28496,42562,1951
9768,2026-09-30,Nseraf,t8,720575940557897794,24604,42973,1171
9769,2026-09-30,KrzysztofKruk,RBC,720575940571591001,33045,42320,1952
9770,2026-09-30,Nseraf,t1,720575940552954418,41715,42911,2043
9771,2026-09-30,Nseraf,t5i,7.20576E+17,20959,42649,1846
9772,2026-09-30,Nseraf,t2,720575940552427685,39605,42501,2060
9773,2026-09-30,Celia D,RBC,720575940568685153,39359,41219,2005
9774,2026-09-30,Nseraf,RBC,720575940572010463,37348,42929,2033
9775,2026-09-30,Nseraf,RBC,720575940556578780,23045,42519,1982
9776,2026-09-30,Nseraf,t6,720575940575150397,38443,41836,2014
9777,2026-09-30,KrzysztofKruk,t3b,720575940554454999,38008,42320,2020
9778,2026-09-30,Nseraf,t3b,720575940568677850,37243,42964,2017
9779,2026-09-30,Nseraf,RBC,720575940568686177,14032,42937,2015
9780,2026-09-30,Nseraf,RBC,720575940581301904,26956,42555,1972
9781,2026-09-30,Celia D,RBC,720575940574422175,38008,41206,1985
9782,2026-09-30,Nseraf,RBC,720575940582729325,27660,42541,2043
9783,2026-09-30,Nseraf,RBC,720575940563492778,13316,42529,1983
9784,2026-09-30,Nseraf,t8,720575940561508488,38909,42507,2026
9785,2026-09-30,Nseraf,RBC,720575940557897026,15238,42972,1963
9786,2026-09-30,KrzysztofKruk,RBC,720575940579039157,23383,42689,1996
9787,2026-09-30,st0ck53y,RBC,720575940557211363,36115,41839,2045
9788,2026-09-30,KrzysztofKruk,t2,720575940554733271,40075,42678,2035
9789,2026-09-30,Nseraf,4,720575940571218806,32325,42904,2017
9790,2026-09-30,Nseraf,RBC,720575940555094103,40475,42922,2049
9791,2026-09-30,Nseraf,t3b,720575940565447631,23037,42983,2063
9792,2026-09-30,KrzysztofKruk,t3b,720575940558264370,14864,42260,2061
9793,2026-09-30,Nseraf,t3a,720575940580284106,20912,42957,2057
9794,2026-09-30,KrzysztofKruk,t1,720575940561477521,22791,42295,2054
9795,2026-09-30,Nseraf,RBC,720575940565028689,34980,42964,2025
9796,2026-09-30,KrzysztofKruk,t5i,720575940572671675,13149,42317,1882
9797,2026-09-30,G Trakimas,t3b,720575940562479123,25593,42588,2062
9798,2026-09-30,Nseraf,RBC,720575940581923480,34873,42547,2055
9799,2026-09-30,Nseraf,t5i,720575940582731629,25090,42550,1827
9800,2026-09-30,Nseraf,t4,720575940553481970,25121,42988,1857
9801,2026-09-30,Nseraf,t3b,720575940551425339,33137,42560,1998
9802,2026-09-30,Nseraf,RBC,720575940570169678,13314,42988,1964
9803,2026-09-30,KrzysztofKruk,t6,720575940565415177,41533,42679,2052
9804,2026-09-30,G Trakimas,4,720575940574850540,34090,42586,2028
9805,2026-09-30,KrzysztofKruk,t5i,720575940552831998,39980,42281,2031
9806,2026-09-30,KrzysztofKruk,t5i,720575940564874157,33532,42682,1989
9807,2026-09-30,Nseraf,t3b,720575940561534088,39284,42535,2056
9808,2026-09-30,KrzysztofKruk,RBC,720575940558760519,12744,42319,2015
9809,2026-09-30,KrzysztofKruk,RBC,720575940553861847,36276,42320,2043
9810,2026-09-30,Nseraf,t5i,720575940553480946,37806,42982,2037
9811,2026-09-30,Nseraf,t4,720575940565447119,30634,42979,1878
9812,2026-09-30,Nseraf,t6,720575940565027409,20254,41835,1802
9813,2026-09-30,KrzysztofKruk,t5i,720575940574602962,23637,42301,1928
9814,2026-09-30,Nseraf,t5t,720575940564850349,40846,42512,2034
9815,2026-09-30,KrzysztofKruk,RBC,720575940559662984,34094,42294,2028
9816,2026-09-30,Nseraf,GluMI,720575940561553642,40832,42541,1789
9817,2026-09-30,Nseraf,RBC,720575940553098923,35209,42524,2002
9818,2026-09-30,KrzysztofKruk,RBC,720575940566275958,25996,42277,2039
9819,2026-09-30,Nseraf,t6,720575940561554154,35036,42938,2025
9820,2026-09-30,Nseraf,RBC,720575940561198939,39173,42560,1975
9821,2026-09-30,G Trakimas,t7,720575940572380831,41273,42581,2038
9822,2026-09-30,Nseraf,t7,720575940557918260,21450,42913,1820
9823,2026-09-30,Nseraf,t7,720575940585322875,23773,42540,1882
9824,2026-09-30,G Trakimas,GluMI,720575940582733421,17614,42579,1497
9825,2026-09-30,KrzysztofKruk,RBC,720575940567484790,27168,42289,1966
9826,2026-09-30,KrzysztofKruk,t7,720575940559351432,37082,42309,1948
9827,2026-09-30,Amy R. Sterling,RBC,720575940567491190,27070,41205,1971
9828,2026-09-30,st0ck53y,RBC,720575940566291465,36404,41260,2032
9829,2026-09-30,Nseraf,t2,720575940564850093,23438,42504,2056
9830,2026-09-30,Nseraf,t7,720575940562451396,33458,42906,2057
9831,2026-09-30,G Trakimas,t1,720575940567448211,35209,42578,2005
9832,2026-09-30,KrzysztofKruk,RBC,720575940566039352,31196,42261,1991
9833,2026-10-01,KrzysztofKruk,t5i,720575940575025343,30196,42786,1936
9834,2026-10-01,KrzysztofKruk,t5o,720575940551563006,35740,43222,2000
9835,2026-10-01,Andrearwen,t3b,720575940579083701,22341,41839,1930
9836,2026-10-01,KrzysztofKruk,RBC,720575940553872946,41967,43182,1960
9837,2026-10-01,Nseraf,t4,720575940568478264,32585,43081,1628
9838,2026-10-01,KrzysztofKruk,t2,720575940566894958,36564,43217,2048
9839,2026-10-01,Nseraf,RBC,720575940559296198,16962,43054,2036
9840,2026-10-01,KrzysztofKruk,t5t,720575940565419757,25385,42826,1850
9841,2026-10-01,Nseraf,RBC,720575940553811199,24973,43011,1981
9842,2026-10-01,KrzysztofKruk,t8,720575940563646366,34552,42719,2030
9843,2026-10-01,KrzysztofKruk,t3b,720575940565964953,32752,43206,1962
9844,2026-10-01,Nseraf,t5o,720575940563645598,27618,43043,1778
9845,2026-10-01,Nseraf,RBC,720575940576385275,38325,43035,2042
9846,2026-10-01,KrzysztofKruk,t5o,720575940578119230,36939,42716,2027
9847,2026-10-01,Andrearwen,RBC,720575940566044984,32057,42620,2041
9848,2026-10-01,G Trakimas,RBC,720575940565119649,29806,42596,1994
9849,2026-10-01,Nseraf,t5t,720575940564291398,23857,43039,2062
9850,2026-10-01,Nseraf,RBC,720575940570489784,43513,43050,2020
9851,2026-10-01,KrzysztofKruk,RBC,720575940574146001,30375,43197,1968
9852,2026-10-01,KrzysztofKruk,t3b,720575940565343019,23629,42831,1914
9853,2026-10-01,KrzysztofKruk,t5o,720575940563393697,22897,42847,2053
9854,2026-10-01,KrzysztofKruk,t1,720575940575025087,30560,42750,2053
9855,2026-10-01,Nseraf,RBC,720575940559289030,14778,43035,2035
9856,2026-10-01,KrzysztofKruk,t4,720575940554825175,40467,42869,2035
9857,2026-10-01,KrzysztofKruk,RBC,720575940577108925,17999,42805,2029
9858,2026-10-01,G Trakimas,t2,720575940568475448,34832,42601,2043
9859,2026-10-01,KrzysztofKruk,RBC,720575940553832151,35570,42878,2016
9860,2026-10-01,KrzysztofKruk,RBC,720575940552631299,12534,42781,2016
9861,2026-10-01,Amy R. Sterling,t3a,720575940553118462,37960,41860,1963
9862,2026-10-01,Nseraf,RBC,720575940564883117,16023,43000,2040
9863,2026-10-01,KrzysztofKruk,t1,720575940570401118,30086,43187,1800
9864,2026-10-01,Andrearwen,RBC,720575940554456023,37658,41883,1987
9865,2026-10-01,KrzysztofKruk,t3a,720575940555554854,34370,43183,1999
9866,2026-10-01,KrzysztofKruk,t2,720575940556783431,36590,42717,1980
9867,2026-10-01,KrzysztofKruk,RBC,720575940571967817,25769,42842,1995
9868,2026-10-01,KrzysztofKruk,t7,720575940559056264,35586,42856,2005
9869,2026-10-01,KrzysztofKruk,t3a,720575940581629181,33144,42831,2048
9870,2026-10-01,KrzysztofKruk,XBC,720575940552289110,40940,42834,1974
9871,2026-10-01,G Trakimas,RBC,720575940566863343,18232,42596,1875
9872,2026-10-01,KrzysztofKruk,RBC,720575940561726263,28570,42775,1998
9873,2026-10-01,Annkri,?,720575940547652759,34123,41841,2002
9874,2026-10-01,G Trakimas,RBC,720575940561502519,26766,42600,2003
9875,2026-10-01,Nseraf,RBC,720575940552288854,14632,43073,1914
9876,2026-10-01,KrzysztofKruk,t5i,720575940572011550,28766,42749,2058
9877,2026-10-01,Nseraf,t6,720575940565455055,37898,43001,2029
9878,2026-10-01,KrzysztofKruk,t7,720575940568058145,37737,43213,2027
9879,2026-10-01,Nseraf,RBC,720575940570169934,37861,42992,2027
9880,2026-10-01,KrzysztofKruk,t2,720575940551554814,35512,42834,2023
9881,2026-10-01,KrzysztofKruk,RBC,720575940565660216,32212,42703,1980
9882,2026-10-01,KrzysztofKruk,?,720575940576160841,20531,43180,2034
9883,2026-10-01,KrzysztofKruk,t4,720575940554823383,39248,42844,2000
9884,2026-10-01,Nseraf,t5i,720575940557231843,39713,43068,1647
9885,2026-10-01,KrzysztofKruk,RBC,720575940581408318,36674,42717,2025
9886,2026-10-01,KrzysztofKruk,RBC,720575940565508965,31132,42701,1276
9887,2026-10-01,KrzysztofKruk,RBC,720575940565455369,41197,42859,2025
9888,2026-10-01,Nseraf,RBC,720575940554667610,16267,43037,2043
9889,2026-10-01,Nseraf,t5o,720575940566865391,25524,43037,2037
9890,2026-10-01,Nseraf,t3b,720575940566868719,30965,43078,2058
9891,2026-10-01,Amy R. Sterling,t3a,720575940574230943,34613,41266,2059
9892,2026-10-01,KrzysztofKruk,RBC,720575940576382459,25212,43187,1961
9893,2026-10-01,KrzysztofKruk,t5i,720575940559295174,24277,42716,1861
9894,2026-10-01,KrzysztofKruk,t5o,720575940554825431,40713,43193,1987
9895,2026-10-01,KrzysztofKruk,t3b,720575940553019134,38327,43211,2001
9896,2026-10-01,KrzysztofKruk,RBC,720575940582087001,36644,42696,2004
9897,2026-10-01,KrzysztofKruk,t3a,720575940582087257,40881,42782,1982
9898,2026-10-01,G Trakimas,t3b,720575940561486481,26206,42597,2055
9899,2026-10-01,KrzysztofKruk,GluMI,720575940570492088,24380,43203,2028
9900,2026-10-01,KrzysztofKruk,t7,720575940559672968,34397,43183,2032
9901,2026-10-01,Amy R. Sterling,t6,720575940547781271,35360,41213,2032
9902,2026-10-01,KrzysztofKruk,t6,720575940562432452,36492,43225,2037
9903,2026-10-01,KrzysztofKruk,t3a,720575940563821244,39110,43226,1632
9904,2026-10-01,KrzysztofKruk,GluMI,720575940547946584,21153,42798,1445
9905,2026-10-01,Nseraf,t8,720575940582084953,35954,43009,2022
9906,2026-10-01,KrzysztofKruk,t1,720575940566867574,28699,42720,1751
9907,2026-10-01,KrzysztofKruk,t5i,720575940563423979,40902,42832,2008
9908,2026-10-01,KrzysztofKruk,t3b,720575940553013502,40458,42900,2036
9909,2026-10-01,G Trakimas,t2,720575940554743511,37409,42609,2011
9910,2026-10-01,KrzysztofKruk,RBC,720575940552960818,43118,43220,1971
9911,2026-10-01,KrzysztofKruk,RBC,720575940571942649,24718,42866,2055
9912,2026-10-01,Nseraf,t3b,720575940557230307,27824,43050,2034
9913,2026-10-01,Nseraf,t6,720575940563421931,42117,43060,2030
9914,2026-10-01,KrzysztofKruk,t1,720575940566869487,24306,43188,2042
9915,2026-10-01,Amy R. Sterling,t1,720575940567077419,21673,41840,1767
9916,2026-10-01,KrzysztofKruk,t5i,720575940563422187,22371,42799,1862
9917,2026-10-01,KrzysztofKruk,t6,720575940550630472,13681,42818,2041
9918,2026-10-01,KrzysztofKruk,t5i,720575940548189324,36706,42812,2057
9919,2026-10-01,KrzysztofKruk,t3b,720575940572438105,33155,43178,2011
9920,2026-10-01,KrzysztofKruk,RBC,720575940569426756,19718,43189,2056
9921,2026-10-01,KrzysztofKruk,GluMI,720575940571898633,29392,43215,1642
9922,2026-10-01,Nseraf,t6,720575940557233123,20752,43088,2058
9923,2026-10-01,Amy R. Sterling,t2,720575940566782773,32408,41256,1974
9924,2026-10-01,KrzysztofKruk,t5t,720575940552706880,22850,42820,2026
9925,2026-10-01,Nseraf,t5i,720575940563425003,21720,43083,1757
9926,2026-10-01,KrzysztofKruk,t5o,720575940570806521,24069,42894,1812
9927,2026-10-01,Nseraf,RBC,720575940582087769,12726,43068,1971
9928,2026-10-01,Andrearwen,t7,720575940571677855,38031,41862,2056
9929,2026-10-01,Nseraf,RBC,720575940580064201,26263,43012,2000
9930,2026-10-01,KrzysztofKruk,t6,720575940579153077,21724,42744,1957
9931,2026-10-01,KrzysztofKruk,RBC,720575940554430167,38669,42811,1979
9932,2026-10-01,KrzysztofKruk,RBC,720575940561677879,27157,42862,2053
9933,2026-10-01,KrzysztofKruk,RBC,720575940574019529,23745,42880,2031
9934,2026-10-01,KrzysztofKruk,RBC,720575940563986790,14199,42795,2012
9935,2026-10-01,KrzysztofKruk,t3b,720575940571898377,36451,43197,2049
9936,2026-10-01,KrzysztofKruk,RBC,720575940572858361,24435,42798,2052
9937,2026-10-01,KrzysztofKruk,t6,720575940563424747,27454,42855,2044
9938,2026-10-01,Nseraf,t5o,720575940566890094,34963,43058,2016
9939,2026-10-01,KrzysztofKruk,RBC,720575940561524791,26886,43187,2057
9940,2026-10-01,KrzysztofKruk,t2,720575940572566084,22227,42804,1759
9941,2026-10-01,Nseraf,t8,720575940570485944,25174,43004,2020
9942,2026-10-01,KrzysztofKruk,t6,720575940574608850,23516,42785,1831
9943,2026-10-01,Nseraf,GluMI,720575940578107578,41312,43087,2032
9944,2026-10-01,KrzysztofKruk,t3b,720575940567309342,42505,43192,2049
9945,2026-10-02,KrzysztofKruk,t5i,720575940567686921,41092,43291,2019
9946,2026-10-02,KrzysztofKruk,RBC,720575940565662264,31557,43248,2047
9947,2026-10-02,Andrearwen,RBC,720575940577303241,31484,42649,2009
9948,2026-10-02,KrzysztofKruk,t2,720575940567309086,43102,43265,1924
9949,2026-10-02,KrzysztofKruk,RBC,720575940570491218,34471,43242,1240
9950,2026-10-02,KrzysztofKruk,RBC,720575940575224265,19305,43249,1929
9951,2026-10-02,KrzysztofKruk,RBC,720575940547584755,26233,43242,2035
9952,2026-10-02,KrzysztofKruk,t5i,720575940553829079,35354,43256,2048
9953,2026-10-02,G Trakimas,RBC,720575940567897633,40084,42627,1987
9954,2026-10-02,KrzysztofKruk,RBC,720575940578190654,34807,43273,2015
9955,2026-10-02,Nseraf,RBC,720575940577111229,29663,43114,1952
9956,2026-10-02,KrzysztofKruk,?,720575940563393953,23056,43279,1838
9957,2026-10-02,KrzysztofKruk,t6,720575940563554471,12899,43242,1985
9958,2026-10-02,KrzysztofKruk,RBC,720575940561738807,24666,43251,2029
9959,2026-10-02,KrzysztofKruk,RBC,720575940568385057,39184,43283,2009
9960,2026-10-02,KrzysztofKruk,t6,720575940552226814,33988,43246,2046
9961,2026-10-02,G Trakimas,t1,720575940559662472,34782,42614,2019
9962,2026-10-02,KrzysztofKruk,RBC,720575940555659774,43191,43288,2056
9963,2026-10-02,G Trakimas,RBC,720575940567897377,39647,42626,2021
9964,2026-10-02,KrzysztofKruk,RBC,720575940573668511,41037,43279,2017
9965,2026-10-02,G Trakimas,t6,720575940575658232,32120,42625,2003
9966,2026-10-02,KrzysztofKruk,t6,720575940579102901,22237,43250,2041
9967,2026-10-02,KrzysztofKruk,RBC,720575940565487567,25607,43265,1988
9968,2026-10-02,KrzysztofKruk,RBC,720575940565861688,30105,43274,2050
9969,2026-10-02,KrzysztofKruk,RBC,720575940551703294,36539,43295,1998
9970,2026-10-02,KrzysztofKruk,t2,720575940565248043,24402,43274,2016
9971,2026-10-02,G Trakimas,RBC,720575940565532129,34598,42623,2027
9972,2026-10-02,G Trakimas,t6,720575940558862943,33432,42626,2040
9973,2026-10-02,KrzysztofKruk,t5t,720575940561498257,16149,43249,2037
9974,2026-10-02,KrzysztofKruk,RBC,720575940573940178,20095,43293,1883
9975,2026-10-02,KrzysztofKruk,RBC,720575940577611561,32125,43272,2059
9976,2026-10-02,G Trakimas,GluMI,720575940565487823,13892,42630,2035
9977,2026-10-02,KrzysztofKruk,RBC,720575940562151876,36417,43298,1982
9978,2026-10-02,G Trakimas,RBC,720575940566895214,24097,42620,2010
9979,2026-10-02,KrzysztofKruk,RBC,720575940567867681,39814,43244,1969
9980,2026-10-02,KrzysztofKruk,t5i,720575940555428146,42061,43247,2024
9981,2026-10-02,G Trakimas,RBC,720575940561536241,31060,42620,2004
9982,2026-10-02,KrzysztofKruk,t5t,720575940547747925,26978,43304,2027
9983,2026-10-02,G Trakimas,RBC,720575940587302678,13964,42626,2039
9984,2026-10-02,Nseraf,t2,720575940548190348,43460,43089,1924
9985,2026-10-02,KrzysztofKruk,t8,720575940575241556,37790,43239,2015
9986,2026-10-02,KrzysztofKruk,RBC,720575940567260534,26605,43277,1978
9987,2026-10-02,KrzysztofKruk,RBC,720575940562627568,13871,43232,1980
9988,2026-10-02,KrzysztofKruk,t7,720575940551050056,12895,43284,1995
9989,2026-10-02,KrzysztofKruk,RBC,720575940554454231,38905,43281,2062
9990,2026-10-02,Nseraf,t6,720575940565054801,30505,43130,1993
9991,2026-10-03,KrzysztofKruk,t6,720575940569879958,14243,43398,1810
9992,2026-10-03,KrzysztofKruk,RBC,720575940574556881,29191,43400,1975
9993,2026-10-03,KrzysztofKruk,RBC,720575940564420535,12736,43407,1989
9994,2026-10-03,Nseraf,t5i,720575940572663186,19619,43133,2035
9995,2026-10-03,Nseraf,t3b,720575940553268192,34183,43145,2032
9996,2026-10-03,Nseraf,t8,720575940568587937,12943,43147,2053
9997,2026-10-03,Nseraf,RBC,720575940561498513,20977,43158,1880
9998,2026-10-03,KrzysztofKruk,t5o,720575940567692809,41075,43323,2025
9999,2026-10-03,KrzysztofKruk,t2,720575940572292788,17498,43371,2055
10000,2026-10-03,Nseraf,RBC,720575940587302934,28440,43140,1959
10001,2026-10-03,KrzysztofKruk,t4,720575940559673736,34783,43311,2002
10002,2026-10-03,KrzysztofKruk,RBC,720575940553856983,35326,43306,2020
10003,2026-10-03,KrzysztofKruk,GluMI,720575940551047752,13388,43375,2009
10004,2026-10-03,KrzysztofKruk,t6,720575940553311230,39674,43342,1998
10005,2026-10-03,G Trakimas,t4,720575940565532385,25932,42661,1806
10006,2026-10-03,G Trakimas,t8,720575940558898063,30609,42637,1654
10007,2026-10-03,KrzysztofKruk,RBC,720575940574555857,29285,43382,1999
10008,2026-10-03,KrzysztofKruk,t3b,720575940565856167,14496,43375,1858
10009,2026-10-03,Nseraf,t6,720575940572663186,43508,43140,1987
10010,2026-10-03,KrzysztofKruk,t3b,720575940580378805,33917,43344,2013
10011,2026-10-03,Nseraf,t3a,720575940558899855,35793,43158,2016
10012,2026-10-03,Nseraf,RBC,720575940557608836,40750,43157,2013
10013,2026-10-03,Nseraf,t3b,720575940561978545,38317,43164,2004
10014,2026-10-03,KrzysztofKruk,t4,720575940570492242,41642,43392,1981
10015,2026-10-03,Nseraf,t3a,720575940569873330,43171,43161,2030
10016,2026-10-03,KrzysztofKruk,XBC,720575940572052959,37101,43318,2046
10017,2026-10-03,Nseraf,RBC,720575940547585267,33177,43155,2040
10018,2026-10-03,KrzysztofKruk,RBC,720575940553262039,34152,43390,2031
10019,2026-10-03,KrzysztofKruk,t7,720575940554525399,38852,43372,1997
10020,2026-10-03,Nseraf,t2,720575940557608324,34758,43149,1998
10021,2026-10-03,a5hm0r,t3b,720575940560761602,13108,41197,2046
10022,2026-10-03,G Trakimas,RBC,720575940572293300,35815,42663,1964
10023,2026-10-03,KrzysztofKruk,t6,720575940553667455,37283,43377,2034
10024,2026-10-03,KrzysztofKruk,t5i,720575940570786164,15652,43337,2059
10025,2026-10-03,KrzysztofKruk,t7,720575940583993299,13287,43399,2048
10026,2026-10-03,KrzysztofKruk,t2,720575940567143713,35376,43318,1983
10027,2026-10-03,Nseraf,GluMI,720575940561535621,13660,43154,1742
10028,2026-10-03,KrzysztofKruk,t5i,720575940581682033,29427,43316,2034
10029,2026-10-03,KrzysztofKruk,GluMI,720575940554512343,39233,43395,2025
10030,2026-10-03,KrzysztofKruk,RBC,720575940572048121,23997,43395,1999
10031,2026-10-03,G Trakimas,t8,720575940572544817,33480,42664,2036
10032,2026-10-03,G Trakimas,t7,720575940551717118,36668,42642,2010
10033,2026-10-03,a5hm0r,t2,720575940565137435,35201,41843,2008
10034,2026-10-03,KrzysztofKruk,t3b,720575940562052080,12873,43338,1982
10035,2026-10-03,Nseraf,t4,720575940561978289,23634,43163,1812
10036,2026-10-03,KrzysztofKruk,t1,720575940566592801,34505,43399,2041
10037,2026-10-03,KrzysztofKruk,RBC,720575940558730658,43659,43380,2038
10038,2026-10-03,G Trakimas,t5t,720575940558863455,12744,42661,2047
10039,2026-10-04,Nseraf,RBC,720575940552712256,36735,43865,1972
10040,2026-10-04,G Trakimas,RBC,720575940561069771,33492,42676,2008
10041,2026-10-04,G Trakimas,t5i,720575940556603868,28181,42667,1972
10042,2026-10-04,Nseraf,t7,720575940564900781,14532,43912,1767
10043,2026-10-04,Nseraf,t1,720575940570235386,40943,43858,2029
10044,2026-10-04,KrzysztofKruk,t5i,720575940575661560,22694,44082,2024
10045,2026-10-04,Annkri,t2,720575940558070074,38029,41874,1935
10046,2026-10-04,Nseraf,t6,720575940570234362,26797,43831,1947
10047,2026-10-04,Nseraf,RBC,720575940553115819,42329,43864,2015
10048,2026-10-04,Nseraf,RBC,720575940570234618,31620,43841,1957
10049,2026-10-04,KrzysztofKruk,t3a,720575940581396030,33622,44100,2058
10050,2026-10-04,Nseraf,t6,720575940577189903,34772,43167,2043
10051,2026-10-04,Nseraf,t2,720575940572295604,32697,43169,2003
10052,2026-10-04,Nseraf,t8,720575940553996305,13313,43866,2053
10053,2026-10-04,Nseraf,t6,720575940571583912,36780,43910,1995
10054,2026-10-04,Nseraf,RBC,720575940549268665,35443,43904,2005
10055,2026-10-04,G Trakimas,RBC,720575940562721959,14159,43731,2058
10056,2026-10-04,Nseraf,RBC,720575940572098369,38834,43869,2045
10057,2026-10-04,Nseraf,t6,720575940553999633,41712,43887,2009
10058,2026-10-04,Nseraf,?,720575940577189647,23513,43166,2037
10059,2026-10-04,Nseraf,RBC,720575940551443515,29906,43177,1939
10060,2026-10-04,Nseraf,t4,720575940552715840,33062,43883,2044
10061,2026-10-04,Nseraf,t2,720575940566757477,20934,43881,1749
10062,2026-10-04,Nseraf,RBC,720575940561538693,26190,43854,2000
10063,2026-10-04,Nseraf,t2,720575940572804812,24937,43171,1851
10064,2026-10-04,KrzysztofKruk,t8,720575940566652534,24818,44098,2008
10065,2026-10-04,Nseraf,RBC,720575940552714560,29410,43875,1969
10066,2026-10-04,Nseraf,t3b,720575940561574890,36738,43882,2037
10067,2026-10-04,Nseraf,RBC,720575940559431010,35763,43175,2007
10068,2026-10-04,Annkri,GluMI,720575940553355863,32420,41205,1837
10069,2026-10-04,Nseraf,t3a,720575940561068747,41736,43850,2059
10070,2026-10-04,Nseraf,t6,720575940552480421,35786,43168,1960
10071,2026-10-04,Nseraf,t6,720575940575661048,38874,43887,2039
10072,2026-10-04,Nseraf,t2,720575940556445577,37774,43897,1969
10073,2026-10-04,KrzysztofKruk,t2,720575940566478956,35204,44094,2054
10074,2026-10-04,KrzysztofKruk,t7,720575940574250497,39146,44103,2059
10075,2026-10-04,Annkri,RBC,720575940565463713,30626,43429,1913
10076,2026-10-04,G Trakimas,RBC,720575940553115563,19617,43732,2003
10077,2026-10-04,Nseraf,t6,720575940549268409,35434,43868,2009
10078,2026-10-04,Nseraf,t3b,720575940582757229,16700,44010,1593
10079,2026-10-04,KrzysztofKruk,t7,720575940556446089,40187,44092,2025
10080,2026-10-04,Nseraf,t1,720575940554000145,14454,43916,1991
10081,2026-10-04,Nseraf,?,720575940572056799,15069,43831,2058
